"BG","HHS1","HHS2","HHS3","HHS4","HHS5","HHS6","HHS7","HHAGE1","HHAGE2","HHAGE3","HHAGE4","HHINC1","HHINC2","HHINC3","HHINC4","HHINC5","HHINC6","HHINC7","HHINC8","HHINC9","HHV0","HHV1","HHV2","HHV3","HHV4","HHV5","HHSF","HHSFA","HHDUP","HHMF4","HHMF9","HHMF19","HHMF49","HHMF50","HHMH","HHRV","MAGE1","MAGE2","MAGE3","MAGE4","MAGE5","MAGE6","MAGE7","MAGE8","MAGE9","MAGE10","MAGE11","MAGE12","FAGE1","FAGE2","FAGE3","FAGE4","FAGE5","FAGE6","FAGE7","FAGE8","FAGE9","FAGE10","FAGE11","FAGE12","HHKID","AGE1","AGE2","AGE3","AGE4","AGE5","AGE6","AGE7","AGE8","AGE9","AGE10","AGE11","AGE12"
530110401011,145,242,45,78,59,11,28,20,90,319,179,40,34,36,36,84,50,132,106,90,47,114,116,189,101,41,409,8,0,0,0,0,0,0,154,37,27,40,107,56,81,124,73,189,154,90,66,11,75,42,67,62,108,108,68,161,126,66,69,27,179,102,82,174,118,189,232,141,350,280,156,135,38
530110401012,89,141,64,76,14,5,36,27,204,85,109,5,5,4,63,144,88,54,40,22,0,32,222,93,44,34,422,0,0,0,0,0,0,0,3,0,67,69,26,19,39,203,77,47,37,80,31,0,154,85,17,3,57,170,38,89,59,73,10,3,144,221,154,43,22,96,373,115,136,96,153,41,3
530110401013,128,106,36,37,99,17,10,0,84,156,193,48,68,3,25,12,18,102,91,66,44,49,158,53,13,116,306,0,0,0,0,7,0,0,120,0,6,72,34,0,41,104,48,57,107,76,2,2,109,69,38,10,74,160,30,83,65,135,46,0,115,115,141,72,10,115,264,78,140,172,211,48,2
530110401014,71,116,16,11,56,11,14,0,88,141,66,8,4,11,7,147,22,85,0,11,2,27,98,128,26,14,243,0,0,0,0,0,0,0,52,0,89,31,5,4,0,67,24,24,68,37,18,0,24,61,26,8,15,53,19,111,54,44,4,2,94,113,92,31,12,15,120,43,135,122,81,22,2
530110401021,7,136,96,41,27,25,59,6,88,177,120,34,0,7,27,65,37,109,48,64,0,0,123,130,106,32,312,0,0,0,0,0,0,0,72,7,109,30,82,32,39,38,38,71,103,43,62,1,58,49,22,16,115,49,42,86,57,53,40,0,134,167,79,104,48,154,87,80,157,160,96,102,1
530110401022,69,164,24,21,0,37,0,0,72,125,118,26,21,0,21,41,55,95,27,29,39,32,154,64,26,0,299,0,0,0,0,0,0,0,16,0,53,0,16,16,0,101,41,10,81,67,12,28,130,17,0,0,13,107,60,41,156,99,12,0,59,183,17,16,16,13,208,101,51,237,166,24,28
530110401023,24,242,70,19,43,47,33,42,162,148,126,29,5,11,64,30,111,126,53,49,10,66,217,92,83,10,424,0,0,0,0,0,0,0,54,0,100,62,98,21,109,64,135,34,111,40,97,0,69,39,60,81,46,63,101,29,116,55,78,0,163,169,101,158,102,155,127,236,63,227,95,175,0
530110402011,121,148,33,49,42,8,182,52,231,141,159,0,12,36,52,44,50,81,113,195,0,52,168,112,226,25,405,8,0,0,0,0,0,0,170,0,196,43,142,23,52,116,53,51,28,67,44,19,39,118,249,21,23,184,49,24,84,78,13,13,244,235,161,391,44,75,300,102,75,112,145,57,32
530110402012,163,146,37,106,78,0,0,89,122,115,204,144,19,19,33,19,66,132,21,77,0,196,95,73,70,96,387,0,0,0,0,0,0,0,114,29,103,89,16,83,89,54,66,80,78,96,76,0,55,16,0,16,82,88,48,63,18,134,38,0,177,158,105,16,99,171,142,114,143,96,230,114,0
530110402013,38,219,57,73,37,5,5,56,48,90,240,16,18,10,123,100,15,53,70,29,0,51,215,103,49,16,241,34,59,9,0,0,0,0,91,0,54,20,45,10,65,60,14,13,52,180,42,0,52,51,6,19,60,63,19,55,58,136,78,4,136,106,71,51,29,125,123,33,68,110,316,120,4
530110402014,50,294,265,72,93,12,33,37,169,445,168,0,31,26,172,70,50,204,113,153,0,140,265,175,182,57,775,9,14,0,0,0,0,0,21,0,41,34,61,94,42,92,110,144,183,99,68,31,29,61,47,73,184,191,140,211,169,89,37,42,227,70,95,108,167,226,283,250,355,352,188,105,73
530110402021,100,290,101,59,30,42,34,2,197,215,242,70,15,35,42,119,133,93,65,84,3,61,253,169,111,59,534,2,0,0,0,0,0,0,111,9,66,58,49,75,76,92,109,89,152,187,52,22,74,90,104,33,45,92,126,121,101,139,52,23,182,140,148,153,108,121,184,235,210,253,326,104,45
530110402022,69,261,106,109,117,64,24,0,212,317,221,18,0,18,63,86,130,145,148,142,0,38,300,312,52,48,524,0,0,0,0,0,0,0,226,0,32,127,118,69,122,81,113,172,126,117,86,0,118,20,171,51,90,105,131,115,160,135,59,0,270,150,147,289,120,212,186,244,287,286,252,145,0
530110402031,152,260,127,134,52,23,12,15,247,403,95,62,21,7,90,55,92,179,115,139,7,122,251,193,138,49,571,0,0,0,0,0,0,0,189,0,47,48,179,37,136,76,123,173,218,36,35,30,37,38,136,76,123,160,177,170,297,13,24,18,242,84,86,315,113,259,236,300,343,515,49,59,48
530110402032,88,178,36,46,32,2,0,14,38,107,223,7,61,9,34,40,72,84,29,46,21,42,121,109,20,69,351,0,0,0,0,0,0,0,31,0,10,0,27,31,31,17,37,53,80,48,59,68,18,42,24,6,30,27,45,35,109,53,91,93,72,28,42,51,37,61,44,82,88,189,101,150,161
530110402033,107,353,52,119,80,15,7,0,159,312,262,0,8,96,55,83,56,309,42,84,107,96,235,110,112,73,548,0,0,0,0,0,0,0,185,0,38,22,93,77,57,74,130,223,120,144,107,39,40,79,102,9,125,61,159,161,78,156,67,40,247,78,101,195,86,182,135,289,384,198,300,174,79
530110403011,54,198,66,78,55,27,0,0,163,192,123,16,25,0,25,64,67,83,88,110,11,50,171,136,49,61,417,0,6,0,0,0,0,0,55,0,50,106,74,34,40,41,123,76,97,66,51,0,14,14,24,0,87,20,145,67,106,45,56,0,124,64,120,98,34,127,61,268,143,203,111,107,0
530110403012,44,63,32,34,26,11,8,0,44,80,94,17,23,9,0,29,18,15,50,57,21,30,101,47,6,13,187,0,0,0,0,0,0,0,31,0,13,52,41,40,30,3,52,62,50,30,16,0,0,20,13,0,11,32,29,22,64,48,18,43,72,13,72,54,40,41,35,81,84,114,78,34,43
530110403031,47,319,219,65,85,11,17,52,432,176,103,38,0,0,52,81,90,344,126,32,0,124,511,96,11,21,446,317,0,0,0,0,0,0,0,0,125,136,39,40,54,320,143,106,100,25,64,0,84,94,172,0,68,392,162,119,31,80,23,0,340,209,230,211,40,122,712,305,225,131,105,87,0
530110403032,136,227,70,61,0,32,0,0,134,252,140,0,16,0,0,82,85,95,113,135,75,38,271,90,36,16,512,0,0,0,0,0,0,0,14,0,36,0,38,42,0,111,76,156,181,39,51,0,21,18,35,38,0,41,137,146,157,81,97,0,97,57,18,73,80,0,152,213,302,338,120,148,0
530110403033,122,187,80,55,56,59,0,10,223,225,101,35,0,0,38,159,69,88,115,55,54,82,250,85,71,17,426,16,0,0,31,0,16,70,0,0,59,118,59,62,16,118,66,76,70,39,0,15,95,53,85,64,76,111,85,104,141,81,18,14,248,154,171,144,126,92,229,151,180,211,120,18,29
530110403041,115,444,130,202,16,99,14,0,378,244,398,58,0,0,93,100,233,242,85,209,0,103,668,176,51,22,973,0,0,0,0,0,0,0,47,0,139,214,71,28,90,57,258,234,40,287,24,0,223,129,109,57,37,73,351,95,127,321,68,22,399,362,343,180,85,127,130,609,329,167,608,92,22
530110403051,151,119,149,37,16,0,0,0,109,242,121,33,0,0,136,68,116,61,21,37,0,122,108,149,93,0,373,0,99,0,0,0,0,0,0,0,61,0,0,0,0,223,29,173,124,54,0,0,19,63,18,30,0,105,0,97,179,0,0,85,128,80,63,18,30,0,328,29,270,303,54,0,85
530110403052,41,180,110,70,115,13,30,0,226,208,125,8,22,28,7,51,62,224,50,107,0,49,315,138,57,0,559,0,0,0,0,0,0,0,0,0,0,88,108,66,87,50,128,59,102,89,20,0,74,107,106,100,25,162,102,50,141,103,7,0,309,74,195,214,166,112,212,230,109,243,192,27,0
530110404031,41,317,238,201,66,0,0,0,132,497,234,30,17,23,32,133,105,239,68,216,0,84,249,317,133,80,750,0,0,0,0,0,0,0,113,0,60,93,132,19,58,46,141,193,303,161,47,10,0,35,141,111,48,56,97,388,183,165,28,0,307,60,128,273,130,106,102,238,581,486,326,75,10
530110404032,186,132,40,122,62,29,0,49,163,225,134,33,8,40,17,84,42,195,51,101,4,158,133,78,96,102,510,19,0,0,0,0,0,0,42,0,175,40,53,27,195,20,188,86,112,92,17,23,22,47,3,22,20,62,136,84,135,55,8,65,196,197,87,56,49,215,82,324,170,247,147,25,88
530110404071,193,187,131,109,29,9,153,20,322,303,166,51,47,41,79,74,140,242,90,47,0,178,326,173,100,34,552,42,0,0,19,0,15,10,173,0,95,124,82,112,242,91,159,58,129,74,31,0,123,74,102,73,75,85,196,59,90,107,7,7,368,218,198,184,185,317,176,355,117,219,181,38,7
530110404072,5,121,141,161,0,0,22,27,284,99,40,0,0,17,22,71,180,45,74,41,0,95,275,72,8,0,238,20,34,145,0,13,0,0,0,0,55,22,29,26,41,23,220,67,39,2,5,0,5,135,121,40,23,130,111,34,30,37,0,0,315,60,157,150,66,64,153,331,101,69,39,5,0
530110404073,140,139,44,42,92,83,0,25,132,259,124,56,0,0,85,77,90,119,51,62,71,26,205,24,214,0,453,22,0,0,0,0,0,65,0,0,36,40,27,20,130,107,119,91,82,25,54,0,90,55,70,147,87,12,94,166,25,22,27,18,214,126,95,97,167,217,119,213,257,107,47,81,18
530110404074,183,189,62,12,0,0,0,76,136,127,107,0,0,26,49,90,19,169,76,17,107,212,85,33,9,0,155,54,0,10,44,26,7,150,0,0,0,0,0,9,203,149,0,30,78,36,0,14,16,0,0,5,64,122,33,63,51,36,23,64,25,16,0,0,14,267,271,33,93,129,72,23,78
530110404081,49,70,6,102,31,10,0,0,95,84,89,9,0,9,16,45,32,30,81,46,12,18,76,57,63,42,254,5,0,0,0,0,0,0,9,0,0,10,27,32,35,8,56,92,29,55,39,0,0,52,51,22,44,42,46,33,61,34,27,10,113,0,62,78,54,79,50,102,125,90,89,66,10
530110404082,73,368,83,62,11,30,14,11,90,290,250,0,9,51,0,123,47,174,130,107,9,34,277,211,81,29,624,0,0,0,0,0,0,0,17,0,74,32,35,48,83,76,40,101,163,250,77,24,26,44,37,48,32,53,50,111,229,221,30,20,125,100,76,72,96,115,129,90,212,392,471,107,44
530110404083,47,176,46,71,22,10,0,0,39,197,136,22,8,14,11,27,55,105,21,109,0,83,125,80,68,16,316,10,8,0,0,0,0,0,38,0,0,27,21,24,58,30,52,104,133,71,43,0,11,0,39,42,89,25,36,111,134,77,33,0,68,11,27,60,66,147,55,88,215,267,148,76,0
530110404091,82,320,82,56,30,15,17,0,164,194,244,5,5,33,33,52,120,142,82,130,6,116,269,133,70,8,491,103,8,0,0,0,0,0,0,0,49,32,40,35,8,88,102,89,91,119,62,23,32,36,107,14,22,104,105,53,120,146,74,32,154,81,68,147,49,30,192,207,142,211,265,136,55
530110404092,6,96,27,14,43,27,0,0,47,94,72,0,11,9,0,21,25,58,39,50,0,33,67,55,40,18,204,9,0,0,0,0,0,0,0,0,8,29,12,20,21,46,33,36,50,52,13,10,25,18,16,0,7,21,55,28,52,29,13,3,85,33,47,28,20,28,67,88,64,102,81,26,13
530110404111,284,174,69,114,75,8,0,37,204,308,175,8,27,65,66,107,88,220,64,79,84,235,300,70,35,0,136,100,14,50,104,63,17,240,0,0,108,50,34,27,80,113,57,173,41,15,59,20,14,7,74,46,94,79,111,122,50,56,35,38,173,122,57,108,73,174,192,168,295,91,71,94,58
530110404112,127,145,7,0,5,0,0,0,30,120,134,9,35,18,28,24,33,88,9,40,9,143,60,57,15,0,118,49,0,7,36,0,0,66,0,8,10,5,0,8,0,25,22,69,31,16,45,23,0,0,11,18,0,9,43,32,59,70,57,0,34,10,5,11,26,0,34,65,101,90,86,102,23
530110404121,229,315,219,186,40,19,0,33,412,461,102,28,21,14,97,123,255,219,102,149,5,315,523,81,66,18,713,106,0,22,39,93,19,16,0,0,140,108,100,0,193,206,249,281,88,61,15,0,48,116,133,103,33,136,203,212,129,107,28,40,359,188,224,233,103,226,342,452,493,217,168,43,40
530110404122,236,525,278,163,31,0,35,23,294,501,450,50,0,73,146,179,167,284,65,304,0,439,574,179,19,57,835,305,0,45,14,6,0,51,12,0,197,164,15,79,172,194,85,278,136,152,131,29,95,141,14,34,99,157,165,235,196,193,192,21,389,292,305,29,113,271,351,250,513,332,345,323,50
530110404131,77,250,124,95,71,32,0,13,192,271,173,36,35,39,35,53,121,178,75,77,51,39,270,166,72,51,580,28,0,0,0,0,0,28,13,0,22,118,74,55,126,146,114,146,129,104,27,27,69,23,35,55,64,176,71,156,120,96,72,34,218,91,141,109,110,190,322,185,302,249,200,99,61
530110404132,159,177,55,26,21,3,30,33,199,159,80,14,43,38,61,102,94,83,31,5,25,229,142,35,11,29,162,32,0,24,28,124,45,56,0,0,25,33,43,59,101,116,57,69,47,12,19,0,35,19,27,55,85,80,112,90,43,45,16,14,152,60,52,70,114,186,196,169,159,90,57,35,14
530110404141,19,101,11,147,13,23,0,0,70,127,117,23,0,0,23,20,32,62,18,136,13,19,69,100,73,40,279,0,0,0,0,0,0,0,35,0,0,0,70,43,86,0,57,106,42,65,22,12,0,0,27,19,114,0,86,102,18,68,35,0,97,0,0,97,62,200,0,143,208,60,133,57,12
530110404142,149,302,148,74,125,0,81,0,445,238,196,14,9,54,17,162,198,225,143,57,14,202,328,288,29,18,782,0,0,13,0,38,33,13,0,0,162,157,88,24,95,201,126,172,120,86,66,0,117,168,73,37,36,207,262,170,107,87,118,3,316,279,325,161,61,131,408,388,342,227,173,184,3
530110404143,105,109,78,181,0,0,9,52,107,251,72,68,17,0,10,145,24,69,101,48,0,98,217,131,27,9,406,51,0,25,0,0,0,0,0,0,61,14,23,32,148,35,71,155,104,38,22,0,37,71,0,112,170,92,107,166,81,42,67,0,239,98,85,23,144,318,127,178,321,185,80,89,0
530110404144,0,101,87,125,0,88,13,19,229,109,57,0,0,13,24,46,70,158,71,32,0,8,191,168,0,47,414,0,0,0,0,0,0,0,0,0,161,46,11,21,49,44,166,91,42,34,15,0,102,58,80,28,61,171,87,35,51,39,9,0,283,263,104,91,49,110,215,253,126,93,73,24,0
530110404151,162,395,110,108,46,0,0,73,241,197,310,58,52,96,62,221,65,138,118,11,15,184,350,214,51,7,604,17,25,84,12,9,64,0,6,0,63,0,65,13,128,206,117,156,49,117,101,11,55,74,19,34,144,190,273,48,96,205,72,0,175,118,74,84,47,272,396,390,204,145,322,173,11
530110404152,75,322,100,106,53,107,0,9,250,245,259,42,8,15,31,217,130,187,125,8,0,137,262,236,82,46,740,0,23,0,0,0,0,0,0,0,104,129,41,89,94,195,199,66,105,157,66,30,63,17,76,47,103,72,182,136,162,127,69,26,252,167,146,117,136,197,267,381,202,267,284,135,56
530110404161,0,177,53,54,17,34,45,0,156,131,93,0,0,15,10,29,40,137,75,74,0,11,139,172,49,9,344,0,0,0,0,0,0,0,36,0,11,32,78,15,26,60,91,71,43,40,32,7,106,41,70,59,30,82,65,65,64,54,16,11,182,117,73,148,74,56,142,156,136,107,94,48,18
530110404162,63,153,59,101,11,0,0,0,50,187,150,0,29,20,20,7,89,52,68,102,0,105,74,144,64,0,332,0,0,0,0,0,0,0,55,0,16,0,22,53,38,2,84,76,108,105,36,0,11,7,46,25,34,24,65,116,117,82,57,0,94,27,7,68,78,72,26,149,192,225,187,93,0
530110404163,56,223,82,41,47,6,0,0,80,201,174,6,30,6,20,11,97,156,91,38,0,77,157,174,30,17,434,0,0,0,0,0,0,0,21,0,18,12,70,23,36,31,92,44,185,31,84,26,6,47,38,12,32,13,140,45,141,119,54,0,108,24,59,108,35,68,44,232,89,326,150,138,26
530110405041,51,304,158,90,69,36,3,0,152,356,203,0,36,0,17,162,90,164,119,123,0,32,183,361,57,78,711,0,0,0,0,0,0,0,0,0,41,34,58,16,61,252,183,239,124,168,81,0,61,34,45,20,130,76,82,176,220,133,18,0,217,102,68,103,36,191,328,265,415,344,301,99,0
530110405042,84,165,61,123,100,18,4,22,60,347,126,17,12,0,25,127,104,139,59,72,12,115,136,177,95,20,500,0,0,0,0,0,0,0,55,0,65,25,102,20,41,50,61,107,193,21,54,0,72,75,54,72,41,101,136,116,169,97,12,0,239,137,100,156,92,82,151,197,223,362,118,66,0
530110405043,72,116,48,36,41,0,5,0,61,138,119,9,0,27,0,36,61,68,62,55,0,17,167,90,14,30,312,0,6,0,0,0,0,0,0,0,66,41,44,29,23,33,64,71,87,67,63,0,38,23,10,0,11,43,40,89,55,110,24,0,110,104,64,54,29,34,76,104,160,142,177,87,0
530110405051,76,269,103,154,12,61,8,17,181,226,259,13,9,38,49,25,93,241,78,137,34,88,123,308,72,58,653,11,0,0,0,0,0,0,19,0,26,35,124,94,72,55,111,75,144,197,77,13,77,78,108,0,89,148,112,92,102,188,60,3,266,103,113,232,94,161,203,223,167,246,385,137,16
530110405052,113,362,52,23,40,0,67,0,69,341,247,36,0,8,0,147,109,104,57,196,7,35,287,216,69,43,641,8,0,8,0,0,0,0,0,0,85,21,96,10,0,9,83,106,231,265,20,0,0,98,108,73,84,58,82,119,245,181,52,0,138,85,119,204,83,84,67,165,225,476,446,72,0
530110405053,119,247,52,86,128,0,23,0,153,269,233,27,0,19,35,58,101,102,150,163,36,43,147,262,91,76,655,0,0,0,0,0,0,0,0,0,86,76,63,45,77,175,162,167,162,136,24,18,43,24,18,16,97,114,83,148,128,143,63,26,171,129,100,81,61,174,289,245,315,290,279,87,44
530110405071,153,191,38,55,0,0,4,9,64,183,185,29,0,24,54,101,73,107,19,34,1,144,180,35,72,9,131,40,76,0,31,34,13,85,31,0,19,0,6,19,64,48,39,122,85,206,6,1,26,0,58,0,38,27,25,74,116,75,12,4,76,45,0,64,19,102,75,64,196,201,281,18,5
530110405072,85,168,51,64,14,26,75,0,222,134,127,40,32,44,76,130,98,28,21,14,13,153,122,67,43,85,274,9,35,6,5,0,5,0,149,0,41,35,56,30,28,62,42,73,51,29,36,0,31,54,55,185,102,89,125,77,62,68,30,4,209,72,89,111,215,130,151,167,150,113,97,66,4
530110405091,136,317,86,36,88,9,0,62,265,207,138,41,79,16,96,105,63,199,53,20,8,200,129,277,37,21,453,62,87,14,0,33,0,0,23,0,49,121,48,55,112,158,113,147,109,94,6,7,12,52,7,14,64,187,87,64,117,63,27,7,230,61,173,55,69,176,345,200,211,226,157,33,14
530110405092,189,124,160,56,34,0,68,0,245,189,197,70,34,18,40,93,165,169,28,14,54,181,139,96,24,137,463,37,8,40,8,6,33,9,0,27,21,32,46,15,33,199,168,43,122,72,0,10,20,22,65,0,35,186,81,81,24,126,6,91,153,41,54,111,15,68,385,249,124,146,198,6,101
530110405101,36,302,46,12,48,18,26,0,82,240,166,0,55,16,11,36,25,179,71,95,14,15,226,162,40,31,416,0,0,0,0,0,0,0,72,0,83,19,46,19,31,78,28,69,156,134,12,15,56,55,26,38,51,119,0,85,135,108,21,0,104,139,74,72,57,82,197,28,154,291,242,33,15
530110405102,27,296,122,48,43,45,0,0,159,246,176,0,8,0,71,13,66,81,90,252,10,27,248,110,127,59,514,49,0,0,0,0,0,0,18,0,9,16,15,74,56,143,83,85,153,132,43,0,42,39,24,27,57,181,45,147,182,68,13,0,134,51,55,39,101,113,324,128,232,335,200,56,0
530110405103,66,169,90,38,27,28,0,0,57,268,93,25,19,16,19,0,41,61,135,102,13,72,193,50,63,27,418,0,0,0,0,0,0,0,0,0,0,33,0,33,25,19,105,169,94,114,25,0,60,41,0,0,51,17,46,166,44,98,33,0,82,60,74,0,33,76,36,151,335,138,212,58,0
530110405104,219,333,128,49,71,23,0,0,250,283,290,46,79,54,39,88,185,60,63,209,8,274,283,209,49,0,693,55,25,0,0,0,0,33,17,0,85,111,61,15,22,90,87,117,215,107,29,0,38,156,46,0,13,110,175,114,176,115,175,17,196,123,267,107,15,35,200,262,231,391,222,204,17
530110405111,46,153,111,79,13,9,4,0,96,219,100,39,0,14,3,42,37,60,42,178,21,33,161,134,61,5,399,0,0,0,0,0,0,0,16,0,24,26,56,28,60,67,111,86,162,83,23,0,26,27,69,18,84,42,79,71,139,51,32,0,111,50,53,125,46,144,109,190,157,301,134,55,0
530110405112,17,236,46,47,45,0,36,9,85,244,89,7,0,40,25,74,13,115,69,84,0,17,113,163,46,88,322,0,0,0,0,0,0,0,105,0,15,7,30,0,27,100,56,108,158,44,20,0,6,11,60,23,53,158,43,125,101,33,31,1,106,21,18,90,23,80,258,99,233,259,77,51,1
530110405121,89,332,156,230,23,18,0,0,303,402,143,42,35,45,0,73,141,239,103,170,45,84,363,250,29,77,808,40,0,0,0,0,0,0,0,0,68,114,74,74,0,42,214,215,181,123,22,0,48,78,127,60,88,142,206,250,126,88,56,44,391,116,192,201,134,88,184,420,465,307,211,78,44
530110405131,179,268,76,220,131,0,0,63,312,167,332,0,21,124,46,180,167,239,41,56,0,152,413,264,45,0,741,46,57,30,0,0,0,0,0,0,92,215,105,11,118,58,285,93,54,164,44,0,133,37,94,13,62,119,181,92,82,221,69,25,329,225,252,199,24,180,177,466,185,136,385,113,25
530110405132,76,376,193,70,55,54,14,0,141,492,205,24,8,13,15,10,63,279,157,269,15,68,335,295,71,54,838,0,0,0,0,0,0,0,0,0,11,71,76,26,151,123,150,300,141,73,54,1,52,0,81,80,138,149,117,250,129,136,17,27,277,63,71,157,106,289,272,267,550,270,209,71,28
530110406031,139,83,24,37,11,11,34,0,38,186,115,10,9,55,7,68,5,107,13,65,55,59,55,88,75,7,274,7,28,0,0,0,0,0,30,0,19,58,30,6,103,26,16,125,34,34,14,9,33,34,73,61,18,38,62,63,87,58,45,62,102,52,92,103,67,121,64,78,188,121,92,59,71
530110406032,66,192,30,70,14,29,0,0,108,173,120,19,12,10,10,37,66,49,115,83,7,11,145,175,43,20,329,0,0,0,0,0,0,0,72,0,8,91,48,39,15,29,98,12,171,108,7,0,0,15,24,0,0,40,147,57,124,108,30,16,85,8,106,72,39,15,69,245,69,295,216,37,16
530110406033,29,245,73,52,50,10,11,0,69,255,146,11,7,23,28,36,44,95,44,182,0,7,116,186,134,27,429,0,0,0,0,0,0,0,41,0,0,20,62,36,72,13,57,138,100,115,54,0,8,22,64,30,69,37,46,140,111,80,27,0,138,8,42,126,66,141,50,103,278,211,195,81,0
530110406034,61,134,102,122,33,0,11,0,146,209,108,11,7,12,33,0,30,133,115,122,8,43,116,151,56,89,404,12,0,0,0,0,0,0,47,0,0,16,35,33,79,90,106,99,168,51,22,0,19,59,21,100,55,23,107,188,50,61,16,0,222,19,75,56,133,134,113,213,287,218,112,38,0
530110406041,45,286,248,82,84,18,20,36,329,295,123,0,0,42,58,75,143,395,40,30,0,110,341,250,53,29,732,24,0,0,0,0,0,0,27,0,41,104,111,94,119,135,191,87,173,101,64,0,31,107,43,63,91,204,267,153,180,68,48,11,335,72,211,154,157,210,339,458,240,353,169,112,11
530110406042,105,274,184,172,97,113,15,0,386,419,155,14,0,12,0,96,99,348,97,294,0,136,366,231,169,58,941,8,0,0,0,0,0,0,11,0,86,148,147,55,170,179,294,250,102,128,49,27,128,83,136,48,46,178,225,297,104,85,62,15,404,214,231,283,103,216,357,519,547,206,213,111,42
530110406043,52,147,163,128,27,16,0,0,170,272,91,13,20,56,15,37,152,48,112,80,20,80,135,99,87,112,442,0,0,0,0,0,0,0,91,0,87,29,29,9,55,147,61,82,190,67,22,0,16,34,21,22,123,148,63,124,112,62,21,0,189,103,63,50,31,178,295,124,206,302,129,43,0
530110406051,16,215,86,51,0,11,5,0,51,164,169,6,16,0,48,61,86,61,53,53,16,29,106,148,41,44,310,32,0,0,0,0,0,0,42,0,33,0,47,16,68,87,21,67,138,56,51,35,0,32,5,0,21,51,31,65,142,73,43,53,70,33,32,52,16,89,138,52,132,280,129,94,88
530110406052,39,116,13,103,20,0,0,0,52,170,69,0,26,0,36,82,26,49,38,34,0,70,56,44,101,20,238,0,0,0,0,0,0,0,53,0,0,0,151,15,0,7,43,14,84,77,0,0,6,77,71,17,0,38,17,125,49,47,11,0,122,6,77,222,32,0,45,60,139,133,124,11,0
530110406053,151,319,95,167,50,23,0,0,427,247,131,0,10,12,88,257,85,91,90,172,25,157,357,210,56,0,434,29,0,215,82,35,0,10,0,0,72,58,156,20,74,275,106,224,93,51,61,0,39,71,92,47,21,308,145,105,124,42,6,49,279,111,129,248,67,95,583,251,329,217,93,67,49
530110406054,173,213,218,163,78,39,0,0,398,328,158,43,7,31,29,110,35,161,163,305,20,200,488,169,0,7,833,0,0,0,0,0,0,0,51,0,106,188,100,42,19,137,295,208,115,65,25,0,113,157,124,76,16,171,365,186,98,142,67,0,440,219,345,224,118,35,308,660,394,213,207,92,0
530110406081,167,318,141,104,32,26,8,31,225,366,174,16,34,44,37,152,102,111,83,217,22,205,410,145,14,0,433,69,51,0,46,28,49,120,0,0,83,49,66,70,43,66,132,131,159,166,38,0,29,37,151,22,36,62,140,220,118,103,49,7,282,112,86,217,92,79,128,272,351,277,269,87,7
530110406082,45,137,158,137,11,14,0,0,140,281,81,19,0,0,17,9,33,190,56,178,29,48,222,153,41,9,448,54,0,0,0,0,0,0,0,0,12,65,65,54,63,53,77,160,118,51,29,10,74,39,88,93,11,63,129,190,77,46,0,10,281,86,104,153,147,74,116,206,350,195,97,29,20
530110406083,90,88,70,128,26,18,43,10,136,242,75,21,11,11,95,18,18,90,66,133,6,65,218,73,48,53,421,0,0,0,0,0,0,0,42,0,23,48,112,64,134,27,100,136,100,56,10,0,24,55,32,67,55,73,92,122,53,89,0,0,249,47,103,144,131,189,100,192,258,153,145,10,0
530110406091,15,152,154,163,94,89,0,0,222,385,60,0,0,0,12,17,28,113,157,340,0,45,321,256,19,26,667,0,0,0,0,0,0,0,0,0,51,184,142,201,72,78,129,269,127,31,18,0,60,76,146,81,30,43,171,207,107,36,27,0,464,111,260,288,282,102,121,300,476,234,67,45,0
530110406092,67,278,157,375,59,0,6,0,294,436,212,69,16,25,21,44,109,182,140,336,13,98,512,224,45,50,899,31,0,0,0,12,0,0,0,0,34,70,193,132,93,26,243,269,200,164,7,11,30,117,109,119,95,62,358,218,120,209,9,34,467,64,187,302,251,188,88,601,487,320,373,16,45
530110406101,78,231,64,329,8,72,0,0,226,424,132,0,10,14,13,22,109,117,183,314,8,78,355,193,118,30,751,0,0,0,0,8,0,0,23,0,33,198,145,63,82,53,206,213,218,47,38,10,29,75,172,108,107,75,174,262,132,63,53,1,411,62,273,317,171,189,128,380,475,350,110,91,11
530110406102,84,119,119,92,60,0,1,0,145,242,88,23,4,0,12,20,24,88,120,184,0,109,284,44,37,1,452,23,0,0,0,0,0,0,0,0,39,73,104,61,24,76,67,146,110,74,0,0,16,56,50,29,82,100,88,204,43,52,9,5,228,55,129,154,90,106,176,155,350,153,126,9,5
530110407031,195,86,119,128,144,0,91,0,386,190,187,16,19,16,111,146,136,99,143,77,0,134,287,214,72,56,671,0,0,0,0,57,0,0,35,0,128,54,101,74,125,110,234,107,126,65,66,0,0,76,155,74,98,141,314,51,116,50,17,13,415,128,130,256,148,223,251,548,158,242,115,83,13
530110407032,38,388,170,28,20,37,8,20,269,275,125,0,0,16,111,57,140,128,229,8,0,163,166,132,216,12,689,0,0,0,0,0,0,0,0,0,28,13,0,67,76,364,281,163,98,137,42,2,0,29,53,0,87,52,137,224,170,141,25,5,112,28,42,53,67,163,416,418,387,268,278,67,7
530110407033,67,91,248,0,0,27,0,38,152,177,66,0,27,0,67,196,48,68,27,0,49,109,207,42,0,26,291,57,11,35,0,0,0,0,39,0,25,26,0,0,0,92,38,80,123,29,26,0,26,130,59,0,72,139,93,160,0,67,0,0,232,51,156,59,0,72,231,131,240,123,96,26,0
530110407034,68,109,29,137,24,0,27,0,162,192,40,39,0,62,37,57,69,103,13,14,26,132,134,102,0,0,315,0,0,0,0,0,0,0,79,0,18,0,110,40,40,54,84,37,6,83,2,2,101,33,22,16,9,117,83,95,45,29,47,15,201,119,33,132,56,49,171,167,132,51,112,49,17
530110407061,289,268,108,128,14,22,56,30,366,246,243,40,75,47,84,317,148,100,48,26,42,430,193,165,11,44,353,10,12,19,249,19,0,90,126,7,57,61,77,49,118,114,292,136,102,141,26,13,14,114,88,75,130,148,145,97,145,58,71,63,216,71,175,165,124,248,262,437,233,247,199,97,76
530110407062,178,249,24,61,74,0,0,0,310,169,107,89,25,54,70,85,65,124,34,40,0,304,179,77,21,5,431,10,70,27,0,0,0,42,6,0,44,86,44,0,39,258,149,93,77,41,8,37,61,22,114,57,51,86,177,133,36,84,9,0,245,105,108,158,57,90,344,326,226,113,125,17,37
530110407071,24,119,101,37,54,7,0,29,103,149,61,0,0,28,13,105,125,48,23,0,0,38,59,157,57,31,329,0,0,0,0,0,0,0,13,0,30,48,54,0,146,74,20,57,86,22,13,40,24,11,8,21,42,83,48,41,91,37,0,0,120,54,59,62,21,188,157,68,98,177,59,13,40
530110407072,32,98,70,19,17,33,63,0,150,128,54,20,0,0,40,85,42,135,10,0,0,24,175,104,10,19,304,0,0,0,0,0,0,0,28,0,13,7,77,48,32,85,53,77,35,25,16,0,33,44,69,31,111,27,70,76,20,34,0,0,143,46,51,146,79,143,112,123,153,55,59,16,0
530110407073,51,191,57,72,43,18,2,0,170,156,108,0,0,23,47,65,91,56,121,31,22,41,251,82,38,0,422,0,0,0,0,0,0,0,12,0,57,55,72,23,18,30,195,57,109,58,35,21,30,111,43,18,3,107,68,61,77,53,17,0,166,87,166,115,41,21,137,263,118,186,111,52,21
530110407091,52,113,42,85,43,9,29,0,146,115,112,10,7,6,18,68,32,105,66,61,0,49,129,113,47,35,347,0,0,0,0,0,0,0,26,0,40,39,9,7,64,36,103,70,45,42,20,0,73,38,16,7,88,91,55,62,58,62,29,7,110,113,77,25,14,152,127,158,132,103,104,49,7
530110407092,104,243,52,106,72,0,11,13,156,268,151,20,37,14,10,61,47,205,38,156,0,125,320,94,28,21,588,0,0,0,0,0,0,0,0,0,26,67,66,42,80,132,91,196,145,72,66,23,81,90,50,21,31,150,77,142,129,66,19,30,171,107,157,116,63,111,282,168,338,274,138,85,53
530110407093,179,235,206,178,44,44,55,37,301,477,126,0,33,26,58,86,272,229,135,102,0,246,430,159,106,0,655,105,0,55,96,10,0,20,0,0,68,73,92,118,339,191,157,243,101,92,31,0,103,82,128,82,87,170,163,246,160,137,9,0,362,171,155,220,200,426,361,320,489,261,229,40,0
530110407111,86,58,62,163,42,26,0,54,248,122,13,46,21,77,20,131,0,126,0,16,17,143,160,65,44,8,149,0,0,48,60,14,0,166,0,0,95,85,35,0,41,96,89,48,50,0,0,10,60,161,55,10,63,107,93,20,45,24,0,0,268,155,246,90,10,104,203,182,68,95,24,0,10
530110407112,52,272,109,91,38,30,9,12,185,297,107,9,67,8,47,55,91,150,161,13,29,93,309,118,30,22,565,8,0,14,0,0,0,14,0,0,10,34,103,40,156,141,177,134,209,101,0,0,34,60,56,28,104,114,94,153,102,81,32,3,150,44,94,159,68,260,255,271,287,311,182,32,3
530110407121,91,244,103,39,81,9,10,0,241,226,110,10,28,112,0,35,117,173,79,23,15,64,206,236,47,9,511,66,0,0,0,0,0,0,0,0,12,93,128,11,56,48,162,111,178,58,70,13,20,16,12,38,138,37,168,114,144,22,44,0,134,32,109,140,49,194,85,330,225,322,80,114,13
530110407122,58,149,120,18,29,0,0,0,85,195,94,22,0,18,100,33,90,28,42,41,22,40,166,56,68,22,374,0,0,0,0,0,0,0,0,0,14,9,15,0,37,61,48,154,122,38,59,23,21,40,35,80,10,80,75,15,145,74,23,14,144,35,49,50,80,47,141,123,169,267,112,82,37
530110407123,33,32,99,50,139,15,0,12,246,102,8,0,0,0,110,24,0,147,75,12,0,44,60,223,20,21,368,0,0,0,0,0,0,0,0,0,34,138,47,32,47,132,124,66,0,17,0,0,11,196,18,17,9,69,120,52,21,6,0,0,239,45,334,65,49,56,201,244,118,21,23,0,0
530110407124,116,365,76,161,77,0,50,6,352,362,125,0,0,44,29,69,162,242,108,191,42,122,422,203,41,15,845,0,0,0,0,0,0,0,0,0,87,132,126,17,58,134,296,186,117,89,0,0,50,154,165,56,39,203,252,207,160,153,0,30,352,137,286,291,73,97,337,548,393,277,242,0,30
530110407131,98,175,28,36,102,16,0,0,84,239,132,0,12,27,6,37,21,100,48,204,0,114,133,93,89,26,438,17,0,0,0,0,0,0,0,0,9,44,65,196,10,59,45,181,85,108,10,0,37,0,17,0,0,58,44,169,51,92,5,0,118,46,44,82,196,10,117,89,350,136,200,15,0
530110407132,99,83,53,64,90,17,0,23,151,145,87,21,0,0,126,36,51,52,79,41,12,72,215,88,19,0,406,0,0,0,0,0,0,0,0,0,35,89,0,20,173,60,106,52,30,42,26,0,72,117,39,26,24,122,64,73,81,60,0,0,177,107,206,39,46,197,182,170,125,111,102,26,0
530110407133,26,212,119,155,120,23,0,34,266,253,102,12,0,0,12,200,121,190,97,23,0,74,324,216,16,25,655,0,0,0,0,0,0,0,0,0,78,121,30,37,45,99,135,167,145,94,20,0,157,22,62,0,102,127,194,127,59,72,51,2,383,235,143,92,37,147,226,329,294,204,166,71,2
530110407141,119,267,71,69,59,0,0,42,254,139,150,30,35,50,63,96,89,105,106,11,42,161,189,167,0,26,357,0,0,0,20,65,32,79,32,0,19,169,94,38,67,206,93,54,100,154,0,0,18,17,50,18,120,150,80,72,107,11,24,10,218,37,186,144,56,187,356,173,126,207,165,24,10
530110407142,160,344,503,115,52,9,0,152,642,267,122,105,61,79,24,345,191,271,44,63,29,561,422,171,0,0,155,86,42,80,155,374,94,197,0,0,132,326,100,0,191,250,170,140,115,0,0,10,220,57,62,64,200,377,267,87,87,101,25,0,661,352,383,162,64,391,627,437,227,202,101,25,10
530110407151,222,266,54,0,32,23,28,0,112,240,273,44,30,21,44,47,85,208,47,99,0,119,176,217,73,40,514,0,0,0,0,0,0,0,111,0,21,64,0,52,56,66,68,132,109,259,13,0,57,67,40,17,77,52,142,115,193,199,9,0,104,78,131,40,69,133,118,210,247,302,458,22,0
530110407152,25,142,93,43,13,7,0,14,60,153,96,0,11,0,18,79,75,99,37,4,11,44,64,127,37,40,258,0,0,0,0,29,0,0,36,0,0,35,17,41,0,55,55,33,171,22,28,10,29,30,30,6,56,21,67,5,100,23,78,49,95,29,65,47,47,56,76,122,38,271,45,106,59
530110408031,262,155,145,158,54,24,0,72,241,295,190,83,0,76,184,103,97,139,50,66,156,226,132,187,63,34,544,0,0,55,105,22,55,0,17,0,15,83,89,51,131,134,115,236,138,93,28,0,88,57,98,43,84,110,144,182,87,57,79,10,264,103,140,187,94,215,244,259,418,225,150,107,10
530110408032,64,295,81,34,14,0,29,0,168,147,202,9,12,5,20,105,115,103,56,92,0,88,218,178,0,33,517,0,0,0,0,0,0,0,0,0,41,62,119,34,49,19,71,117,32,143,25,8,15,43,36,9,19,42,128,97,101,137,33,0,126,56,105,155,43,68,61,199,214,133,280,58,8
530110408033,155,104,52,8,36,21,20,0,135,144,117,26,0,0,40,16,55,161,34,64,0,135,154,90,7,10,387,9,0,0,0,0,0,0,0,0,56,66,69,14,70,23,107,63,50,80,43,0,26,0,31,18,8,21,102,109,40,69,29,0,110,82,66,100,32,78,44,209,172,90,149,72,0
530110408034,0,155,24,136,12,0,0,0,130,117,80,14,12,12,37,83,40,102,27,0,0,12,243,50,22,0,273,14,0,0,0,0,0,0,40,0,68,16,12,0,22,37,70,29,32,66,36,10,105,26,13,8,13,41,98,37,86,40,31,4,145,173,42,25,8,35,78,168,66,118,106,67,14
530110408061,224,205,154,64,7,17,34,0,249,319,137,42,16,32,64,45,72,193,153,88,35,93,267,205,78,27,690,15,0,0,0,0,0,0,0,0,24,20,98,69,54,198,113,166,160,90,21,7,68,23,59,27,163,119,99,189,164,72,32,42,211,92,43,157,96,217,317,212,355,324,162,53,49
530110408062,46,158,61,52,27,0,0,0,102,99,143,0,30,19,10,72,46,130,23,14,0,38,143,98,13,52,344,0,0,0,0,0,0,0,0,0,12,7,44,0,59,99,64,28,65,91,39,0,0,29,0,64,22,63,85,69,80,87,37,10,83,12,36,44,64,81,162,149,97,145,178,76,10
530110408063,133,118,91,145,44,44,13,0,313,129,146,0,0,16,90,121,99,101,139,22,0,111,304,125,48,0,551,29,0,0,0,0,0,8,0,0,38,45,99,155,127,49,264,59,69,38,17,24,97,47,44,36,38,102,211,94,54,70,123,1,257,135,92,143,191,165,151,475,153,123,108,140,25
530110408081,193,179,149,83,21,12,7,0,193,287,164,37,69,49,88,111,81,101,74,34,35,221,206,87,65,30,385,29,30,0,0,0,0,34,166,0,13,69,114,47,36,91,155,185,73,74,21,4,21,78,41,39,57,80,150,162,85,109,47,4,247,34,147,155,86,93,171,305,347,158,183,68,8
530110408091,180,109,48,184,0,0,0,0,383,138,0,36,21,31,0,195,67,104,67,0,36,161,207,89,28,0,159,174,0,21,31,37,71,28,0,0,31,0,130,51,57,88,269,43,96,0,0,0,0,0,77,0,37,125,163,12,122,0,0,0,167,31,0,207,51,94,213,432,55,218,0,0,0
530110408092,322,301,106,46,20,9,0,140,389,190,85,201,109,55,121,247,37,20,14,0,97,362,284,43,18,0,186,121,6,34,84,147,59,153,14,0,24,25,7,56,116,258,288,29,81,61,21,0,17,55,48,19,307,129,235,116,153,25,66,0,185,41,80,55,75,423,387,523,145,234,86,87,0
530110408093,150,194,26,100,0,0,2,0,190,154,128,0,15,10,49,64,82,120,67,65,17,119,217,84,35,0,425,47,0,0,0,0,0,0,0,0,0,2,65,14,30,140,169,113,110,18,62,19,19,15,17,0,84,25,85,59,85,69,56,28,67,19,17,82,14,114,165,254,172,195,87,118,47
530110408094,61,274,143,55,144,26,0,0,258,265,180,0,18,102,63,108,75,97,75,165,17,117,248,200,34,87,620,30,0,0,0,0,0,0,53,0,133,126,9,0,199,147,110,128,104,100,54,0,72,50,44,154,26,257,89,128,148,133,0,0,338,205,176,53,154,225,404,199,256,252,233,54,0
530110408101,166,127,111,220,66,51,14,86,362,238,69,29,56,0,75,107,114,271,95,8,23,185,301,164,74,8,277,233,3,0,78,106,0,23,35,0,143,103,16,15,185,185,108,127,48,82,14,0,52,92,115,61,60,247,135,93,39,30,7,6,351,195,195,131,76,245,432,243,220,87,112,21,6
530110408102,200,222,185,43,0,26,0,9,155,357,155,48,0,0,75,97,102,138,179,37,3,170,191,148,128,36,484,105,58,8,0,0,0,0,21,0,7,13,11,20,126,130,136,145,285,86,24,4,14,30,7,12,21,90,124,114,245,204,34,11,87,21,43,18,32,147,220,260,259,530,290,58,15
530110408111,88,243,80,0,36,0,0,0,49,220,178,0,12,0,43,45,103,57,88,99,12,63,234,82,32,24,436,0,0,0,0,0,0,0,11,0,0,30,0,18,98,70,74,50,94,172,45,0,0,29,29,16,31,34,44,0,210,166,26,0,42,0,59,29,34,129,104,118,50,304,338,71,0
530110408112,62,423,117,151,38,48,0,0,224,270,345,20,73,0,41,90,118,238,84,175,39,72,437,141,102,48,754,0,0,0,0,0,0,0,85,0,36,116,80,49,106,97,181,128,52,163,86,16,44,54,52,46,114,109,143,247,58,250,57,58,294,80,170,132,95,220,206,324,375,110,413,143,74
530110408121,112,153,40,95,10,16,18,0,147,155,142,0,0,87,27,50,23,142,93,22,25,30,238,72,69,10,402,0,0,0,0,0,0,0,42,0,19,73,18,18,72,81,143,77,66,48,48,0,14,42,86,0,38,54,93,61,68,35,28,52,120,33,115,104,18,110,135,236,138,134,83,76,52
530110408122,166,213,196,52,7,0,0,29,294,233,78,64,5,0,59,54,41,275,99,37,0,331,193,58,0,52,360,0,0,34,45,27,0,139,29,0,48,0,56,0,35,232,26,214,71,41,0,0,24,60,28,67,66,110,99,235,104,27,5,0,233,72,60,84,67,101,342,125,449,175,68,5,0
530110408123,86,506,74,107,17,56,0,31,222,239,354,60,15,14,36,66,164,117,134,240,0,88,443,257,58,0,752,85,0,0,0,0,0,0,9,0,50,59,16,0,342,113,175,154,67,245,17,0,91,25,49,0,40,97,109,141,200,224,23,4,106,141,84,65,0,382,210,284,295,267,469,40,4
530110409041,119,325,100,118,37,30,0,0,134,331,264,0,0,17,22,194,104,144,176,72,0,182,366,115,20,46,703,17,0,0,0,9,0,0,0,0,17,44,63,74,38,96,53,257,118,164,0,56,30,32,29,74,92,93,78,164,254,90,55,11,217,47,76,92,148,130,189,131,421,372,254,55,67
530110409042,63,416,71,86,90,0,0,39,175,94,418,0,23,76,210,110,65,178,64,0,37,159,303,143,71,13,521,8,0,81,22,94,0,0,0,0,120,31,0,0,77,196,61,75,194,166,21,117,63,67,0,0,96,114,88,75,68,229,180,15,175,183,98,0,0,173,310,149,150,262,395,201,132
530110409043,58,54,107,149,0,23,0,0,123,202,66,0,11,13,35,19,32,127,11,143,0,34,211,64,82,0,391,0,0,0,0,0,0,0,0,0,54,51,51,12,43,154,77,29,116,64,0,1,47,17,7,0,4,110,80,115,51,42,0,2,154,101,68,58,12,47,264,157,144,167,106,0,3
530110409044,275,253,18,66,56,0,0,57,416,79,116,130,91,66,122,120,92,47,0,0,106,409,132,21,0,0,30,34,0,32,123,172,159,118,0,0,40,0,31,23,48,88,157,11,14,72,0,0,109,58,67,26,0,207,129,7,34,43,18,14,208,149,58,98,49,48,295,286,18,48,115,18,14
530110409051,128,192,55,184,56,1,56,0,183,238,251,21,11,17,85,54,42,159,126,157,13,42,226,277,42,72,593,0,0,0,0,0,0,0,79,0,92,54,167,22,47,93,120,164,61,80,76,12,53,67,65,33,33,116,161,110,85,87,81,20,204,145,121,232,55,80,209,281,274,146,167,157,32
530110409052,198,243,38,39,19,22,0,164,83,165,147,11,0,171,37,65,50,39,85,101,0,210,203,68,62,16,518,11,0,0,0,0,0,0,18,12,0,71,29,25,249,69,66,93,124,120,56,0,12,41,69,31,0,35,58,83,111,146,41,12,110,12,112,98,56,249,104,124,176,235,266,97,12
530110409071,100,153,120,123,0,36,9,0,100,388,53,0,78,0,0,27,113,71,109,143,15,40,367,99,20,0,529,12,0,0,0,0,0,0,0,0,68,101,70,9,8,29,91,220,160,33,12,3,9,65,88,49,21,23,112,149,120,56,61,0,203,77,166,158,58,29,52,203,369,280,89,73,3
530110409072,44,409,148,91,43,0,68,0,84,509,210,0,10,0,41,27,48,210,165,302,15,71,503,199,15,0,803,0,0,0,0,0,0,0,0,0,20,168,110,108,61,21,83,225,217,154,61,0,9,87,134,54,7,35,161,147,245,131,29,28,283,29,255,244,162,68,56,244,372,462,285,90,28
530110409073,15,232,40,87,0,0,0,0,43,215,116,0,0,0,0,14,31,78,49,202,0,21,200,142,0,11,374,0,0,0,0,0,0,0,0,0,22,23,65,0,66,0,49,76,110,100,37,0,22,0,38,13,13,22,91,151,104,78,0,21,78,44,23,103,13,79,22,140,227,214,178,37,21
530110409074,69,167,114,142,87,0,0,0,200,274,105,0,0,39,71,27,73,96,109,164,0,84,310,64,79,42,488,72,0,19,0,0,0,0,0,0,195,34,43,54,57,64,90,103,110,82,12,0,59,55,13,27,108,116,97,107,121,58,21,9,304,254,89,56,81,165,180,187,210,231,140,33,9
530110409081,22,325,73,74,28,18,0,0,129,290,121,14,0,18,66,10,25,127,66,214,0,31,232,101,166,10,540,0,0,0,0,0,0,0,0,0,0,91,61,62,0,70,64,108,232,95,31,15,19,35,76,35,29,115,48,67,272,73,19,0,175,19,126,137,97,29,185,112,175,504,168,50,15
530110409082,171,182,103,0,16,15,0,0,125,88,274,15,11,0,30,153,15,114,134,15,0,139,227,106,15,0,460,27,0,0,0,0,0,0,0,0,64,20,15,63,47,20,143,58,30,124,61,0,21,19,19,0,0,37,120,57,68,145,177,0,108,85,39,34,63,47,57,263,115,98,269,238,0
530110409083,265,229,185,226,40,0,0,33,314,372,226,33,34,53,21,68,104,111,283,238,15,161,450,167,110,42,945,0,0,0,0,0,0,0,0,0,34,46,100,91,117,145,205,208,224,70,63,49,170,84,37,61,78,131,166,238,134,124,87,0,362,204,130,137,152,195,276,371,446,358,194,150,49
530110409084,51,287,134,0,0,0,0,0,50,237,185,0,17,0,39,34,67,182,45,88,19,63,295,95,0,0,472,0,0,0,0,0,0,0,0,0,0,0,0,0,0,29,62,79,183,143,31,0,0,0,80,42,15,32,80,156,232,120,24,21,87,0,0,80,42,15,61,142,235,415,263,55,21
530110409091,208,371,184,131,30,0,0,0,198,317,409,50,30,42,46,101,74,279,174,128,0,161,510,108,90,55,786,25,0,0,0,15,0,18,80,0,38,82,62,65,41,162,44,100,187,173,56,106,15,107,40,23,73,134,126,236,173,135,53,61,258,53,189,102,88,114,296,170,336,360,308,109,167
530110409092,71,78,77,17,25,0,0,0,16,127,125,0,34,0,36,30,38,41,24,65,0,57,100,74,37,0,268,0,0,0,0,0,0,0,0,0,0,47,19,0,0,17,0,60,46,45,70,0,11,0,53,0,17,18,18,77,65,93,14,34,58,11,47,72,0,17,35,18,137,111,138,84,34
530110409093,209,260,12,44,15,0,0,0,59,235,246,15,19,74,111,44,58,92,52,75,31,183,242,71,13,0,150,245,37,27,14,0,0,41,26,0,0,0,0,43,86,58,13,76,98,37,91,24,0,40,30,0,0,31,56,37,59,77,125,39,53,0,40,30,43,86,89,69,113,157,114,216,63
530110409094,135,129,67,118,54,0,0,0,156,162,185,21,0,56,14,43,33,113,136,87,0,156,208,104,35,0,379,68,56,0,0,0,0,0,0,0,0,0,51,62,82,23,140,45,71,70,40,0,31,35,89,0,44,22,132,46,127,121,27,13,167,31,35,140,62,126,45,272,91,198,191,67,13
530110409101,112,171,85,120,120,27,0,27,213,268,127,31,6,24,81,45,50,188,115,95,38,103,313,51,130,0,571,0,0,0,0,6,0,0,58,0,29,35,125,101,16,77,173,100,136,72,21,0,106,100,82,69,33,88,163,111,162,32,66,2,325,135,135,207,170,49,165,336,211,298,104,87,2
530110409102,88,349,170,146,35,0,31,0,204,411,204,6,21,43,29,135,145,152,154,134,0,151,386,143,85,54,724,24,0,0,0,0,0,0,71,0,31,80,78,41,175,127,107,110,288,110,63,29,35,49,58,76,211,68,181,227,175,151,34,8,247,66,129,136,117,386,195,288,337,463,261,97,37
530110410031,27,174,46,20,8,24,0,6,38,159,96,0,7,6,24,20,63,48,115,16,0,34,120,98,47,0,299,0,0,0,0,0,0,0,0,0,0,26,12,0,79,22,35,57,60,39,34,5,18,0,34,50,18,0,78,19,102,75,26,0,48,18,26,46,50,97,22,113,76,162,114,60,5
530110410032,191,249,115,74,27,0,0,53,146,338,119,18,0,29,79,169,90,183,32,56,15,146,375,77,15,28,444,35,0,8,16,74,17,62,0,0,42,62,8,0,63,154,100,82,219,70,0,15,60,0,11,35,49,84,47,99,196,125,27,24,100,102,62,19,35,112,238,147,181,415,195,27,39
530110410033,79,156,0,26,7,0,16,0,68,66,150,0,18,0,0,40,16,127,38,45,16,53,90,69,42,14,259,0,0,16,0,0,0,0,9,0,51,13,6,0,0,31,0,66,98,52,32,42,31,0,0,5,0,49,50,27,92,78,35,21,48,82,13,6,5,0,80,50,93,190,130,67,63
530110410034,193,131,66,17,13,0,13,0,145,139,149,74,0,7,29,70,64,101,44,44,85,88,174,46,32,8,433,0,0,0,0,0,0,0,0,0,16,0,31,16,44,78,67,63,88,61,19,0,0,83,6,0,9,113,64,62,95,80,31,35,69,16,83,37,16,53,191,131,125,183,141,50,35
530110410051,292,210,136,109,16,11,0,164,261,271,78,74,44,201,120,119,138,67,11,0,148,280,198,64,70,14,452,25,97,69,12,27,11,81,0,0,46,43,24,38,123,167,138,80,73,61,8,0,62,29,60,138,204,132,128,133,136,60,0,0,204,108,72,84,176,327,299,266,213,209,121,8,0
530110410052,69,100,30,55,52,11,0,0,105,164,48,11,45,39,91,57,48,8,0,18,0,57,153,107,0,0,80,0,0,0,0,10,14,0,213,0,10,11,71,37,15,0,68,70,22,16,22,0,55,10,17,153,9,38,68,33,82,24,18,0,140,65,21,88,190,24,38,136,103,104,40,40,0
530110410071,83,214,9,23,60,0,0,0,86,70,233,0,25,20,9,38,55,188,33,21,0,160,171,11,26,21,389,0,0,0,0,0,0,0,0,0,0,35,80,0,26,99,83,36,40,66,49,124,0,0,0,30,13,40,83,61,13,46,47,112,50,0,35,80,30,39,139,166,97,53,112,96,236
530110410072,191,192,102,38,103,33,0,12,308,195,144,72,0,5,110,68,266,84,22,32,41,243,178,154,38,5,368,39,53,21,0,24,83,43,28,0,15,25,9,0,99,125,113,32,84,54,26,0,89,42,166,96,51,126,200,108,51,49,42,37,204,104,67,175,96,150,251,313,140,135,103,68,37
530110410073,56,142,63,50,0,15,0,0,114,128,84,17,30,39,58,15,32,67,42,26,17,84,102,51,63,9,244,5,0,9,8,17,26,7,10,0,0,46,15,62,0,6,83,88,23,29,14,0,19,38,32,18,0,28,85,47,70,38,55,0,129,19,84,47,80,0,34,168,135,93,67,69,0
530110410081,72,180,31,143,14,7,0,0,63,202,182,5,20,16,7,62,49,77,175,36,0,90,87,207,26,37,423,16,8,0,0,0,0,0,0,0,10,17,7,95,9,10,90,175,22,93,20,13,0,14,105,44,24,44,34,174,42,98,39,14,164,10,31,112,139,33,54,124,349,64,191,59,27
530110410082,107,310,49,93,32,0,10,37,122,212,230,10,12,37,66,102,106,195,54,19,0,108,258,190,33,12,601,0,0,0,0,0,0,0,0,0,10,35,35,75,164,84,69,158,71,92,78,79,21,51,30,0,70,106,58,71,105,107,70,0,136,31,86,65,75,234,190,127,229,176,199,148,79
530110410083,40,187,101,52,21,0,12,0,162,125,126,0,9,26,15,55,47,102,57,102,0,54,245,61,44,9,413,0,0,0,0,0,0,0,0,0,51,19,23,60,17,55,106,55,99,74,13,7,58,45,16,0,0,53,99,44,111,61,28,0,141,109,64,39,60,17,108,205,99,210,135,41,7
530110410091,144,311,98,83,0,0,19,57,161,276,161,55,13,48,98,67,121,159,49,45,72,163,312,30,59,19,369,9,8,78,64,105,0,22,0,0,22,25,0,22,112,177,32,102,138,71,53,7,69,41,23,12,112,12,121,122,139,83,62,0,156,91,66,23,34,224,189,153,224,277,154,115,7
530110410092,405,252,59,28,19,0,0,54,175,290,244,95,117,69,137,153,87,88,17,0,156,391,163,44,9,0,94,0,0,40,147,92,103,142,145,0,24,20,51,25,67,162,73,178,57,59,36,13,51,23,0,0,100,77,69,68,95,137,51,39,94,75,43,51,25,167,239,142,246,152,196,87,52
530110410093,62,186,45,12,22,10,0,0,129,143,65,0,6,20,38,84,92,70,10,17,0,105,148,74,10,0,250,40,47,0,0,0,0,0,0,0,0,44,17,0,8,67,56,95,58,15,16,12,24,17,62,8,68,47,64,72,69,42,63,12,109,24,61,79,8,76,114,120,167,127,57,79,24
530110410101,392,394,143,122,50,0,0,87,321,353,340,136,118,38,207,162,154,187,80,19,90,501,391,63,24,32,482,0,0,190,15,20,105,16,249,24,0,67,63,9,96,165,147,148,117,190,31,49,208,97,23,21,168,171,210,127,119,128,84,38,263,208,164,86,30,264,336,357,275,236,318,115,87
530110410102,362,399,134,85,12,0,22,44,395,405,170,79,63,42,184,182,197,204,37,26,27,346,528,71,42,0,321,66,49,164,77,143,72,122,0,0,103,12,19,47,93,268,121,139,277,39,28,10,122,47,17,37,71,254,86,117,152,141,38,11,239,225,59,36,84,164,522,207,256,429,180,66,21
530110410111,227,266,130,53,184,14,23,10,388,324,175,37,8,89,108,184,149,196,63,63,0,202,342,216,106,31,715,19,0,29,17,50,27,0,40,0,114,126,103,26,70,229,170,142,154,45,48,17,41,45,108,43,72,200,205,106,118,121,15,9,352,155,171,211,69,142,429,375,248,272,166,63,26
530110410112,130,190,72,0,72,48,0,27,127,164,194,16,0,32,37,116,99,103,28,81,5,151,236,63,48,9,432,0,29,0,24,27,0,0,0,0,32,19,75,39,126,44,60,132,27,101,48,0,31,10,46,18,7,113,120,56,52,116,12,0,164,63,29,121,57,133,157,180,188,79,217,60,0
530110411041,167,157,92,171,114,16,13,33,400,204,93,63,85,39,138,72,23,195,109,6,138,113,270,143,32,34,447,128,7,10,54,7,32,11,34,0,87,25,84,61,177,163,268,89,77,62,33,0,158,51,105,41,62,149,259,143,40,65,25,0,306,245,76,189,102,239,312,527,232,117,127,58,0
530110411042,145,187,169,89,47,30,10,22,320,179,156,21,23,16,51,177,154,145,65,25,42,161,199,223,33,19,394,66,37,88,30,6,22,34,0,0,37,67,31,41,137,246,176,100,84,23,91,0,50,30,30,24,105,139,91,148,96,65,30,13,186,87,97,61,65,242,385,267,248,180,88,121,13
530110411051,132,231,170,80,10,0,0,68,179,206,170,0,15,7,115,95,20,199,172,0,51,184,77,192,63,56,479,0,0,0,45,56,14,29,0,0,12,9,0,42,90,98,288,101,87,123,0,0,31,10,9,0,76,12,80,49,207,160,13,13,86,43,19,9,42,166,110,368,150,294,283,13,13
530110411052,157,356,126,21,27,0,0,24,129,280,254,61,12,61,92,78,31,88,137,127,25,235,269,86,55,17,536,107,23,0,0,0,21,0,0,0,4,48,19,53,29,207,74,189,109,96,50,0,46,7,25,90,30,126,68,170,93,250,7,33,167,50,55,44,143,59,333,142,359,202,346,57,33
530110411053,338,144,82,30,0,0,0,0,130,145,319,0,74,38,164,58,48,120,33,59,28,279,233,54,0,0,440,0,21,8,0,0,0,0,125,0,0,62,0,0,52,139,79,131,70,190,123,0,0,0,41,21,0,41,111,83,159,173,137,0,71,0,62,41,21,52,180,190,214,229,363,260,0
530110411054,160,125,37,58,115,46,0,0,191,279,71,16,17,24,62,62,29,219,93,19,10,130,122,173,71,35,470,34,0,0,0,0,0,0,37,0,35,16,74,38,31,66,102,105,103,27,7,8,137,92,75,28,67,106,89,103,135,47,9,9,256,172,108,149,66,98,172,191,208,238,74,16,17
530110411071,115,233,98,39,119,0,37,35,214,178,214,11,10,13,10,74,83,204,141,95,10,170,260,130,54,17,618,0,0,0,0,0,0,0,23,0,90,73,10,21,90,108,199,8,56,62,75,19,99,71,95,15,91,73,119,122,65,137,18,30,235,189,144,105,36,181,181,318,130,121,199,93,49
530110411072,124,120,133,59,44,6,0,0,147,237,102,42,0,47,47,44,61,51,126,68,24,184,128,114,36,0,284,131,41,30,0,0,0,0,0,0,15,26,13,0,145,162,165,67,85,50,14,0,21,19,32,33,20,63,113,98,71,24,24,29,93,36,45,45,33,165,225,278,165,156,74,38,29
530110411101,52,93,254,69,9,6,0,0,131,274,78,8,16,0,46,40,93,71,203,6,0,65,282,102,16,18,483,0,0,0,0,0,0,0,0,0,18,50,41,7,51,109,35,40,80,43,20,0,56,45,136,147,66,68,60,222,77,51,0,0,308,74,95,177,154,117,177,95,262,157,94,20,0
530110411102,214,503,86,56,49,16,0,0,294,376,254,43,95,10,51,118,216,261,66,64,32,310,291,169,115,7,582,0,74,87,74,0,27,80,0,0,55,24,98,67,26,171,233,77,151,201,66,26,20,76,43,5,5,319,119,59,360,177,143,0,158,75,100,141,72,31,490,352,136,511,378,209,26
530110411103,34,150,47,53,47,0,30,0,87,180,94,25,0,0,0,53,30,55,156,42,11,23,39,214,50,24,306,0,0,0,45,0,0,0,0,10,7,14,39,36,0,93,58,19,134,0,63,0,45,44,30,37,25,53,54,0,164,38,44,0,114,52,58,69,73,25,146,112,19,298,38,107,0
530110411104,30,371,73,37,116,17,36,16,283,341,40,0,9,23,83,164,78,266,57,0,14,84,223,283,76,0,456,39,35,0,83,22,29,16,0,0,133,99,134,31,47,98,134,116,241,33,27,0,0,72,65,0,64,260,97,49,220,36,0,0,227,133,171,199,31,111,358,231,165,461,69,27,0
530110411111,211,333,28,234,86,0,42,107,476,195,156,99,34,134,39,386,73,154,0,15,37,299,568,14,16,0,22,50,106,9,94,226,207,220,0,0,63,14,123,77,185,184,224,109,22,118,28,0,141,149,88,53,158,314,161,33,84,39,0,0,318,204,163,211,130,343,498,385,142,106,157,28,0
530110411112,161,228,62,44,85,64,0,76,402,117,49,39,62,75,125,193,85,52,13,0,42,264,266,72,0,0,59,7,34,104,170,26,165,79,0,0,151,82,52,28,101,161,149,15,18,6,9,0,132,39,80,29,125,150,105,83,0,22,7,0,284,283,121,132,57,226,311,254,98,18,28,16,0
530110411121,16,294,76,115,25,23,11,0,322,187,51,0,34,0,0,22,263,136,76,29,27,100,305,72,34,22,398,70,0,0,22,0,21,21,28,0,48,75,0,23,54,184,214,75,78,48,0,0,0,128,46,22,75,87,154,52,111,28,9,0,165,48,203,46,45,129,271,368,127,189,76,9,0
530110411122,59,315,35,0,134,0,0,0,108,201,234,0,18,0,126,77,34,209,44,35,21,93,163,185,30,51,543,0,0,0,0,0,0,0,0,0,0,0,40,34,30,141,100,102,1,71,102,55,30,191,0,0,0,175,78,78,167,113,53,0,125,30,191,40,34,30,316,178,180,168,184,155,55
530110411123,194,419,74,166,8,0,0,116,404,108,233,17,115,113,50,228,133,205,0,0,53,366,300,61,81,0,127,16,53,26,117,176,57,289,0,0,69,141,138,0,75,101,51,124,95,21,77,62,79,34,9,11,183,335,254,27,62,29,115,80,309,148,175,147,11,258,436,305,151,157,50,192,142
530110411124,305,269,103,40,28,0,0,105,282,251,107,47,28,0,74,336,89,112,13,46,49,397,243,56,0,0,202,66,8,257,111,11,0,90,0,0,91,19,50,13,104,269,12,65,144,15,0,0,0,25,50,51,192,177,50,161,64,76,25,0,130,91,44,100,64,296,446,62,226,208,91,25,0
530110411131,339,419,126,125,46,0,0,153,448,269,185,68,146,78,83,353,84,200,0,43,30,551,448,0,26,0,116,103,29,180,304,123,136,64,0,0,0,31,202,64,242,149,255,103,91,69,38,27,124,21,31,31,155,95,161,86,95,107,55,27,304,124,52,233,95,397,244,416,189,186,176,93,54
530110411141,408,56,39,12,14,0,0,19,116,157,237,52,164,0,35,101,47,130,0,0,193,284,52,0,0,0,0,114,34,43,39,74,0,225,0,0,52,0,39,30,0,118,29,17,88,0,0,0,14,18,0,0,51,66,19,33,98,101,205,25,48,66,18,39,30,51,184,48,50,186,101,205,25
530110411142,246,223,30,29,41,15,0,37,173,199,175,5,33,134,59,210,42,89,0,12,13,296,185,37,24,29,152,346,0,31,37,0,0,18,0,0,0,21,144,71,38,226,34,19,157,37,61,0,0,0,30,18,77,133,31,46,119,53,87,31,103,0,21,174,89,115,359,65,65,276,90,148,31
530110411143,483,157,54,0,3,11,0,0,80,50,578,0,92,153,42,159,135,106,21,0,295,268,80,54,0,11,29,28,0,0,0,0,18,633,0,0,0,0,25,0,44,101,61,11,12,36,26,93,0,0,7,0,0,24,20,24,36,44,81,365,20,0,0,32,0,44,125,81,35,48,80,107,458
530110411144,176,154,167,11,19,0,0,0,159,234,134,61,22,23,0,137,168,26,0,90,24,104,234,158,0,7,212,70,9,0,24,37,93,0,82,0,0,28,46,0,58,22,40,70,154,103,34,0,0,15,12,34,80,76,127,50,106,69,30,0,43,0,43,58,34,138,98,167,120,260,172,64,0
530110412031,164,189,175,67,100,22,45,23,384,277,78,153,68,75,37,124,169,28,85,23,72,231,384,56,12,7,234,129,172,28,13,10,155,21,0,0,126,190,113,11,55,209,137,106,74,55,0,0,29,71,129,83,84,162,140,141,108,62,22,20,309,155,261,242,94,139,371,277,247,182,117,22,20
530110412032,172,389,77,56,13,12,13,34,301,192,205,75,15,85,24,58,88,224,115,48,37,209,375,81,30,0,581,71,8,9,20,37,0,6,0,0,38,67,15,40,42,291,167,0,230,95,67,15,101,63,30,16,120,104,73,78,131,134,90,35,152,139,130,45,56,162,395,240,78,361,229,157,50
530110412033,160,203,37,83,0,0,0,73,169,110,131,50,11,49,28,190,83,31,41,0,36,194,203,32,18,0,300,31,0,71,68,0,0,13,0,0,48,59,39,0,69,50,226,59,81,59,15,0,11,18,37,0,74,90,71,46,20,96,31,17,91,59,77,76,0,143,140,297,105,101,155,46,17
530110412051,411,207,292,15,101,0,0,41,317,392,276,37,21,103,241,192,199,178,40,15,29,433,453,49,62,0,238,224,0,44,338,38,0,129,15,0,23,0,0,179,87,235,220,302,20,37,109,25,42,123,103,0,19,151,142,197,144,66,69,121,325,65,123,103,179,106,386,362,499,164,103,178,146
530110412052,268,324,46,90,94,15,0,17,250,279,291,52,17,89,0,101,181,153,109,135,28,309,370,130,0,0,563,97,55,0,34,0,0,88,0,0,85,65,108,0,10,53,278,86,144,199,54,0,32,135,46,0,57,98,136,103,93,125,46,52,189,117,200,154,0,67,151,414,189,237,324,100,52
530110412053,122,50,133,0,0,0,0,0,133,36,136,61,61,22,85,0,37,29,10,0,60,72,163,0,10,0,72,99,0,0,0,0,86,48,0,0,0,0,32,0,0,45,34,16,16,41,74,9,0,180,6,0,1,129,6,16,31,54,78,40,108,0,180,38,0,1,174,40,32,47,95,152,49
530110412061,74,352,47,85,0,10,0,0,239,152,177,0,23,35,35,74,235,57,26,83,0,246,137,156,9,20,568,0,0,0,0,0,0,0,0,0,0,6,90,0,203,11,35,199,91,93,69,0,0,144,24,29,0,0,273,69,137,129,68,0,247,0,150,114,29,203,11,308,268,228,222,137,0
530110412062,97,245,199,111,71,24,5,10,293,221,228,14,25,170,103,130,117,117,0,76,0,340,227,70,102,13,688,10,12,29,0,0,0,0,13,0,28,109,114,5,66,40,111,142,113,96,47,0,83,148,26,24,125,99,255,97,139,79,53,62,358,111,257,140,29,191,139,366,239,252,175,100,62
530110412063,210,217,176,133,32,0,211,0,461,386,132,74,0,82,90,200,317,134,30,52,24,294,415,219,27,0,565,110,126,33,91,0,34,20,0,0,236,31,193,17,126,71,260,177,68,24,20,16,65,247,162,24,56,94,213,228,70,67,29,0,404,301,278,355,41,182,165,473,405,138,91,49,16
530110412071,99,95,0,47,55,0,0,55,26,29,186,0,40,0,78,98,33,0,21,26,21,131,8,136,0,0,241,0,0,0,0,0,55,0,0,0,0,72,0,0,23,41,0,57,6,111,23,0,91,59,0,29,88,24,27,27,0,101,19,8,81,91,131,0,29,111,65,27,84,6,212,42,8
530110412072,174,236,103,82,13,0,0,85,171,257,95,29,74,8,41,205,53,134,28,36,66,132,301,73,13,23,336,54,0,50,0,112,31,25,0,0,0,0,71,37,79,172,61,107,73,33,15,0,0,56,53,57,65,48,107,104,156,46,8,54,175,0,56,124,94,144,220,168,211,229,79,23,54
530110412081,133,279,64,0,44,0,0,22,27,289,182,17,0,17,25,187,34,76,123,41,17,140,206,96,44,17,509,0,0,0,11,0,0,0,0,0,0,0,52,0,0,81,0,90,188,107,37,22,42,33,0,55,91,73,0,70,170,254,55,19,71,42,33,52,55,91,154,0,160,358,361,92,41
530110412082,88,96,11,122,0,0,0,0,41,134,142,0,46,0,14,0,47,34,23,153,0,99,83,95,11,29,317,0,0,0,0,0,0,0,0,0,0,0,0,60,0,0,0,114,54,91,24,10,0,74,10,54,23,0,41,80,66,41,36,0,109,0,74,10,114,23,0,41,194,120,132,60,10
530110412083,188,137,122,0,0,0,0,0,164,148,135,0,21,0,0,155,54,117,100,0,0,258,121,68,0,0,102,151,0,0,62,83,34,15,0,0,31,0,0,21,0,78,82,43,55,82,0,17,0,48,0,0,0,0,95,93,80,65,0,16,91,31,48,0,21,0,78,177,136,135,147,0,33
530110412084,360,189,207,59,0,0,0,93,505,196,21,30,75,23,118,346,51,172,0,0,0,457,358,0,0,0,162,0,0,80,186,145,54,188,0,0,211,0,23,0,76,102,107,19,54,0,0,0,0,62,0,0,134,356,265,169,0,20,0,0,243,211,62,23,0,210,458,372,188,54,20,0,0
530110413091,71,310,138,42,9,0,0,0,71,269,230,36,26,15,21,49,36,167,168,52,4,97,235,159,56,19,567,3,0,0,0,0,0,0,0,0,0,45,0,47,60,113,46,83,171,196,52,17,0,56,12,0,0,92,65,128,260,104,68,33,84,0,101,12,47,60,205,111,211,431,300,120,50
530110413092,258,338,40,83,0,11,0,76,239,224,191,71,21,17,77,188,104,186,36,30,72,342,219,29,48,20,228,30,0,86,196,41,0,149,0,0,10,26,10,27,100,109,89,148,56,28,44,44,14,0,30,59,144,66,118,118,35,87,43,83,115,24,26,40,86,244,175,207,266,91,115,87,127
530110413093,77,269,152,88,30,30,0,16,293,171,166,11,19,45,41,57,104,298,52,19,0,129,390,67,60,0,473,16,45,68,20,16,0,8,0,0,37,67,10,14,43,264,66,156,46,97,16,12,15,112,8,56,28,112,111,141,38,135,32,6,249,52,179,18,70,71,376,177,297,84,232,48,18
530110413101,67,222,117,94,23,0,0,0,69,291,163,15,53,20,18,40,92,68,61,156,0,65,256,159,22,21,502,0,0,0,0,21,0,0,0,0,45,14,77,100,18,27,49,156,112,58,76,3,0,19,14,53,0,67,75,120,120,109,70,0,213,45,33,91,153,18,94,124,276,232,167,146,3
530110413102,478,172,12,27,0,0,0,0,105,36,548,87,68,22,98,93,194,102,12,13,133,508,48,0,0,0,177,100,0,19,118,25,70,180,0,0,0,12,0,0,0,74,38,23,0,11,126,101,75,0,0,0,0,55,11,0,14,17,267,198,36,75,12,0,0,0,129,49,23,14,28,393,299
530110413103,426,245,95,16,0,0,16,0,59,155,584,0,37,34,259,76,161,150,35,46,50,393,278,64,0,13,606,0,0,162,0,0,15,15,0,0,22,51,17,35,47,15,17,120,97,192,74,33,30,28,15,31,0,16,46,79,71,188,160,196,115,52,79,32,66,47,31,63,199,168,380,234,229
530110413104,28,271,106,9,0,15,0,0,83,160,186,0,0,0,36,79,54,117,16,127,0,89,117,157,66,0,429,0,0,0,0,0,0,0,0,0,39,32,0,0,0,53,49,0,153,120,54,0,0,8,19,0,13,51,75,21,149,120,21,14,61,39,40,19,0,13,104,124,21,302,240,75,14
530110413121,131,218,59,148,35,11,25,0,258,153,216,7,39,17,116,135,134,100,50,29,7,202,235,81,90,12,409,30,0,0,0,0,0,0,188,0,52,24,13,81,76,90,139,100,41,60,91,8,77,72,107,30,58,204,151,62,92,51,160,8,268,129,96,120,111,134,294,290,162,133,111,251,16
530110413122,151,118,58,42,4,0,0,15,148,158,52,58,18,40,72,26,58,79,22,0,61,132,137,0,22,21,0,0,48,0,42,37,22,151,73,0,5,0,24,0,49,56,0,41,80,39,0,0,0,56,17,0,70,81,155,70,81,9,49,0,76,5,56,41,0,119,137,155,111,161,48,49,0
530110413123,248,288,46,48,33,0,0,9,225,302,127,59,53,116,136,48,134,117,0,0,52,340,263,8,0,0,18,29,51,0,172,32,102,121,138,0,33,22,45,15,37,105,65,93,105,45,0,0,9,23,53,33,30,113,162,147,121,94,21,7,149,42,45,98,48,67,218,227,240,226,139,21,7
530110413124,37,91,69,135,44,15,24,33,215,134,33,5,7,42,61,88,137,42,27,6,0,56,238,62,23,36,231,15,0,0,0,0,0,0,169,0,50,87,70,40,67,281,46,72,44,11,0,0,79,64,50,0,93,133,46,64,59,39,0,0,220,129,151,120,40,160,414,92,136,103,50,0,0
530110413131,309,228,61,86,18,7,0,118,179,291,121,159,68,38,21,195,104,109,15,0,44,381,258,26,0,0,0,91,32,173,92,161,0,150,10,0,103,22,58,0,187,146,58,94,166,57,0,0,28,0,0,0,210,124,103,84,85,99,10,0,119,131,22,58,0,397,270,161,178,251,156,10,0
530110413132,130,144,98,88,0,0,20,9,177,238,56,11,87,30,21,94,87,141,9,0,85,89,210,61,35,0,207,122,47,31,41,9,0,8,0,15,29,22,70,0,40,211,67,69,62,99,7,0,79,78,56,26,30,118,72,121,117,30,1,0,181,108,100,126,26,70,329,139,190,179,129,8,0
530110413171,218,334,98,88,0,0,0,27,337,291,83,33,42,48,248,136,52,84,95,0,49,252,279,138,0,20,324,0,0,0,174,156,24,60,0,0,74,0,41,0,0,170,170,113,28,59,21,9,20,64,25,121,54,221,172,48,263,77,9,0,324,94,64,66,121,54,391,342,161,291,136,30,9
530110413172,38,65,125,14,13,0,0,0,61,135,59,38,13,0,10,79,32,32,28,23,13,79,87,19,57,0,232,0,23,0,0,0,0,0,0,0,43,0,0,0,0,84,25,49,11,45,34,0,35,0,41,14,31,134,0,80,50,53,14,0,89,78,0,41,14,31,218,25,129,61,98,48,0
530110413173,206,564,87,43,101,0,0,247,412,198,144,49,18,54,155,199,327,128,31,40,0,343,521,137,0,0,195,0,45,173,289,18,0,281,0,0,32,53,68,86,213,288,85,120,87,21,19,0,128,68,0,21,342,212,200,43,134,130,45,0,225,160,121,68,107,555,500,285,163,221,151,64,0
530110413174,191,371,89,67,30,22,0,58,332,225,155,47,69,42,12,134,301,102,31,32,64,405,242,48,0,11,143,192,0,12,210,15,11,176,11,0,100,11,37,11,52,160,231,33,25,11,18,21,37,13,37,179,103,155,144,97,98,16,42,94,274,137,24,74,190,155,315,375,130,123,27,60,115
530110413191,130,395,73,58,165,0,50,87,156,391,237,0,0,20,93,283,181,125,107,62,0,218,350,214,70,19,658,0,0,0,47,0,103,43,20,0,138,106,221,28,217,200,29,74,132,150,60,16,37,130,83,125,214,95,57,168,91,111,31,0,295,175,236,304,153,431,295,86,242,223,261,91,16
530110413192,196,418,94,138,90,15,14,0,272,379,314,49,20,75,37,92,208,187,122,175,29,301,356,139,104,36,758,66,123,18,0,0,0,0,0,0,142,82,135,16,45,108,189,101,225,102,182,0,74,45,106,19,0,172,125,202,218,118,166,35,261,216,127,241,35,45,280,314,303,443,220,348,35
530110413193,49,240,65,116,31,0,0,0,91,298,112,0,0,0,31,73,141,139,83,34,12,31,327,99,26,6,470,0,0,0,0,0,0,0,31,0,0,20,81,0,63,49,76,145,198,69,13,0,19,16,88,36,65,27,71,155,141,102,0,0,157,19,36,169,36,128,76,147,300,339,171,13,0
530110413201,173,277,111,0,77,0,0,60,233,164,181,60,11,11,60,195,64,44,121,72,0,161,151,248,42,36,533,0,15,34,56,0,0,0,0,0,45,31,67,0,0,170,75,74,108,135,19,1,68,44,17,47,223,174,139,53,108,167,12,1,144,113,75,84,47,223,344,214,127,216,302,31,2
530110413202,20,109,117,45,0,35,87,0,62,290,61,5,0,16,16,0,146,26,98,106,0,16,122,164,17,94,413,0,0,0,0,0,0,0,0,0,25,13,0,0,29,21,185,182,160,63,27,0,11,92,0,52,0,19,108,51,51,127,25,0,145,36,105,0,52,29,40,293,233,211,190,52,0
530110413203,109,108,47,12,0,0,0,0,142,43,91,0,0,18,79,25,56,69,11,18,0,96,180,0,0,0,198,57,0,21,0,0,0,0,0,0,18,72,0,18,0,85,82,42,0,132,0,0,0,16,16,0,0,100,87,34,52,0,0,0,50,18,88,16,18,0,185,169,76,52,132,0,0
530110413204,184,140,26,301,18,102,0,32,298,359,82,36,0,52,142,212,92,195,10,32,66,313,275,89,28,0,345,101,0,9,116,78,0,113,9,0,53,113,292,48,91,59,172,62,112,7,32,6,106,11,0,45,115,79,170,117,72,28,13,0,427,159,124,292,93,206,138,342,179,184,35,45,6
530110413205,65,130,0,91,0,0,109,0,255,116,24,69,23,37,24,186,23,0,33,0,47,138,77,109,24,0,47,55,52,127,21,69,0,24,0,0,29,131,81,0,64,140,0,45,0,0,0,0,93,65,40,0,65,67,104,26,25,15,0,0,222,122,196,121,0,129,207,104,71,25,15,0,0
530110413211,75,353,51,218,43,40,0,55,275,230,220,32,12,105,55,118,167,97,117,77,14,138,371,127,105,25,549,20,5,21,0,0,0,0,185,0,30,37,59,104,84,98,188,122,162,101,47,11,33,116,21,51,108,227,80,123,114,114,35,0,298,63,153,80,155,192,325,268,245,276,215,82,11
530110413212,33,113,0,102,0,0,0,0,76,124,48,0,0,0,5,21,49,75,23,75,0,44,118,48,17,21,248,0,0,0,0,0,0,0,0,0,0,58,0,0,46,38,38,85,70,12,16,0,13,0,11,0,84,28,50,89,31,33,17,5,48,13,58,11,0,130,66,88,174,101,45,33,5
530110413221,350,412,104,125,14,13,48,74,372,278,342,69,41,63,117,305,194,209,68,0,165,240,460,73,119,9,489,48,57,69,113,24,25,241,0,0,107,95,128,16,151,143,143,157,115,126,42,77,52,62,53,46,222,110,233,103,101,116,56,85,303,159,157,181,62,373,253,376,260,216,242,98,162
530110413222,163,148,25,17,25,0,0,36,62,217,63,115,22,50,32,92,42,18,7,0,35,182,136,25,0,0,79,54,0,17,135,49,8,36,0,0,0,12,29,0,37,53,50,42,120,35,0,0,0,28,26,0,46,59,12,88,84,7,25,11,59,0,40,55,0,83,112,62,130,204,42,25,11
530110413223,244,177,84,120,6,0,16,5,262,221,159,49,33,29,70,217,144,56,28,21,38,255,236,98,20,0,230,5,18,84,33,200,0,49,28,0,105,89,12,36,17,92,156,105,47,31,14,2,40,135,43,0,6,181,104,148,55,135,35,16,204,145,224,55,36,23,273,260,253,102,166,49,18
530110413231,181,297,130,43,78,0,0,118,227,271,113,218,63,30,70,177,25,97,25,24,0,299,325,58,23,24,275,171,85,37,18,27,105,11,0,0,154,10,64,0,66,383,20,108,181,45,21,0,0,71,28,0,122,49,82,154,113,108,36,0,212,154,81,92,0,188,432,102,262,294,153,57,0
530110413232,26,175,30,44,0,32,0,0,69,105,133,13,5,0,0,13,55,137,0,84,0,0,151,52,104,0,290,17,0,0,0,0,0,0,0,0,17,30,30,0,26,108,30,15,54,114,6,0,0,15,29,0,23,70,45,76,22,82,12,0,69,17,45,59,0,49,178,75,91,76,196,18,0
530110413233,108,66,56,40,0,0,19,0,58,56,175,9,0,0,57,36,81,81,25,0,0,114,156,19,0,0,289,0,0,0,0,0,0,0,0,0,0,48,0,0,25,27,101,62,36,30,20,0,23,39,0,0,0,57,59,0,82,151,25,36,58,23,87,0,0,25,84,160,62,118,181,45,36
530110413234,130,245,77,0,46,12,0,22,174,201,113,92,0,20,22,205,59,112,0,0,0,216,217,65,0,12,244,0,9,59,178,0,0,20,0,0,0,0,0,108,89,58,22,128,58,57,0,27,10,5,6,62,129,87,103,129,18,78,48,0,105,10,5,6,170,218,145,125,257,76,135,48,27
530110413235,197,78,12,18,83,17,0,0,117,232,56,73,23,0,33,128,106,12,30,0,10,270,125,0,0,0,13,25,0,156,91,0,0,12,108,0,10,94,54,28,24,86,51,70,55,24,11,0,70,35,30,0,0,80,11,50,71,56,19,4,142,80,129,84,28,24,166,62,120,126,80,30,4
530110413251,152,465,217,62,17,21,21,0,185,340,430,40,16,14,70,195,85,287,96,152,10,246,423,240,36,0,740,52,0,0,9,0,0,0,154,0,59,12,62,37,44,142,104,85,243,182,151,26,38,81,98,32,136,42,121,151,245,205,91,35,186,97,93,160,69,180,184,225,236,488,387,242,61
530110413252,141,165,118,61,10,0,0,0,177,162,156,71,25,8,11,78,49,117,77,59,0,171,274,50,0,0,451,44,0,0,0,0,0,0,0,0,48,50,26,0,0,66,86,109,86,58,11,0,45,192,0,15,11,92,148,76,65,117,28,16,168,93,242,26,15,11,158,234,185,151,175,39,16
530110413253,63,218,112,103,52,0,25,0,122,369,82,0,13,18,0,56,56,165,102,163,0,97,256,172,36,12,451,122,0,0,0,0,0,0,0,0,14,71,80,23,80,30,83,198,159,47,19,0,25,61,125,78,56,11,139,165,208,90,50,0,208,39,132,205,101,136,41,222,363,367,137,69,0
530110413261,194,150,191,155,88,35,13,22,329,328,147,28,46,42,86,201,167,154,69,33,16,168,437,117,59,29,768,45,0,0,0,0,0,0,13,0,28,167,61,79,144,140,181,215,92,98,14,4,81,75,163,92,129,166,213,177,131,82,28,0,356,109,242,224,171,273,306,394,392,223,180,42,4
530110413281,328,266,143,143,0,21,0,42,448,263,148,51,0,45,79,272,85,191,134,44,55,486,239,121,0,0,292,111,14,49,259,52,15,109,0,0,64,143,41,0,149,177,187,95,121,59,9,0,68,11,45,81,29,248,180,52,154,101,26,32,295,132,154,86,81,178,425,367,147,275,160,35,32
530110413282,82,277,47,37,74,0,0,0,316,134,67,0,0,0,30,97,154,152,53,31,129,93,282,13,0,0,122,26,0,103,148,31,0,87,0,0,10,80,78,0,20,333,120,0,93,34,14,0,51,41,0,0,16,65,98,22,58,11,13,0,139,61,121,78,0,36,398,218,22,151,45,27,0
530110413283,133,182,112,83,8,0,0,18,147,197,156,34,15,10,35,53,88,124,31,128,50,214,187,67,0,0,233,109,13,13,69,9,54,18,0,0,40,75,69,8,34,109,58,78,49,67,8,0,25,61,26,0,39,152,66,51,88,63,23,10,148,65,136,95,8,73,261,124,129,137,130,31,10
530110413284,121,123,243,71,11,0,0,0,92,388,89,39,0,14,41,50,69,192,119,45,21,71,277,200,0,0,527,0,0,0,0,0,0,0,42,0,15,79,46,50,24,32,55,183,230,41,15,0,0,104,0,0,101,148,99,183,159,51,15,0,163,15,183,46,50,125,180,154,366,389,92,30,0
530110413291,467,246,52,83,0,0,0,30,392,128,298,45,13,76,37,231,146,107,55,138,213,384,251,0,0,0,0,16,0,17,170,261,67,317,0,0,85,38,23,0,42,246,92,40,0,37,93,29,66,56,19,0,31,264,59,42,71,0,83,57,141,151,94,42,0,73,510,151,82,71,37,176,86
530110413292,84,417,161,37,102,92,0,16,332,422,123,26,0,82,43,112,103,228,131,168,20,182,440,167,44,40,834,59,0,0,0,0,0,0,0,0,43,73,122,118,58,93,261,211,86,105,0,0,90,57,81,50,136,93,279,238,238,82,19,0,413,133,130,203,168,194,186,540,449,324,187,19,0
530110413293,158,276,61,52,47,52,12,74,203,193,188,20,0,0,161,188,70,115,61,43,0,318,251,77,0,12,451,0,0,0,0,0,0,207,0,0,20,88,51,11,18,107,73,105,87,20,84,9,0,69,76,0,65,100,81,38,96,124,58,11,206,20,157,127,11,83,207,154,143,183,144,142,20
530110413301,125,64,56,202,20,0,0,7,290,86,84,28,0,10,42,16,183,58,101,29,9,117,169,113,35,24,467,0,0,0,0,0,0,0,0,0,85,0,29,27,31,152,119,77,35,27,0,10,20,131,109,22,7,161,194,53,29,53,9,9,215,105,131,138,49,38,313,313,130,64,80,9,19
530110413302,80,147,192,40,17,35,0,0,186,237,88,18,0,23,26,116,99,124,90,15,7,97,200,130,53,24,457,0,0,19,0,0,0,0,35,0,7,86,40,6,36,186,85,61,90,70,26,0,48,43,11,16,48,108,117,140,197,9,39,11,138,55,129,51,22,84,294,202,201,287,79,65,11
530110413303,99,272,82,163,45,0,22,32,280,258,113,64,23,107,88,78,83,167,40,33,0,140,254,148,111,30,599,49,13,5,0,0,0,0,17,0,53,93,168,37,192,131,177,169,71,76,30,0,52,0,36,5,79,112,149,186,94,63,25,0,258,105,93,204,42,271,243,326,355,165,139,55,0
530110413311,222,214,137,63,98,13,19,136,313,121,196,75,26,136,79,187,130,89,44,0,32,293,266,122,48,5,234,102,4,86,192,46,12,73,17,0,96,30,69,32,176,189,81,42,93,74,17,14,67,62,56,48,243,189,134,28,48,126,27,36,240,163,92,125,80,419,378,215,70,141,200,44,50
530110413312,53,86,37,82,3,2,29,0,115,117,60,8,0,0,0,78,54,99,51,2,0,49,129,89,11,14,131,133,20,8,0,0,0,0,0,0,16,28,28,26,70,73,73,73,31,45,25,0,0,39,33,7,39,129,52,75,22,51,7,3,88,16,67,61,33,109,202,125,148,53,96,32,3
530110413321,152,230,161,102,31,72,0,10,279,257,202,31,17,6,77,85,89,295,131,17,10,191,158,128,152,109,739,0,0,0,0,0,0,9,0,0,34,106,71,94,142,220,162,98,71,49,18,0,17,27,49,53,134,128,214,75,171,130,58,23,250,51,133,120,147,276,348,376,173,242,179,76,23
530110413322,126,162,104,63,34,7,0,0,130,158,208,0,52,12,105,70,45,171,30,11,6,20,252,118,89,11,469,16,0,0,0,0,0,0,11,0,27,39,85,18,16,67,105,110,79,174,17,13,33,94,26,10,55,103,92,75,99,84,30,0,160,60,133,111,28,71,170,197,185,178,258,47,13
530110413331,146,227,55,115,38,0,8,0,224,226,139,0,0,8,106,143,101,94,101,36,0,141,223,156,42,27,580,9,0,0,0,0,0,0,0,0,48,125,27,52,46,166,118,86,198,38,10,7,0,27,42,96,20,126,87,54,162,145,0,4,198,48,152,69,148,66,292,205,140,360,183,10,11
530110413332,129,186,47,69,46,32,0,32,161,256,60,14,95,72,47,65,56,68,21,71,7,159,179,91,58,15,502,0,0,0,0,0,0,0,7,0,87,19,24,53,93,31,195,27,141,52,0,0,55,61,68,0,109,66,188,94,171,58,18,11,149,142,80,92,53,202,97,383,121,312,110,18,11
530110413341,0,76,128,115,86,0,17,0,130,229,63,0,0,16,30,30,37,157,41,111,0,30,158,161,73,0,422,0,0,0,0,0,0,0,0,0,74,41,0,55,63,60,76,205,60,10,37,0,16,12,131,14,178,5,124,162,37,55,16,0,215,90,53,131,69,241,65,200,367,97,65,53,0
530110413342,10,143,50,62,159,32,0,0,171,247,38,0,14,0,14,44,27,57,81,219,29,48,105,99,69,106,456,0,0,0,0,0,0,0,0,0,18,27,45,108,145,38,31,132,82,21,23,3,0,34,60,50,5,63,200,93,104,219,10,1,224,18,61,105,158,150,101,231,225,186,240,33,4
530110413351,185,258,112,112,33,0,13,39,172,318,184,24,20,24,67,137,68,165,117,91,0,204,238,215,45,11,682,20,0,11,0,0,0,0,0,0,151,69,98,11,89,156,149,117,182,118,60,0,85,71,84,60,107,110,168,244,66,166,78,0,237,236,140,182,71,196,266,317,361,248,284,138,0
530110413352,52,124,73,16,65,0,0,0,121,152,57,0,0,17,0,56,58,103,27,69,0,58,174,90,8,0,247,38,0,0,0,0,0,45,0,0,15,67,43,17,34,65,61,68,86,45,4,0,53,12,0,0,11,85,57,98,113,20,25,12,94,68,79,43,17,45,150,118,166,199,65,29,12
530110413353,176,141,180,222,69,0,80,0,241,322,305,0,43,17,48,157,118,186,104,195,0,143,311,295,38,81,853,0,0,0,0,0,0,0,15,0,93,108,233,108,83,175,165,217,127,113,43,8,80,50,161,62,132,141,167,228,72,200,52,0,427,173,158,394,170,215,316,332,445,199,313,95,8
530110413361,381,207,182,153,43,57,0,87,417,343,176,0,61,196,143,255,120,168,59,21,0,556,299,153,0,15,306,244,0,69,175,76,14,24,115,0,121,119,123,0,227,194,150,105,113,25,12,0,92,256,60,40,145,273,178,135,125,84,97,0,324,213,375,183,40,372,467,328,240,238,109,109,0
530110413362,136,93,25,0,0,0,0,0,92,87,75,0,14,66,0,20,48,73,13,20,7,120,45,82,0,0,241,0,0,0,13,0,0,0,0,0,11,0,0,0,0,66,0,135,29,121,10,0,0,0,0,0,33,38,138,71,52,68,0,15,5,11,0,0,0,33,104,138,206,81,189,10,15
530110413371,207,242,155,124,16,79,0,25,286,346,166,33,23,10,109,192,115,201,75,65,8,308,304,183,20,0,526,0,8,9,93,94,10,83,0,0,30,47,104,22,129,125,144,139,74,77,36,0,8,30,172,14,153,109,112,219,65,115,0,14,278,38,77,276,36,282,234,256,358,139,192,36,14
530110413372,205,150,86,94,38,28,0,0,278,122,201,30,19,52,37,104,87,95,123,54,67,229,158,12,98,37,285,11,12,18,65,38,42,113,17,0,56,29,40,0,58,167,50,52,44,70,11,30,21,20,0,0,15,226,79,96,50,40,15,48,191,77,49,40,0,73,393,129,148,94,110,26,78
530110414001,113,41,43,40,16,0,6,0,73,136,50,87,0,39,0,38,12,17,34,32,46,82,75,31,19,6,200,30,29,0,0,0,0,0,0,0,64,24,12,37,10,0,61,15,94,71,14,0,13,45,38,0,5,50,65,12,56,11,10,34,106,77,69,50,37,15,50,126,27,150,82,24,34
530110414002,287,322,127,168,41,14,4,73,197,331,362,73,50,125,47,153,62,263,67,123,50,257,416,161,40,39,670,110,0,25,107,0,25,26,0,0,0,0,134,82,87,81,103,206,238,208,32,0,178,64,40,41,157,134,165,135,202,242,0,107,281,178,64,174,123,244,215,268,341,440,450,32,107
530110414003,100,467,82,311,22,0,31,0,301,435,277,0,0,49,67,117,208,222,107,243,0,101,480,339,27,66,760,156,97,0,0,0,0,0,0,0,70,112,85,19,64,339,137,247,242,128,106,0,98,15,10,11,206,135,153,175,266,91,90,0,213,168,127,95,30,270,474,290,422,508,219,196,0
530110415001,25,215,61,85,23,9,0,14,232,104,68,0,8,25,54,84,50,117,22,58,14,109,192,55,7,41,281,14,27,30,28,11,27,0,0,0,49,15,11,56,46,135,23,104,46,41,0,0,44,7,0,64,73,112,79,49,42,46,0,0,172,93,22,11,120,119,247,102,153,88,87,0,0
530110415002,50,93,100,54,42,0,20,0,202,93,64,23,8,67,30,35,110,60,0,26,0,118,125,75,41,0,288,39,11,8,8,5,0,0,0,0,25,37,27,21,34,105,67,50,6,32,11,0,21,57,66,36,18,143,46,20,27,56,11,0,179,46,94,93,57,52,248,113,70,33,88,22,0
530110415003,79,182,41,9,19,1,0,0,36,137,158,8,25,0,10,109,35,14,89,41,0,135,144,31,10,11,240,19,0,0,43,19,0,0,10,0,10,0,10,2,0,47,23,110,52,51,76,0,10,11,28,6,33,11,9,40,88,107,41,0,38,20,11,38,8,33,58,32,150,140,158,117,0
530110416001,228,177,108,261,20,23,15,63,424,230,115,105,174,53,201,166,34,70,9,20,170,447,147,63,5,0,69,116,87,137,51,176,61,125,0,10,146,276,93,87,96,122,130,153,118,24,10,0,120,83,92,38,59,170,255,32,71,37,24,32,460,266,359,185,125,155,292,385,185,189,61,34,32
530110416002,222,173,54,148,0,4,0,45,178,231,147,62,26,44,87,86,52,217,6,21,80,181,222,78,36,4,246,33,71,29,0,0,50,35,127,10,30,16,16,0,212,88,42,164,66,100,25,0,0,23,68,34,57,83,129,122,75,35,0,40,118,30,39,84,34,269,171,171,286,141,135,25,40
530110417001,245,324,29,194,28,7,0,24,582,98,123,161,5,40,52,120,173,207,40,29,17,246,525,31,8,0,328,24,238,134,99,0,0,4,0,0,0,72,0,0,167,342,246,137,29,41,0,14,59,102,147,8,80,335,258,21,41,89,27,15,203,59,174,147,8,247,677,504,158,70,130,27,29
530110417002,342,260,129,26,45,31,0,168,304,285,76,126,85,84,50,245,112,131,0,0,88,403,196,134,0,12,240,26,55,72,147,135,122,36,0,0,99,63,4,18,205,218,183,133,139,17,14,0,86,93,19,42,88,195,52,88,69,31,26,0,180,185,156,23,60,293,413,235,221,208,48,40,0
530110418001,271,213,138,47,0,0,0,27,217,253,172,108,89,28,159,139,46,65,0,35,49,279,222,92,18,9,394,9,125,35,16,0,10,0,73,7,113,35,96,26,57,126,62,166,174,173,15,0,0,22,31,0,22,158,162,71,60,51,14,0,169,113,57,127,26,79,284,224,237,234,224,29,0
530110418002,102,104,26,83,108,32,36,7,238,162,84,8,7,44,114,162,54,38,58,6,42,80,255,78,16,20,326,36,113,16,0,0,0,0,0,0,119,123,38,26,89,112,144,47,51,11,7,13,40,42,17,0,32,143,36,66,36,29,7,13,231,159,165,55,26,121,255,180,113,87,40,14,26
530110418003,114,265,80,61,0,0,0,17,159,233,111,25,18,36,110,39,47,204,28,13,17,108,215,108,59,13,348,65,68,7,8,7,17,0,0,0,0,0,0,27,29,158,77,108,167,71,24,17,0,0,120,87,30,86,86,27,102,57,27,42,103,0,0,120,114,59,244,163,135,269,128,51,59
530110419001,243,226,61,24,2,2,0,0,205,182,171,58,96,44,39,95,56,88,50,32,105,173,206,29,29,16,309,10,23,67,0,4,0,145,0,0,18,3,41,10,8,179,51,88,73,56,43,18,9,9,9,2,25,93,68,84,60,62,59,20,93,27,12,50,12,33,272,119,172,133,118,102,38
530110419002,119,212,42,20,17,0,13,8,171,174,70,10,8,24,17,55,46,94,83,86,39,126,121,92,27,18,312,6,47,7,33,0,6,12,0,0,4,9,34,4,15,103,87,80,55,52,3,0,38,22,33,9,34,128,47,42,76,30,15,0,62,42,31,67,13,49,231,134,122,131,82,18,0
530110420001,115,78,67,33,10,9,0,9,133,78,92,31,7,34,17,40,16,100,47,20,25,110,121,34,6,16,240,0,0,8,16,18,0,26,4,0,37,17,14,0,48,96,61,41,32,33,6,4,8,15,24,6,31,45,32,30,34,54,24,10,81,45,32,38,6,79,141,93,71,66,87,30,14
530110420002,66,110,110,74,23,0,0,7,186,130,60,47,11,21,27,28,51,108,38,52,8,86,200,75,14,0,372,0,4,0,0,7,0,0,0,0,57,67,20,7,17,48,66,48,52,34,10,5,15,28,48,16,17,103,85,36,89,24,6,12,179,72,95,68,23,34,151,151,84,141,58,16,17
530110421001,115,187,60,36,25,0,0,39,100,188,96,42,5,7,24,44,95,48,77,81,20,110,156,96,12,29,388,0,28,0,0,7,0,0,0,0,0,10,26,0,46,64,66,84,69,65,9,32,0,0,31,0,38,166,34,102,55,38,5,29,67,0,10,57,0,84,230,100,186,124,103,14,61
530110421002,236,308,200,71,22,0,59,48,424,300,124,65,106,47,40,132,115,156,104,131,102,309,304,131,50,0,457,36,300,52,8,43,0,0,0,0,47,24,75,58,65,229,168,156,89,101,0,0,67,135,104,57,101,119,241,161,91,102,28,0,230,114,159,179,115,166,348,409,317,180,203,28,0
530110423001,249,137,91,28,13,0,0,13,237,134,134,50,69,11,110,100,55,30,38,55,97,159,176,17,13,56,272,10,39,36,22,9,36,38,0,56,84,12,33,0,25,183,44,33,24,53,5,0,42,0,19,66,57,80,101,98,56,97,28,25,131,126,12,52,66,82,263,145,131,80,150,33,25
530110423002,349,117,38,0,0,0,0,60,188,64,192,65,184,49,32,59,22,13,37,43,190,240,74,0,0,0,16,0,0,0,56,0,47,385,0,0,22,0,0,0,12,103,70,6,40,51,12,0,0,0,0,0,67,108,0,0,34,97,48,8,27,22,0,0,0,79,211,70,6,74,148,60,8
530110423003,294,208,191,8,0,44,0,0,243,185,317,135,84,33,39,15,59,101,84,195,162,262,262,44,15,0,328,89,26,0,0,0,42,260,0,0,8,38,37,0,11,90,133,99,49,50,63,0,51,81,0,76,45,153,77,107,54,97,117,0,214,59,119,37,76,56,243,210,206,103,147,180,0
530110424001,137,79,10,1,0,0,0,7,57,85,78,28,28,16,51,22,17,20,21,24,58,114,54,0,1,0,1,3,0,4,41,10,45,123,0,0,2,0,0,0,25,91,81,65,37,35,4,0,0,0,0,0,7,21,9,5,20,7,15,8,5,2,0,0,0,32,112,90,70,57,42,19,8
530110424002,646,93,7,0,0,0,0,19,270,195,262,138,111,23,160,89,22,81,78,44,226,470,50,0,0,0,0,0,0,0,2,13,43,688,0,0,0,0,3,4,15,99,105,55,59,95,34,26,0,0,0,0,14,76,27,40,105,89,60,33,3,0,0,3,4,29,175,132,95,164,184,94,59
530110425001,115,145,53,46,4,0,0,25,163,104,71,59,0,6,21,43,68,95,11,60,36,106,162,52,7,0,208,7,68,18,44,0,18,0,0,0,22,6,8,7,23,58,65,63,22,50,4,0,26,5,33,22,26,76,49,45,36,23,0,0,92,48,11,41,29,49,134,114,108,58,73,4,0
530110425002,264,205,47,24,0,0,0,39,301,138,62,29,65,48,74,142,45,66,26,45,66,312,138,24,0,0,117,11,31,31,29,13,234,74,0,0,12,32,4,12,51,171,89,52,42,14,15,0,6,4,14,16,28,98,51,64,38,32,21,0,82,18,36,18,28,79,269,140,116,80,46,36,0
530110426011,434,675,63,6,0,0,0,66,176,501,435,62,84,68,67,296,69,190,159,183,106,506,389,98,79,0,126,80,0,0,93,228,254,313,43,41,0,0,0,0,95,81,37,75,185,267,66,12,0,21,0,42,92,33,90,113,336,295,115,0,63,0,21,0,42,187,114,127,188,521,562,181,12
530110426021,338,294,40,82,0,0,0,69,247,252,186,44,33,24,92,303,93,77,25,63,45,403,205,56,45,0,247,74,22,138,81,88,104,0,0,0,83,0,17,0,109,175,123,158,147,28,0,0,0,0,154,0,80,74,115,18,60,98,56,0,166,83,0,171,0,189,249,238,176,207,126,56,0
530110426022,485,269,136,82,13,41,29,117,348,391,199,174,41,143,41,278,85,234,29,30,80,564,283,115,0,13,280,127,336,28,106,26,41,111,0,0,118,30,44,11,53,312,87,79,134,91,22,11,84,50,43,62,176,298,34,90,131,12,52,24,249,202,80,87,73,229,610,121,169,265,103,74,35
530110427001,486,351,90,15,14,19,0,34,372,392,177,296,90,38,80,164,202,68,25,12,133,487,214,112,0,29,181,51,251,172,73,75,66,106,0,0,27,16,60,0,26,163,223,100,168,66,19,0,112,54,27,0,52,274,111,110,261,48,68,0,145,139,70,87,0,78,437,334,210,429,114,87,0
530110427002,263,169,80,54,90,0,9,77,209,233,146,30,146,62,89,143,77,77,18,23,56,367,133,36,64,9,94,0,93,37,124,107,37,91,82,0,12,60,15,65,133,81,164,106,29,70,30,22,58,0,12,54,279,92,46,148,65,35,0,16,168,70,60,27,119,412,173,210,254,94,105,30,38
530110427003,211,200,39,39,21,0,0,26,171,206,107,55,53,0,113,163,73,27,15,11,13,200,176,101,20,0,180,53,96,26,34,26,11,84,0,0,62,33,20,0,58,194,79,108,37,85,0,0,35,27,0,0,112,181,35,100,86,59,20,2,53,97,60,20,0,170,375,114,208,123,144,20,2
530110428001,193,276,67,90,13,0,24,0,135,218,310,26,27,55,31,112,25,121,53,213,21,139,307,109,31,56,604,3,26,19,0,11,0,0,0,0,56,19,15,43,33,50,91,84,101,141,44,23,34,73,38,45,122,68,71,89,62,168,70,24,156,90,92,53,88,155,118,162,173,163,309,114,47
530110428002,192,371,47,3,3,0,0,24,152,269,171,42,0,8,100,152,109,62,58,85,44,200,299,73,0,0,464,17,80,3,35,8,9,0,0,0,28,6,15,0,33,79,117,107,135,135,41,0,17,0,26,0,6,66,85,207,131,115,0,8,65,45,6,41,0,39,145,202,314,266,250,41,8
530110429001,73,302,63,103,70,13,8,47,140,224,221,56,25,39,40,125,63,91,67,126,5,138,326,92,41,30,500,48,36,5,0,14,29,0,0,0,85,42,52,53,45,77,75,90,116,95,64,20,39,36,45,18,130,67,83,90,121,92,61,31,247,124,78,97,71,175,144,158,180,237,187,125,51
530110430001,56,148,27,19,13,37,5,0,83,80,142,0,16,6,21,43,52,109,44,14,13,55,128,71,33,5,275,17,12,0,0,0,0,0,1,0,14,4,22,30,22,20,61,26,46,33,32,10,0,29,53,9,36,21,65,20,42,45,38,24,79,14,33,75,39,58,41,126,46,88,78,70,34
530110430002,113,127,83,95,19,0,0,10,182,93,152,27,6,43,27,124,75,76,39,20,42,161,135,41,39,19,237,34,23,87,5,6,9,20,16,0,20,0,21,69,27,114,58,94,67,63,35,3,129,41,20,0,42,77,86,36,66,59,36,3,139,149,41,41,69,69,191,144,130,133,122,71,6
530110431001,203,194,114,70,0,0,0,0,191,238,152,101,37,0,41,88,149,113,23,29,43,242,125,133,38,0,490,25,0,0,0,10,38,18,0,0,54,36,68,0,13,44,114,112,124,0,18,36,0,70,71,23,0,144,102,169,32,76,90,32,143,54,106,139,23,13,188,216,281,156,76,108,68
530110431002,102,154,57,18,57,0,0,0,108,175,105,8,0,11,42,70,49,57,71,80,0,143,116,67,54,8,365,16,7,0,0,0,0,0,0,0,42,24,17,0,0,45,50,118,95,41,13,26,16,40,17,24,0,66,54,92,64,33,26,13,82,58,64,34,24,0,111,104,210,159,74,39,39
530110431003,76,244,45,38,8,0,0,0,71,176,164,12,15,0,43,38,52,77,35,139,0,70,106,162,48,25,318,27,31,29,6,0,0,0,0,0,28,0,0,31,26,70,37,57,118,98,46,10,24,0,0,0,31,23,23,84,65,128,88,11,51,52,0,0,31,57,93,60,141,183,226,134,21
530110431004,62,117,108,22,27,6,22,9,67,84,204,7,42,46,34,39,44,38,74,40,13,93,126,83,27,22,339,13,0,0,0,0,0,0,12,0,50,21,28,13,8,43,21,116,58,71,13,67,6,27,5,10,28,108,30,19,60,94,56,6,92,56,48,33,23,36,151,51,135,118,165,69,73
530599501001,26,22,0,7,0,0,0,0,7,22,26,0,0,26,0,0,0,17,12,0,12,26,17,0,0,0,55,0,0,0,0,0,0,0,0,0,0,10,0,0,0,7,0,0,25,26,0,0,0,7,0,0,0,0,7,0,22,0,0,0,0,0,17,0,0,0,7,7,0,47,26,0,0
530599502001,144,270,178,27,54,5,0,42,130,256,250,90,20,17,18,56,148,128,41,160,12,114,223,170,94,65,550,16,23,0,0,0,0,0,89,0,8,66,27,0,96,64,58,220,96,178,65,16,55,0,49,15,57,69,119,290,101,129,25,0,164,63,66,76,15,153,133,177,510,197,307,90,16
530599502002,72,266,45,45,29,23,12,4,109,263,116,28,42,33,18,58,63,98,68,84,14,30,179,132,98,39,441,0,4,0,0,0,0,0,47,0,22,24,79,22,32,37,97,127,96,84,21,4,14,44,22,48,52,42,144,87,160,49,11,6,101,36,68,101,70,84,79,241,214,256,133,32,10
530599502003,170,281,90,61,21,2,9,0,187,211,236,34,32,39,86,74,116,171,47,35,15,165,259,127,51,17,478,11,31,32,0,0,24,6,41,11,17,58,61,43,80,77,82,84,110,98,63,31,25,19,37,19,42,83,97,98,98,104,63,14,112,42,77,98,62,122,160,179,182,208,202,126,45
530599503001,89,167,54,60,11,19,0,0,108,113,179,33,35,47,50,51,71,68,21,24,48,48,151,61,34,58,263,7,27,24,0,9,25,0,45,0,6,12,37,38,55,33,36,43,47,78,31,0,14,52,20,13,11,11,69,66,44,121,3,28,96,20,64,57,51,66,44,105,109,91,199,34,28
530599503002,156,185,60,66,26,11,0,7,170,203,124,48,27,44,32,58,48,96,94,57,44,114,162,96,41,47,384,11,13,23,21,17,0,0,35,0,13,36,17,0,35,83,95,72,62,98,31,0,14,57,33,19,20,52,58,96,101,91,24,0,118,27,93,50,19,55,135,153,168,163,189,55,0
530599504001,63,132,71,40,18,7,0,0,137,104,90,23,26,7,6,49,50,118,47,5,6,45,127,78,38,37,276,0,15,0,0,0,0,0,36,4,6,7,19,0,17,6,62,56,69,76,8,0,21,0,20,44,71,37,91,56,109,22,0,0,61,27,7,39,44,88,43,153,112,178,98,8,0
530599504002,157,315,81,45,11,12,1,0,133,262,227,22,51,64,49,119,85,70,74,88,21,85,255,143,104,14,481,2,9,18,0,0,0,0,85,27,48,22,32,17,25,55,113,78,189,75,66,24,4,36,33,29,48,94,70,65,169,114,69,7,95,52,58,65,46,73,149,183,143,358,189,135,31
530599505001,68,144,64,84,21,0,0,0,111,130,140,23,29,55,10,49,82,87,29,17,31,63,59,119,65,44,296,0,15,7,0,0,0,0,54,9,75,24,8,0,14,110,94,16,141,88,13,22,55,13,0,26,8,84,6,35,15,100,25,9,85,130,37,8,26,22,194,100,51,156,188,38,31
530599505002,209,268,43,89,22,20,0,0,126,261,264,70,173,50,40,88,92,118,12,8,26,226,270,102,27,0,396,19,0,0,0,0,0,0,211,25,0,66,47,0,80,121,24,75,195,31,14,31,88,30,72,33,35,96,44,121,184,17,67,138,166,88,96,119,33,115,217,68,196,379,48,81,169
