geography,id,num_hh_control,hh_by_type_sf_control,hh_by_type_sfa_control,hh_by_type_dup_control,hh_by_type_mf4_control,hh_by_type_mf9_control,hh_by_type_mf19_control,hh_by_type_mf49_control,hh_by_type_mf50_control,hh_by_type_mh_control,hh_by_type_rv_control,hh_size_1_control,hh_size_2_control,hh_size_3_control,hh_size_4_control,hh_size_5_control,hh_size_6_control,hh_size_7_control,hh_inc_1_control,hh_inc_2_control,hh_inc_3_control,hh_inc_4_control,hh_inc_5_control,hh_inc_6_control,hh_inc_7_control,hh_inc_8_control,hh_inc_9_control,hhkid_control,hh_veh_0_control,hh_veh_1_control,hh_veh_2_control,hh_veh_3_control,hh_veh_4_control,hh_veh_5_control,hh_age_1_control,hh_age_2_control,hh_age_3_control,hh_age_4_control,hh_age_5_control,hh_age_6_control,hh_age_7_control,hh_age_8_control,hh_age_9_control,hh_age_10_control,hh_age_11_control,hh_age_12_control,persons_occ_1_control,persons_occ_2_control,persons_occ_4_control,persons_occ_5_control,persons_occ_6_control,hh_wrks_0_control,hh_wrks_1_control,hh_wrks_2_control,hh_wrks_3_plus_control,num_hh_result,hh_by_type_sf_result,hh_by_type_sfa_result,hh_by_type_dup_result,hh_by_type_mf4_result,hh_by_type_mf9_result,hh_by_type_mf19_result,hh_by_type_mf49_result,hh_by_type_mf50_result,hh_by_type_mh_result,hh_by_type_rv_result,hh_size_1_result,hh_size_2_result,hh_size_3_result,hh_size_4_result,hh_size_5_result,hh_size_6_result,hh_size_7_result,hh_inc_1_result,hh_inc_2_result,hh_inc_3_result,hh_inc_4_result,hh_inc_5_result,hh_inc_6_result,hh_inc_7_result,hh_inc_8_result,hh_inc_9_result,hhkid_result,hh_veh_0_result,hh_veh_1_result,hh_veh_2_result,hh_veh_3_result,hh_veh_4_result,hh_veh_5_result,hh_age_1_result,hh_age_2_result,hh_age_3_result,hh_age_4_result,hh_age_5_result,hh_age_6_result,hh_age_7_result,hh_age_8_result,hh_age_9_result,hh_age_10_result,hh_age_11_result,hh_age_12_result,persons_occ_1_result,persons_occ_2_result,persons_occ_4_result,persons_occ_5_result,persons_occ_6_result,hh_wrks_0_result,hh_wrks_1_result,hh_wrks_2_result,hh_wrks_3_plus_result,num_hh_diff,hh_by_type_sf_diff,hh_by_type_sfa_diff,hh_by_type_dup_diff,hh_by_type_mf4_diff,hh_by_type_mf9_diff,hh_by_type_mf19_diff,hh_by_type_mf49_diff,hh_by_type_mf50_diff,hh_by_type_mh_diff,hh_by_type_rv_diff,hh_size_1_diff,hh_size_2_diff,hh_size_3_diff,hh_size_4_diff,hh_size_5_diff,hh_size_6_diff,hh_size_7_diff,hh_inc_1_diff,hh_inc_2_diff,hh_inc_3_diff,hh_inc_4_diff,hh_inc_5_diff,hh_inc_6_diff,hh_inc_7_diff,hh_inc_8_diff,hh_inc_9_diff,hhkid_diff,hh_veh_0_diff,hh_veh_1_diff,hh_veh_2_diff,hh_veh_3_diff,hh_veh_4_diff,hh_veh_5_diff,hh_age_1_diff,hh_age_2_diff,hh_age_3_diff,hh_age_4_diff,hh_age_5_diff,hh_age_6_diff,hh_age_7_diff,hh_age_8_diff,hh_age_9_diff,hh_age_10_diff,hh_age_11_diff,hh_age_12_diff,persons_occ_1_diff,persons_occ_2_diff,persons_occ_4_diff,persons_occ_5_diff,persons_occ_6_diff,hh_wrks_0_diff,hh_wrks_1_diff,hh_wrks_2_diff,hh_wrks_3_plus_diff
TRACT,53011040101,1761,1380,8,0,0,0,7,0,0,329,37,433,605,161,202,228,44,88,101,111,54,131,387,178,373,237,189,532,93,222,594,463,184,205,551,469,320,162,415,989,377,761,670,601,246,45,833,344,375,340,224,549,615,472,125,1761,1381,8,0,0,0,7,0,0,329,36,413,591,160,205,235,45,103,101,111,54,132,387,178,372,237,189,531,93,222,595,463,183,205,540,459,315,157,405,968,369,747,657,589,241,44,811,338,369,333,222,538,611,479,133,0,1,0,0,0,0,0,0,0,0,-1,-20,-14,-1,3,7,1,15,0,0,0,1,0,0,-1,0,0,-1,0,0,1,0,-1,0,-11,-10,-5,-5,-10,-21,-8,-14,-13,-12,-5,-1,-22,-6,-6,-7,-2,-11,-4,7,8
TRACT,53011040102,1184,1035,0,0,0,0,0,0,0,142,7,100,542,190,81,70,109,92,89,26,18,112,136,203,330,128,142,356,49,98,494,286,215,42,519,197,278,166,322,422,417,271,624,357,301,29,408,130,252,273,139,344,462,313,65,1184,1036,0,0,0,0,0,0,0,141,7,99,540,188,81,70,110,96,89,26,18,112,136,202,330,128,143,358,49,98,494,285,216,42,516,198,278,166,320,421,417,272,625,357,300,28,426,137,263,282,145,357,464,302,61,0,1,0,0,0,0,0,0,0,-1,0,-1,-2,-2,0,0,1,4,0,0,0,0,0,-1,0,0,1,2,0,0,0,-1,1,0,-3,1,0,0,-2,-1,0,1,1,0,-1,-1,18,7,11,9,6,13,2,-11,-4
TRACT,53011040201,2366,1808,51,73,9,0,0,0,0,396,29,372,807,392,300,250,25,220,160,80,91,380,233,181,470,317,454,784,0,439,743,463,527,194,569,432,566,339,597,848,499,641,670,879,396,109,1019,437,659,638,383,694,819,645,208,2366,1810,51,73,9,0,0,0,0,395,28,424,862,390,281,220,21,168,160,80,91,380,233,181,472,317,452,786,0,440,745,463,525,193,605,459,603,360,637,911,535,690,722,946,427,117,1010,434,656,634,381,675,822,662,207,0,2,0,0,0,0,0,0,0,-1,-1,52,55,-2,-19,-30,-4,-52,0,0,0,0,0,0,2,0,-2,2,0,1,2,0,-2,-1,36,27,37,21,40,63,36,49,52,67,31,8,-9,-3,-3,-4,-2,-19,3,17,-1
TRACT,53011040202,1406,1058,2,0,0,0,0,0,0,337,9,169,551,207,168,147,106,58,88,15,53,105,205,263,238,213,226,452,3,99,553,481,163,107,290,295,442,228,333,370,479,497,539,578,249,45,490,218,344,256,177,322,531,442,111,1406,1059,2,0,0,0,0,0,0,336,9,172,557,206,166,144,103,58,88,15,53,105,205,263,238,213,226,453,3,99,553,481,163,107,291,297,445,230,337,374,483,504,546,585,252,46,540,243,381,282,196,362,540,410,94,0,1,0,0,0,0,0,0,0,-1,0,3,6,-1,-2,-3,-3,0,0,0,0,0,0,0,0,0,0,1,0,0,0,0,0,0,1,2,3,2,4,4,4,7,7,7,3,1,50,25,37,26,19,40,9,-32,-17
TRACT,53011040203,1875,1470,0,0,0,0,0,0,0,405,0,347,791,215,299,164,40,19,69,90,112,179,178,220,572,186,269,561,135,260,607,412,270,191,190,229,561,236,502,415,671,815,902,450,383,288,853,244,475,262,273,552,644,544,135,1875,1470,0,0,0,0,0,0,0,405,0,318,748,209,299,168,43,23,69,90,112,179,178,221,571,186,269,561,135,259,607,412,270,192,185,225,546,228,485,403,651,792,879,438,372,280,863,252,480,266,281,567,642,534,132,0,0,0,0,0,0,0,0,0,0,0,-29,-43,-6,0,4,3,4,0,0,0,0,0,1,-1,0,0,0,0,-1,0,0,0,1,-5,-4,-15,-8,-17,-12,-20,-23,-23,-12,-11,-8,10,8,5,4,8,15,-2,-10,-3
TRACT,53011040301,696,604,0,6,0,0,0,0,0,86,0,98,261,98,112,81,38,8,33,48,9,25,93,85,98,138,167,196,32,80,272,183,55,74,77,192,152,74,168,96,349,227,317,189,141,43,499,104,192,39,87,194,172,241,89,696,604,0,6,0,0,0,0,0,86,0,100,262,98,111,80,37,8,33,48,9,24,94,85,98,137,168,197,32,80,271,183,56,74,78,195,154,74,172,96,355,232,320,191,143,43,505,108,194,41,89,195,174,239,88,0,0,0,0,0,0,0,0,0,0,0,2,1,0,-1,-1,-1,0,0,0,0,-1,1,0,0,-1,1,1,0,0,-1,0,1,0,1,3,2,0,4,0,6,5,3,2,2,0,6,4,2,2,2,1,2,-2,-1
TRACT,53011040303,1848,1384,333,0,0,31,0,16,70,14,0,305,733,369,181,141,102,17,73,16,0,90,322,244,527,354,222,685,129,244,1032,271,118,54,420,419,428,246,214,1093,669,707,680,345,253,29,1250,549,537,243,310,398,629,738,83,1848,1386,332,0,0,30,0,16,70,14,0,287,707,363,183,145,108,20,73,16,0,90,322,244,528,353,222,687,129,243,1032,272,118,54,410,409,419,240,209,1067,655,689,665,337,247,28,1169,522,504,227,294,367,615,766,100,0,2,-1,0,0,-1,0,0,0,0,0,-18,-26,-6,2,4,6,3,0,0,0,0,0,0,1,-1,0,2,0,-1,0,1,0,0,-10,-10,-9,-6,-5,-26,-14,-18,-15,-8,-6,-1,-81,-27,-33,-16,-16,-31,-14,28,17
TRACT,53011040304,1020,973,0,0,0,0,0,0,0,47,0,115,444,130,202,16,99,14,58,0,0,93,100,233,242,85,209,399,0,103,668,176,51,22,362,343,180,85,127,130,609,329,167,608,92,22,616,65,208,70,156,343,305,323,49,1020,972,0,0,0,0,0,0,0,48,0,113,442,130,202,16,101,15,58,0,0,94,100,233,241,86,208,398,0,103,668,175,52,22,358,341,177,82,124,129,602,325,167,605,91,22,612,66,205,70,155,343,304,324,49,0,-1,0,0,0,0,0,0,0,1,0,-2,-2,0,0,0,2,1,0,0,0,1,0,0,-1,1,-1,-1,0,0,0,-1,1,0,-4,-2,-3,-3,-3,-1,-7,-4,0,-3,-1,0,-4,1,-3,0,-1,0,-1,1,0
TRACT,53011040305,1031,932,0,99,0,0,0,0,0,0,0,192,299,259,107,131,13,30,41,22,28,143,119,178,285,71,144,437,0,171,423,287,150,0,154,258,232,196,112,540,259,379,546,246,27,85,443,229,197,150,192,237,476,264,54,1031,933,0,98,0,0,0,0,0,0,0,190,298,257,107,133,13,32,41,22,28,143,118,178,285,72,144,438,0,171,423,286,151,0,153,257,231,195,110,534,259,378,546,246,27,85,438,230,194,150,192,235,474,266,56,0,1,0,-1,0,0,0,0,0,0,0,-2,-1,-2,0,2,0,2,0,0,0,0,-1,0,0,1,0,1,0,0,0,-1,1,0,-1,-1,-1,-1,-2,-6,0,-1,0,0,0,0,-5,1,-3,0,0,-2,-2,2,2
TRACT,53011040403,1434,1260,19,0,0,0,0,0,0,155,0,227,449,278,323,128,29,0,63,25,63,49,217,147,434,119,317,503,4,242,382,395,229,182,257,215,329,179,321,184,562,751,733,473,100,98,622,308,495,257,186,343,566,431,94,1434,1260,19,0,0,0,0,0,0,155,0,218,443,278,328,132,31,0,63,26,63,49,217,147,434,118,317,504,4,242,384,395,228,181,253,211,323,175,313,181,551,737,721,464,99,96,601,300,477,248,182,331,563,440,100,0,0,0,0,0,0,0,0,0,0,0,-9,-6,0,5,4,2,0,0,1,0,0,0,0,0,-1,0,1,0,0,2,0,-1,-1,-4,-4,-6,-4,-8,-3,-11,-14,-12,-9,-1,-2,-21,-8,-18,-9,-4,-12,-3,9,6
TRACT,53011040407,2247,1398,138,34,155,63,39,22,225,173,0,521,636,378,324,121,92,175,107,47,84,235,312,429,575,291,167,922,178,511,891,302,331,34,420,450,431,432,865,719,932,568,524,339,147,103,1107,369,523,427,716,355,834,924,134,2247,1400,138,34,154,63,39,22,224,173,0,584,670,375,302,106,76,134,107,47,84,237,312,428,574,291,167,919,178,512,891,303,330,33,445,476,456,457,919,767,994,609,562,363,157,110,1147,384,544,448,740,367,842,913,125,0,2,0,0,-1,0,0,0,-1,0,0,63,34,-3,-22,-15,-16,-41,0,0,0,2,0,-1,-1,0,0,-3,0,1,0,1,-1,-1,25,26,25,25,54,48,62,41,38,24,10,7,40,15,21,21,24,12,8,-11,-9
TRACT,53011040408,1281,1194,15,8,0,0,0,0,0,64,0,169,614,135,235,64,50,14,31,17,74,27,195,134,309,232,262,306,21,135,478,348,212,87,111,165,210,216,341,234,280,552,749,708,249,54,760,201,366,129,109,392,397,401,91,1281,1194,15,8,0,0,0,0,0,64,0,156,586,133,235,66,53,17,31,17,74,27,195,134,309,232,262,306,21,135,478,349,211,87,108,161,204,210,331,227,272,535,731,689,241,54,743,200,361,129,109,388,395,403,95,0,0,0,0,0,0,0,0,0,0,0,-13,-28,-2,0,2,3,3,0,0,0,0,0,0,0,0,0,0,0,0,0,1,-1,0,-3,-4,-6,-6,-10,-7,-8,-17,-18,-19,-8,0,-17,-1,-5,0,0,-4,-2,2,4
TRACT,53011040409,815,695,112,8,0,0,0,0,0,0,0,88,416,109,70,73,42,17,5,16,42,33,73,145,200,121,180,239,6,149,336,188,110,26,114,115,175,69,58,259,295,206,313,346,162,68,519,55,180,44,160,285,199,276,55,815,695,112,8,0,0,0,0,0,0,0,93,426,107,68,68,38,15,5,16,42,33,73,144,200,122,180,237,6,149,336,187,111,26,115,117,179,71,60,268,301,213,323,356,167,71,534,57,186,47,162,291,201,271,52,0,0,0,0,0,0,0,0,0,0,0,5,10,-2,-2,-5,-4,-2,0,0,0,0,0,-1,0,1,0,-2,0,0,0,-1,1,0,1,2,4,2,2,9,6,7,10,10,5,3,15,2,6,3,2,6,2,-5,-3
TRACT,53011040411,1008,254,149,14,57,140,63,17,306,0,8,411,319,76,114,80,8,0,17,62,83,94,131,121,308,73,119,207,93,378,360,127,50,0,132,62,119,99,174,226,233,396,181,157,196,81,600,136,206,85,161,276,406,284,42,1008,254,149,14,57,140,64,16,307,0,7,428,318,73,108,73,7,0,17,62,82,94,131,122,308,73,119,208,93,378,360,127,50,0,134,66,125,102,180,235,241,411,187,162,203,83,585,133,201,83,158,264,406,293,45,0,0,0,0,0,0,1,-1,1,0,-1,17,-1,-3,-6,-7,-1,0,0,0,-1,0,0,1,0,0,0,1,0,0,0,0,0,0,2,4,6,3,6,9,8,15,6,5,7,2,-15,-3,-5,-2,-3,-12,0,9,3
TRACT,53011040412,2276,1548,411,0,67,53,99,19,67,12,0,465,840,497,349,71,19,35,78,21,87,243,302,422,503,167,453,748,5,754,1097,260,85,75,480,529,262,216,497,693,702,1006,549,513,366,90,1297,431,615,107,301,446,1022,742,66,2276,1548,411,0,67,53,99,19,67,12,0,462,834,494,350,72,20,37,78,21,87,244,302,421,503,166,454,751,5,755,1095,260,86,75,475,522,260,215,493,692,696,1001,550,514,365,90,1326,443,628,110,307,458,1025,728,65,0,0,0,0,0,0,0,0,0,0,0,-3,-6,-3,1,1,1,2,0,0,0,1,0,-1,0,-1,1,3,0,1,-2,0,1,0,-5,-7,-2,-1,-4,-1,-6,-5,1,1,-1,0,29,12,13,3,6,12,3,-14,-1
TRACT,53011040413,1120,742,60,0,24,28,124,45,84,13,0,236,427,179,121,92,35,30,50,78,77,96,155,215,261,106,82,370,76,268,412,201,83,80,151,193,179,224,376,518,354,461,339,257,134,75,428,333,403,197,236,248,380,406,86,1120,743,60,0,24,28,123,45,84,13,0,226,420,178,123,95,37,35,50,78,77,96,155,214,261,106,83,370,76,268,411,201,84,80,148,188,177,219,369,507,348,453,333,252,132,74,417,324,393,192,233,243,375,411,91,0,1,0,0,0,0,-1,0,0,0,0,-10,-7,-1,2,3,2,5,0,0,0,0,0,-1,0,0,1,0,0,0,-1,0,1,0,-3,-5,-2,-5,-7,-11,-6,-8,-6,-5,-2,-1,-11,-9,-10,-5,-3,-5,-5,5,5
TRACT,53011040414,2089,1881,51,0,38,0,38,33,13,35,0,273,613,324,527,138,111,103,105,26,67,74,373,324,514,333,273,935,27,327,805,687,129,114,640,514,372,316,759,750,962,997,565,459,354,15,1135,318,581,211,419,413,748,701,227,2089,1882,51,0,38,0,37,33,13,35,0,276,618,323,523,137,108,104,104,26,67,74,374,324,513,334,273,935,27,326,805,687,130,114,644,519,375,319,762,757,970,1006,570,465,356,15,1181,336,609,224,440,435,757,684,213,0,1,0,0,0,0,-1,0,0,0,0,3,5,-1,-4,-1,-3,1,-1,0,0,0,1,0,-1,1,0,0,0,-1,0,0,1,0,4,5,3,3,3,7,8,9,5,6,2,0,46,18,28,13,21,22,9,-17,-14
TRACT,53011040415,1584,1344,17,48,84,12,9,64,0,6,0,237,717,210,214,99,107,0,100,60,111,93,438,195,325,243,19,427,15,321,612,450,133,53,285,220,201,183,469,663,771,406,412,606,308,67,488,310,339,268,435,446,633,422,83,1584,1344,17,48,84,12,9,64,0,6,0,223,695,207,216,103,113,0,100,60,112,93,437,195,326,242,19,427,15,321,612,449,133,54,279,215,196,177,455,646,751,399,402,593,302,65,475,304,333,261,429,439,627,431,87,0,0,0,0,0,0,0,0,0,0,0,-14,-22,-3,2,4,6,0,0,0,1,0,-1,0,1,-1,0,0,0,0,0,-1,0,1,-6,-5,-5,-6,-14,-17,-20,-7,-10,-13,-6,-2,-13,-6,-6,-7,-6,-7,-6,9,4
TRACT,53011040416,1222,1110,0,0,0,0,0,0,0,112,0,119,553,194,196,75,40,45,6,59,41,50,47,226,345,234,214,384,0,193,370,490,143,26,168,139,324,187,196,212,537,417,658,431,279,44,706,246,388,194,277,259,441,417,105,1222,1110,0,0,0,0,0,0,0,112,0,118,556,193,193,76,40,46,6,59,41,50,48,226,344,235,213,385,0,193,371,489,143,26,167,137,323,187,198,212,537,417,664,432,280,44,687,243,379,188,272,251,438,423,110,0,0,0,0,0,0,0,0,0,0,0,-1,3,-1,-3,1,0,1,0,0,0,0,1,0,-1,1,-1,1,0,0,1,-1,0,0,-1,-2,-1,0,2,0,0,0,6,1,1,0,-19,-3,-9,-6,-5,-8,-3,6,5
TRACT,53011040504,1584,1523,0,6,0,0,0,0,0,55,0,207,585,267,249,210,54,12,26,48,27,42,325,255,371,240,250,566,12,164,486,628,166,128,343,232,313,157,307,555,566,798,848,596,252,0,870,318,309,238,206,491,605,366,122,1584,1523,0,6,0,0,0,0,0,55,0,195,567,264,252,217,57,14,26,48,27,42,325,255,371,240,250,565,12,163,486,627,167,129,334,225,306,153,301,540,550,783,832,583,246,0,838,313,303,232,204,472,603,376,133,0,0,0,0,0,0,0,0,0,0,0,-12,-18,-3,3,7,3,2,0,0,0,0,0,0,0,0,0,-1,0,-1,0,-1,1,1,-9,-7,-7,-4,-6,-15,-16,-15,-16,-13,-6,0,-32,-5,-6,-6,-2,-19,-2,10,11
TRACT,53011040505,1995,1949,19,0,8,0,0,0,0,19,0,308,878,207,263,180,61,98,76,9,65,84,230,303,447,285,496,575,77,166,557,786,232,177,317,332,517,238,419,559,633,707,1012,1110,296,60,1048,298,499,401,266,625,741,390,239,1995,1949,19,0,8,0,0,0,0,19,0,297,864,207,266,185,63,112,76,9,65,84,230,303,447,286,495,576,77,166,557,786,232,177,312,328,509,234,412,550,622,697,998,1093,292,59,1025,296,490,393,264,612,737,396,250,0,0,0,0,0,0,0,0,0,0,0,-11,-14,0,3,5,2,14,0,0,0,0,0,0,0,1,-1,1,0,0,0,0,0,0,-5,-4,-8,-4,-7,-9,-11,-10,-14,-17,-4,-1,-23,-2,-9,-8,-2,-13,-4,6,11
TRACT,53011040507,924,405,49,111,6,36,34,18,85,180,0,238,359,89,119,14,26,79,69,32,68,130,231,171,135,40,48,285,14,297,302,102,115,94,117,89,175,234,232,226,231,346,314,378,84,9,291,227,124,63,167,250,457,197,20,924,405,49,111,7,36,34,18,85,179,0,248,364,89,115,13,26,69,69,32,68,130,231,171,135,40,48,287,14,296,302,103,115,94,120,92,182,239,237,232,238,356,323,388,87,9,305,235,130,66,173,253,455,194,22,0,0,0,0,1,0,0,0,0,-1,0,10,5,0,-4,-1,0,-10,0,0,0,0,0,0,0,0,0,2,0,-1,0,1,0,0,3,3,7,5,5,6,7,10,9,10,3,0,14,8,6,3,6,3,-2,-3,2
TRACT,53011040509,1303,916,99,95,54,8,39,33,9,23,27,325,441,246,92,122,9,68,111,113,34,136,198,228,368,81,34,383,62,381,268,373,61,158,102,227,166,84,244,730,449,335,372,355,39,115,657,439,322,205,345,279,439,491,94,1303,915,99,95,58,8,39,33,9,23,24,351,450,241,85,109,8,58,111,113,34,136,199,228,365,82,35,381,62,382,268,373,61,157,107,236,174,88,256,763,471,354,392,373,42,122,633,424,313,199,335,260,431,505,107,0,-1,0,0,4,0,0,0,0,0,-3,26,9,-5,-7,-13,-1,-10,0,0,0,0,1,0,-3,1,1,-2,0,1,0,0,0,-1,5,9,8,4,12,33,22,19,20,18,3,7,-24,-15,-9,-6,-10,-19,-8,14,13
TRACT,53011040510,2310,2041,104,25,0,0,0,0,33,107,0,348,1100,386,147,189,114,26,71,161,86,140,137,317,381,359,658,516,45,388,950,531,279,117,373,470,218,206,306,757,569,952,1155,876,351,32,1193,330,475,234,343,661,710,716,223,2310,2041,104,25,0,0,0,0,33,107,0,342,1090,387,149,194,120,28,71,161,86,139,137,317,380,360,659,519,45,387,951,532,279,116,370,465,216,203,301,748,562,941,1147,866,350,32,1250,352,499,248,364,697,718,691,204,0,0,0,0,0,0,0,0,0,0,0,-6,-10,1,2,5,6,2,0,0,0,-1,0,0,-1,1,1,3,0,-1,1,1,0,-1,-3,-5,-2,-3,-5,-9,-7,-11,-8,-10,-1,0,57,22,24,14,21,36,8,-25,-19
TRACT,53011040511,842,721,0,0,0,0,0,0,0,121,0,63,389,157,126,58,9,40,46,0,54,28,116,50,175,111,262,217,21,50,274,297,107,93,71,71,215,69,224,367,289,390,560,211,106,1,574,167,197,110,115,179,274,323,66,842,721,0,0,0,0,0,0,0,121,0,62,385,155,127,60,9,44,46,0,54,28,116,50,176,110,262,218,21,49,275,297,107,93,71,71,214,68,221,364,285,389,554,209,104,1,569,169,197,109,116,176,274,324,68,0,0,0,0,0,0,0,0,0,0,0,-1,-4,-2,1,2,0,4,0,0,0,0,0,0,1,-1,0,1,0,-1,1,0,0,0,0,0,-1,-1,-3,-3,-4,-1,-6,-2,-2,0,-5,2,0,-1,1,-3,0,1,2
TRACT,53011040512,848,808,40,0,0,0,0,0,0,0,0,89,332,156,230,23,18,0,42,35,45,0,73,141,239,103,170,391,45,84,363,250,29,77,116,192,201,134,88,184,420,465,307,211,78,44,581,122,243,46,142,117,308,400,23,848,808,40,0,0,0,0,0,0,0,0,86,326,157,234,24,20,0,42,35,45,0,73,141,239,103,170,390,45,84,362,251,29,77,113,188,197,130,87,182,409,454,303,209,77,43,593,128,249,48,147,122,311,392,23,0,0,0,0,0,0,0,0,0,0,0,-3,-6,1,4,1,2,0,0,0,0,0,0,0,0,0,0,-1,0,0,-1,1,0,0,-3,-4,-4,-4,-1,-2,-11,-11,-4,-2,-1,-1,12,6,6,2,5,5,3,-8,0
TRACT,53011040513,1712,1579,46,57,30,0,0,0,0,0,0,255,644,269,290,186,54,14,24,29,137,61,190,230,518,198,325,606,15,220,748,559,116,54,288,323,356,130,469,449,733,735,406,594,184,53,1047,290,789,158,59,277,418,908,109,1712,1579,46,57,30,0,0,0,0,0,0,266,652,267,283,178,51,15,24,29,137,61,191,230,518,198,324,605,15,220,747,560,116,54,293,329,363,133,477,458,745,750,419,608,189,55,1109,312,833,170,63,303,431,879,99,0,0,0,0,0,0,0,0,0,0,0,11,8,-2,-7,-8,-3,1,0,0,0,0,1,0,0,0,-1,-1,0,0,-1,1,0,0,5,6,7,3,8,9,12,15,13,14,5,2,62,22,44,12,4,26,13,-29,-10
TRACT,53011040603,1673,1436,19,28,0,0,0,0,0,190,0,295,654,229,281,108,50,56,51,35,100,78,141,145,384,287,452,547,70,120,432,600,308,143,87,315,357,305,411,296,639,822,845,615,215,87,918,192,430,145,317,517,503,547,106,1673,1435,19,28,0,0,0,0,0,191,0,283,644,228,285,112,53,65,51,35,100,78,141,146,384,287,451,548,70,120,432,600,308,143,84,311,351,299,403,289,627,807,833,605,211,86,906,194,424,145,316,510,501,552,110,0,-1,0,0,0,0,0,0,0,1,0,-12,-10,-1,4,4,3,9,0,0,0,0,0,1,0,0,-1,1,0,0,0,0,0,0,-3,-4,-6,-6,-8,-7,-12,-15,-12,-10,-4,-1,-12,2,-6,0,-1,-7,-2,5,4
TRACT,53011040604,2276,2115,32,0,0,0,0,0,0,129,0,202,707,595,382,208,147,35,27,20,110,73,208,394,791,249,404,928,20,326,842,580,309,199,389,505,487,291,604,991,1101,993,861,511,266,53,1596,524,920,210,490,280,712,1034,250,2276,2116,32,0,0,0,0,0,0,128,0,207,713,591,378,205,147,35,27,20,110,73,207,393,792,248,406,926,20,326,842,579,309,200,392,508,491,292,607,996,1107,1000,872,518,270,55,1566,522,905,209,487,273,706,1040,257,0,1,0,0,0,0,0,0,0,-1,0,5,6,-4,-4,-3,0,0,0,0,0,0,-1,-1,1,-1,2,-2,0,0,0,-1,0,1,3,3,4,1,3,5,6,7,11,7,4,2,-30,-2,-15,-1,-3,-7,-6,6,7
TRACT,53011040605,2364,1815,61,0,215,82,35,0,10,146,0,379,863,412,484,148,73,5,49,59,43,201,510,232,362,344,564,911,61,456,1007,571,198,71,369,583,746,233,219,1074,1023,994,843,553,264,137,1675,252,510,129,229,552,1044,650,118,2364,1819,61,0,212,82,35,0,10,145,0,352,828,410,498,158,83,7,49,59,43,202,510,231,362,343,565,913,61,455,1007,572,198,71,356,562,718,224,209,1030,981,954,815,533,255,133,1631,251,499,129,228,541,1040,661,122,0,4,0,0,-3,0,0,0,0,-1,0,-27,-35,-2,14,10,10,2,0,0,0,1,0,-1,0,-1,1,2,0,-1,0,1,0,0,-13,-21,-28,-9,-10,-44,-42,-40,-28,-20,-9,-4,-44,-1,-11,0,-1,-11,-4,11,4
TRACT,53011040608,1761,1302,123,51,0,46,28,49,120,42,0,302,543,369,369,69,58,51,56,45,55,149,179,153,391,205,528,812,57,318,850,371,103,62,245,293,514,370,342,344,670,959,625,511,126,27,1233,145,386,79,192,454,670,552,85,1761,1303,123,51,0,46,28,49,120,41,0,306,545,367,366,69,58,50,57,44,54,149,179,154,391,205,528,812,57,316,851,372,103,62,247,294,518,372,342,345,672,964,632,513,128,28,1233,148,389,80,193,450,670,556,85,0,1,0,0,0,0,0,0,0,-1,0,4,2,-2,-3,0,0,-1,1,-1,-1,0,0,1,0,0,0,0,0,-2,1,1,0,0,2,1,4,2,0,1,2,5,7,2,2,1,0,3,3,1,1,-4,0,4,0
TRACT,53011040609,1609,1566,31,0,0,0,12,0,0,0,0,82,430,311,538,153,89,6,69,16,25,33,61,137,295,297,676,931,13,143,833,480,64,76,175,447,590,533,290,209,901,963,554,440,61,45,1524,379,456,50,352,238,481,675,215,1609,1567,30,0,0,0,12,0,0,0,0,87,442,310,529,150,86,5,69,16,25,33,62,137,294,297,676,930,13,143,833,480,64,76,179,456,603,542,294,216,921,984,568,449,64,47,1468,374,442,51,341,224,473,687,225,0,1,-1,0,0,0,0,0,0,0,0,5,12,-1,-9,-3,-3,-1,0,0,0,0,1,0,-1,0,0,-1,0,0,0,0,0,0,4,9,13,9,4,7,20,21,14,9,3,2,-56,-5,-14,1,-11,-14,-8,12,10
TRACT,53011040610,1257,1203,23,0,0,0,8,0,0,23,0,162,350,183,421,68,72,1,23,14,14,25,42,133,205,303,498,639,8,187,639,237,155,31,117,402,471,261,295,304,535,825,503,236,100,16,1110,151,333,90,103,215,418,509,115,1257,1204,23,0,0,0,7,0,0,23,0,153,339,182,430,72,80,1,23,14,14,25,42,133,204,303,499,640,8,188,638,237,155,31,114,393,458,252,285,291,518,798,492,230,98,16,1101,153,332,91,105,214,420,508,115,0,1,0,0,0,0,-1,0,0,0,0,-9,-11,-1,9,4,8,0,0,0,0,0,0,0,-1,0,1,1,0,1,-1,0,0,0,-3,-9,-13,-9,-10,-13,-17,-27,-11,-6,-2,0,-9,2,-1,1,2,-1,2,-1,0
TRACT,53011040703,2279,1966,57,11,35,0,57,0,0,153,0,368,674,566,293,188,64,126,55,46,94,326,456,393,398,412,99,960,75,538,794,490,288,94,326,361,500,271,507,1069,1264,917,684,601,225,37,921,556,808,674,510,375,718,977,209,2279,1966,57,11,35,0,57,0,0,153,0,377,682,564,287,183,62,123,55,46,94,326,457,392,397,412,100,959,75,538,793,490,289,94,330,365,506,274,516,1085,1280,931,697,611,228,38,925,564,809,673,519,377,719,974,209,0,0,0,0,0,0,0,0,0,0,0,9,8,-2,-6,-5,-2,-3,0,0,0,0,1,-1,-1,0,1,-1,0,0,-1,0,1,0,4,4,6,3,9,16,16,14,13,10,3,1,4,8,1,-1,9,2,1,-3,0
TRACT,53011040706,1471,784,20,82,46,249,19,0,132,132,7,467,517,132,189,88,22,56,129,100,101,154,402,213,224,82,66,461,42,734,372,242,32,49,176,283,323,181,338,606,763,459,360,324,114,113,386,355,453,273,471,494,522,346,109,1471,785,20,82,46,248,19,0,132,132,7,449,507,132,193,90,23,65,129,100,101,154,400,213,225,82,67,461,42,733,371,242,33,50,173,278,316,178,330,596,746,450,357,318,112,110,368,340,430,257,450,471,518,360,122,0,1,0,0,0,-1,0,0,0,0,0,-18,-10,0,4,2,1,9,0,0,0,0,-2,0,1,0,1,0,0,-1,-1,0,1,1,-3,-5,-7,-3,-8,-10,-17,-9,-3,-6,-2,-3,-18,-15,-23,-16,-21,-23,-4,14,13
TRACT,53011040707,1108,1055,0,0,0,0,0,0,0,53,0,107,408,228,128,114,58,65,20,0,51,100,255,258,239,154,31,429,22,103,485,343,105,50,187,276,323,141,352,406,454,369,418,229,81,61,452,253,313,260,424,210,312,468,118,1108,1055,0,0,0,0,0,0,0,53,0,117,427,227,123,106,52,56,20,0,51,100,256,257,239,154,31,428,22,103,486,343,104,50,194,287,333,145,365,427,470,387,437,240,85,64,458,259,317,264,428,211,316,466,115,0,0,0,0,0,0,0,0,0,0,0,10,19,-1,-5,-8,-6,-9,0,0,0,0,1,-1,0,0,0,-1,0,0,1,0,-1,0,7,11,10,4,13,21,16,18,19,11,4,3,6,6,4,4,4,1,4,-2,-3
TRACT,53011040709,1902,1590,105,0,55,96,10,0,20,26,0,335,591,300,369,159,53,95,30,77,46,86,215,351,539,239,319,643,0,420,879,366,181,56,391,389,361,277,689,770,646,959,638,471,174,60,1168,491,407,210,381,409,555,651,287,1902,1592,105,0,55,96,9,0,20,25,0,335,594,298,367,158,52,98,30,77,46,86,215,350,539,239,320,643,0,420,878,367,181,56,390,390,363,277,688,770,647,963,640,474,174,61,1190,505,418,216,392,422,561,643,276,0,2,0,0,0,0,-1,0,0,-1,0,0,3,-2,-2,-1,-1,3,0,0,0,0,0,-1,0,0,1,0,0,0,-1,1,0,0,-1,1,2,0,-1,0,1,4,2,3,0,1,22,14,11,6,11,13,6,-8,-11
TRACT,53011040711,1038,714,8,0,62,60,14,0,180,0,0,138,330,171,254,80,56,9,55,88,85,67,186,91,276,161,29,418,46,236,469,183,74,30,199,340,249,78,364,458,453,355,406,206,32,13,576,370,245,162,234,82,467,401,88,1038,715,8,0,62,60,14,0,179,0,0,138,331,171,254,79,56,9,55,88,86,67,187,91,274,161,29,417,46,236,470,183,73,30,198,340,246,77,360,457,450,355,409,206,32,13,575,369,246,160,234,83,465,401,89,0,1,0,0,0,0,0,0,-1,0,0,0,1,0,0,-1,0,0,0,0,1,0,1,0,-2,0,0,-1,0,0,1,0,-1,0,-1,0,-3,-1,-4,-1,-3,0,3,0,0,0,-1,-1,1,-2,0,1,-2,0,1
TRACT,53011040712,2164,2098,66,0,0,0,0,0,0,0,0,298,790,398,268,326,24,60,32,28,174,239,161,369,590,304,267,869,79,270,854,718,176,67,249,778,546,251,394,764,1245,905,887,457,196,80,1178,440,470,495,704,332,800,856,176,2164,2098,66,0,0,0,0,0,0,0,0,287,777,397,273,335,25,70,32,28,174,238,161,369,591,304,267,869,79,270,855,717,176,67,243,764,538,246,384,749,1222,890,876,450,193,79,1142,433,460,481,690,323,789,866,186,0,0,0,0,0,0,0,0,0,0,0,-11,-13,-1,5,9,1,10,0,0,0,-1,0,0,1,0,0,0,0,0,1,-1,0,0,-6,-14,-8,-5,-10,-15,-23,-15,-11,-7,-3,-1,-36,-7,-10,-14,-14,-9,-11,10,10
TRACT,53011040713,1516,1499,17,0,0,0,0,0,0,0,0,223,470,200,255,312,56,0,33,12,27,144,273,193,342,224,268,678,12,260,672,397,124,51,388,393,213,279,354,525,588,769,451,468,112,2,1056,229,282,59,306,307,586,499,124,1516,1499,17,0,0,0,0,0,0,0,0,232,479,200,252,300,53,0,33,12,27,144,273,193,342,224,268,677,12,260,671,398,124,51,393,398,216,283,359,534,596,784,461,477,113,2,1071,234,288,61,313,313,589,493,121,0,0,0,0,0,0,0,0,0,0,0,9,9,0,-3,-12,-3,0,0,0,0,0,0,0,0,0,0,-1,0,0,-1,1,0,0,5,5,3,4,5,9,8,15,10,9,1,0,15,5,6,2,7,6,3,-6,-3
TRACT,53011040714,1768,512,86,42,80,175,439,126,276,32,0,279,611,574,184,111,9,0,135,96,129,87,441,280,376,150,74,879,71,722,611,338,0,26,389,569,306,120,578,983,610,353,409,266,49,20,1040,297,519,256,584,397,726,514,131,1768,515,86,42,80,174,438,125,276,32,0,274,606,575,187,114,9,0,135,96,129,87,441,281,376,149,74,882,71,722,612,337,0,26,383,563,302,118,571,973,604,350,407,264,49,20,930,269,468,228,524,353,707,556,152,0,3,0,0,0,-1,-1,-1,0,0,0,-5,-5,1,3,3,0,0,0,0,0,0,0,1,0,-1,0,3,0,0,1,-1,0,0,-6,-6,-4,-2,-7,-10,-6,-3,-2,-2,0,0,-110,-28,-51,-28,-60,-44,-19,42,21
TRACT,53011040715,948,772,0,0,0,0,29,0,0,147,0,247,408,147,43,45,30,28,44,41,21,62,126,160,307,84,103,199,11,163,240,344,110,80,107,196,87,116,189,194,332,285,573,503,128,59,594,143,273,167,85,230,390,265,63,948,772,0,0,0,0,29,0,0,147,0,224,384,142,42,46,32,35,44,41,21,62,126,161,307,84,102,200,11,163,241,343,109,81,105,190,87,113,184,189,322,278,555,486,123,57,568,140,265,164,83,225,386,268,69,0,0,0,0,0,0,0,0,0,0,0,-23,-24,-5,-1,1,2,7,0,0,0,0,0,1,0,0,-1,1,0,0,1,-1,-1,1,-2,-6,0,-3,-5,-5,-10,-7,-18,-17,-5,-2,-26,-3,-8,-3,-2,-5,-4,3,6
TRACT,53011040803,2038,1721,23,0,55,105,22,55,0,57,0,481,709,302,336,116,45,49,132,24,93,281,307,307,505,167,222,645,156,461,747,505,92,77,414,353,467,177,396,427,835,870,566,685,304,32,820,400,529,280,320,486,947,464,141,2038,1720,23,0,55,105,22,56,0,57,0,477,705,301,335,118,46,52,132,24,93,281,308,308,504,166,222,646,156,461,747,505,92,77,408,350,462,177,394,423,829,867,565,683,302,32,850,417,548,287,332,506,948,451,133,0,-1,0,0,0,0,0,1,0,0,0,-4,-4,-1,-1,2,1,3,0,0,0,0,1,1,-1,-1,0,1,0,0,0,0,0,0,-6,-3,-5,0,-2,-4,-6,-3,-1,-2,-2,0,30,17,19,7,12,20,1,-13,-8
TRACT,53011040806,1637,1585,44,0,0,0,0,0,8,0,0,403,481,306,261,78,61,47,42,46,67,164,238,217,424,315,124,551,35,242,714,428,139,79,239,171,344,351,463,630,836,605,592,448,269,84,1031,465,656,213,593,403,497,499,238,1637,1585,44,0,0,0,0,0,8,0,0,371,452,295,256,79,62,55,42,46,67,164,238,217,424,316,123,551,35,242,714,428,138,80,232,168,337,343,452,614,816,591,576,440,264,82,956,436,615,199,550,371,483,517,266,0,0,0,0,0,0,0,0,0,0,0,-32,-29,-11,-5,1,1,8,0,0,0,0,0,0,0,1,-1,0,0,0,0,0,-1,1,-7,-3,-7,-8,-11,-16,-20,-14,-16,-8,-5,-2,-75,-29,-41,-14,-43,-32,-14,18,28
TRACT,53011040808,644,385,29,30,0,0,0,0,34,166,0,193,179,149,83,21,12,7,37,69,49,88,111,81,101,74,34,247,35,221,206,87,65,30,34,147,155,86,93,171,305,347,158,183,68,8,240,134,216,77,166,165,233,227,19,644,384,29,30,0,0,0,0,35,166,0,180,171,144,82,21,12,8,37,70,49,87,113,81,100,74,33,245,36,221,207,86,65,29,32,144,151,84,90,166,299,337,156,179,67,8,231,129,208,74,159,160,233,231,20,0,-1,0,0,0,0,0,0,1,0,0,-13,-8,-5,-1,0,0,1,0,1,0,-1,2,0,-1,0,-1,-2,1,0,1,-1,0,-1,-2,-3,-4,-2,-3,-5,-6,-10,-2,-4,-1,0,-9,-5,-8,-3,-7,-5,0,4,1
TRACT,53011040809,2500,1390,372,6,55,115,184,130,181,67,0,713,878,323,385,164,35,2,237,163,198,233,614,261,341,223,230,757,167,759,956,416,115,87,296,273,397,294,856,1169,1408,628,899,406,259,47,1064,580,724,195,499,615,976,732,177,2500,1389,373,6,55,115,184,130,181,67,0,651,820,310,378,166,37,2,236,163,198,234,615,262,341,222,229,754,167,759,953,419,115,87,289,268,389,289,833,1134,1369,614,875,396,253,46,1051,575,717,193,494,609,973,735,183,0,-1,1,0,0,0,0,0,0,0,0,-62,-58,-13,-7,2,2,0,-1,0,0,1,1,1,0,-1,-1,-3,0,0,-3,3,0,0,-7,-5,-8,-5,-23,-35,-39,-14,-24,-10,-6,-1,-13,-5,-7,-2,-5,-6,-3,3,6
TRACT,53011040810,1431,761,338,61,8,78,106,0,23,56,0,366,349,296,263,66,77,14,77,56,0,150,204,216,409,274,45,438,26,355,492,312,202,44,216,238,149,108,392,652,503,479,617,402,79,21,487,383,616,249,411,201,610,450,170,1431,761,338,61,8,78,106,0,23,56,0,372,350,295,260,65,75,14,77,55,0,150,205,216,408,275,45,438,26,356,491,312,203,43,217,241,151,109,395,657,509,484,625,407,80,22,492,387,617,249,408,200,607,451,173,0,0,0,0,0,0,0,0,0,0,0,6,1,-1,-3,-1,-2,0,0,-1,0,0,1,0,-1,1,0,0,0,1,-1,0,1,-1,1,3,2,1,3,5,6,5,8,5,1,1,5,4,1,0,-3,-1,-3,1,3
TRACT,53011040811,1286,1190,0,0,0,0,0,0,0,96,0,150,666,197,151,74,48,0,20,85,0,84,135,221,295,172,274,336,51,135,671,223,134,72,80,229,161,129,349,310,442,425,414,751,214,74,607,92,300,144,211,415,488,278,105,1286,1190,0,0,0,0,0,0,0,96,0,143,642,193,150,75,50,0,20,85,0,84,135,222,294,172,274,334,50,136,670,224,134,72,79,224,158,127,342,303,433,416,407,739,211,73,610,94,303,145,210,418,487,276,105,0,0,0,0,0,0,0,0,0,0,0,-7,-24,-4,-1,1,2,0,0,0,0,0,0,1,-1,0,0,-2,-1,1,-1,1,0,0,-1,-5,-3,-2,-7,-7,-9,-9,-7,-12,-3,-1,3,2,3,1,-1,3,-1,-2,0
TRACT,53011040812,1924,1514,85,0,34,45,27,0,139,80,0,364,872,310,254,34,72,18,124,20,101,122,170,228,534,326,299,459,25,449,874,387,127,62,246,259,253,85,593,687,645,882,576,620,121,56,1029,272,498,310,278,555,474,666,229,1924,1513,86,0,34,45,27,0,139,80,0,354,857,308,254,35,74,20,124,20,101,122,170,228,534,327,298,459,25,448,874,387,128,62,241,256,251,84,584,675,635,872,571,616,119,56,1078,288,523,323,292,584,480,646,214,0,-1,1,0,0,0,0,0,0,0,0,-10,-15,-2,0,1,2,2,0,0,0,0,0,0,0,1,-1,0,0,-1,0,0,1,0,-5,-3,-2,-1,-9,-12,-10,-10,-5,-4,-2,0,49,16,25,13,14,29,6,-20,-15
TRACT,53011040904,2514,1645,59,0,113,145,275,159,118,0,0,515,1048,296,419,183,53,0,130,125,172,389,443,293,496,251,215,754,143,784,1012,343,173,59,480,300,248,209,398,1058,723,733,849,870,274,216,859,659,645,313,537,731,1005,496,282,2514,1645,59,0,113,145,275,159,118,0,0,521,1050,295,414,181,52,0,130,124,172,389,443,293,497,251,215,752,144,784,1010,344,173,59,481,300,248,210,399,1060,726,737,857,876,275,217,854,654,640,307,528,717,1002,505,290,0,0,0,0,0,0,0,0,0,0,0,6,2,-1,-5,-2,-1,0,0,-1,0,0,0,0,1,0,0,-2,1,0,-2,1,0,0,1,0,0,1,1,2,3,4,8,6,1,1,-5,-5,-5,-6,-9,-14,-3,9,8
TRACT,53011040905,1231,1111,11,0,0,0,0,0,0,97,12,326,435,93,223,75,23,56,32,11,188,122,119,92,198,211,258,314,13,252,429,345,104,88,157,233,330,111,329,313,405,450,381,433,254,44,647,179,434,119,355,289,559,290,93,1231,1111,11,0,0,0,0,0,0,97,12,322,434,93,223,76,22,61,32,11,187,122,119,92,198,212,258,315,13,252,430,345,104,87,156,230,325,111,326,310,403,448,382,433,252,44,617,172,412,112,341,275,553,301,102,0,0,0,0,0,0,0,0,0,0,0,-4,-1,0,0,1,-1,5,0,0,-1,0,0,0,0,1,0,1,0,0,1,0,0,-1,-1,-3,-5,0,-3,-3,-2,-2,1,0,-2,0,-30,-7,-22,-7,-14,-14,-6,11,9
TRACT,53011040907,2297,2194,84,0,19,0,0,0,0,0,0,228,961,422,443,130,36,77,0,88,39,112,95,265,455,432,811,868,30,216,1380,504,114,53,404,533,561,314,341,310,774,1178,1187,692,233,61,2172,197,961,113,49,398,728,1050,121,2297,2194,84,0,19,0,0,0,0,0,0,235,970,422,436,128,35,71,0,88,39,112,95,265,454,432,812,871,30,216,1381,504,114,52,405,536,566,317,345,312,786,1196,1207,704,237,62,2054,191,910,107,71,367,711,1086,133,0,0,0,0,0,0,0,0,0,0,0,7,9,0,-7,-2,-1,-6,0,0,0,0,0,0,-1,0,1,3,0,0,1,0,0,-1,1,3,5,3,4,2,12,18,20,12,4,1,-118,-6,-51,-6,22,-31,-17,36,12
TRACT,53011040908,2444,2417,27,0,0,0,0,0,0,0,0,509,1023,495,300,84,33,0,62,62,71,156,265,211,534,528,555,732,34,394,1204,469,291,52,308,295,388,354,286,579,888,971,1375,894,493,85,1897,518,714,128,347,589,764,913,178,2444,2417,27,0,0,0,0,0,0,0,0,455,942,469,294,85,34,0,62,62,71,156,265,211,533,529,555,727,34,393,1203,469,292,53,301,288,378,345,278,560,858,937,1336,866,477,82,1757,488,668,121,323,545,750,948,201,0,0,0,0,0,0,0,0,0,0,0,-54,-81,-26,-6,1,1,0,0,0,0,0,0,0,-1,1,0,-5,0,-1,-1,0,1,1,-7,-7,-10,-9,-8,-19,-30,-34,-39,-28,-16,-3,-140,-30,-46,-7,-24,-44,-14,35,23
TRACT,53011040909,2235,1583,338,93,27,14,15,0,59,106,0,623,838,340,310,124,0,0,86,83,172,207,218,203,525,386,355,536,31,557,1060,357,175,55,95,311,344,193,343,465,529,677,826,751,476,277,1258,405,247,229,247,780,636,723,96,2235,1582,339,93,27,14,15,0,59,106,0,615,833,340,312,127,0,0,86,83,172,207,217,204,525,387,354,534,31,557,1059,358,175,55,93,307,339,191,340,460,523,671,822,744,474,276,1255,407,249,227,246,780,636,722,97,0,-1,1,0,0,0,0,0,0,0,0,-8,-5,0,2,3,0,0,0,0,0,0,-1,1,0,1,-1,-2,0,0,-1,1,0,0,-2,-4,-5,-2,-3,-5,-6,-6,-4,-7,-2,-1,-3,2,2,-2,-1,0,0,-1,1
TRACT,53011040910,1454,1295,24,0,0,0,6,0,0,129,0,200,520,255,266,155,27,31,37,27,67,110,180,195,340,269,229,572,38,254,699,194,215,54,201,264,343,287,435,360,624,548,761,365,184,39,1101,482,202,205,330,324,407,579,144,1454,1296,23,0,0,0,6,0,0,129,0,195,511,253,267,158,28,35,37,27,67,110,180,194,339,270,230,573,37,254,700,194,215,54,199,261,338,284,431,356,617,543,754,362,181,39,1067,469,199,198,318,311,402,589,152,0,1,-1,0,0,0,0,0,0,0,0,-5,-9,-2,1,3,1,4,0,0,0,0,0,-1,-1,1,1,1,-1,0,1,0,0,0,-2,-3,-5,-3,-4,-4,-7,-5,-7,-3,-3,0,-34,-13,-3,-7,-12,-13,-5,10,8
TRACT,53011041003,1672,1435,35,0,24,16,74,17,62,9,0,490,710,227,137,55,24,29,92,25,42,132,299,233,459,229,161,265,116,321,759,290,136,50,218,184,108,106,262,531,441,475,950,580,204,142,731,378,339,59,356,430,724,456,62,1672,1435,35,0,24,16,74,17,62,9,0,469,690,226,140,58,27,35,92,25,42,132,299,233,460,229,160,265,116,322,759,289,136,50,214,180,106,103,257,523,429,463,927,566,198,139,731,385,344,61,359,437,721,453,61,0,0,0,0,0,0,0,0,0,0,0,-21,-20,-1,3,3,3,6,0,0,0,0,0,0,1,0,-1,0,0,1,0,-1,0,0,-4,-4,-2,-3,-5,-8,-12,-12,-23,-14,-6,-3,0,7,5,2,3,7,-3,-3,-1
TRACT,53011041005,1091,532,25,97,69,12,37,25,81,213,0,361,310,166,164,68,22,0,85,89,240,211,176,186,75,11,18,344,148,337,351,171,70,14,173,93,172,366,351,337,402,316,313,161,48,0,215,300,187,309,225,213,558,213,107,1091,532,25,97,68,12,37,25,82,213,0,351,304,166,167,71,24,0,85,89,240,210,177,187,74,11,18,345,148,337,350,172,70,14,170,90,167,359,345,331,394,310,308,159,47,0,221,312,195,313,232,224,560,208,99,0,0,0,0,-1,0,0,0,1,0,0,-10,-6,0,3,3,2,0,0,0,0,-1,1,1,-1,0,0,1,0,0,-1,1,0,0,-3,-3,-5,-7,-6,-6,-8,-6,-5,-2,-1,0,6,12,8,4,7,11,2,-5,-8
TRACT,53011041007,1374,1001,44,53,30,8,41,109,50,38,0,330,548,174,111,163,48,0,89,55,64,177,121,353,339,97,79,383,58,487,451,216,127,35,123,186,302,206,189,424,647,372,281,282,233,273,664,218,352,100,221,387,580,346,61,1374,1002,44,53,30,8,41,109,49,38,0,329,546,174,111,165,49,0,89,55,64,177,120,353,338,99,79,383,58,487,450,217,127,35,122,185,301,205,188,421,643,371,282,283,232,273,650,214,344,98,214,379,577,353,65,0,1,0,0,0,0,0,0,-1,0,0,-1,-2,0,0,2,1,0,0,0,0,0,-1,0,-1,2,0,0,0,0,-1,1,0,0,-1,-1,-1,-1,-1,-3,-4,-1,1,1,-1,0,-14,-4,-8,-2,-7,-8,-3,7,4
TRACT,53011041008,1461,1437,16,8,0,0,0,0,0,0,0,219,677,181,288,67,7,22,15,41,79,88,219,202,374,286,157,441,0,252,590,458,103,58,150,181,216,274,284,352,456,677,450,525,248,113,1041,188,391,163,257,455,349,536,121,1461,1436,17,8,0,0,0,0,0,0,0,216,669,182,289,68,7,24,15,41,79,88,218,203,374,286,157,442,0,252,589,459,103,58,148,177,214,272,281,350,452,673,450,521,246,112,1008,185,381,158,250,437,348,547,129,0,-1,1,0,0,0,0,0,0,0,0,-3,-8,1,1,1,0,2,0,0,0,0,-1,1,0,0,0,1,0,0,-1,1,0,0,-2,-4,-2,-2,-3,-2,-4,-4,0,-4,-2,-1,-33,-3,-10,-5,-7,-18,-1,11,8
TRACT,53011041009,1755,713,49,55,118,211,197,103,164,145,0,611,749,202,123,41,10,19,150,136,137,273,304,300,317,76,62,359,228,659,623,148,78,19,190,170,153,67,467,542,415,637,556,407,281,83,638,293,340,123,404,561,699,444,51,1755,714,49,55,118,210,197,103,164,145,0,585,729,200,123,42,10,21,150,136,138,273,304,299,317,76,62,358,228,658,623,148,78,20,187,168,150,66,460,533,408,625,550,403,277,82,645,299,344,126,407,570,699,436,50,0,1,0,0,0,-1,0,0,0,0,0,-26,-20,-2,0,1,0,2,0,0,1,0,0,-1,0,0,0,-1,0,-1,0,0,0,1,-3,-2,-3,-1,-7,-9,-7,-12,-6,-4,-4,-1,7,6,4,3,3,9,0,-8,-1
TRACT,53011041010,2115,803,66,49,354,92,163,177,138,249,24,754,793,277,207,62,0,22,215,181,80,391,344,351,391,117,45,502,117,847,919,134,66,32,433,223,122,114,428,858,564,531,665,498,181,108,738,505,461,160,486,504,946,587,78,2115,804,66,49,354,92,163,176,138,250,23,736,782,276,208,63,0,24,215,181,79,391,344,351,392,117,45,503,117,847,919,134,66,32,425,219,121,113,422,847,559,524,661,496,180,106,758,522,476,165,497,522,947,572,74,0,1,0,0,0,0,0,-1,0,1,-1,-18,-11,-1,1,1,0,2,0,0,-1,0,0,0,1,0,0,1,0,0,0,0,0,0,-8,-4,-1,-1,-6,-11,-5,-7,-4,-2,-1,-2,20,17,15,5,11,18,1,-15,-4
TRACT,53011041011,1409,1147,19,29,29,41,77,27,0,40,0,357,456,202,53,256,62,23,53,8,121,145,300,248,299,91,144,516,5,353,578,279,154,40,218,200,332,126,275,586,555,436,351,383,123,26,711,200,411,213,214,350,487,477,95,1409,1146,19,29,29,41,77,27,0,41,0,385,468,199,50,233,55,19,53,8,120,145,301,248,299,91,144,513,4,354,577,280,154,40,226,209,340,133,286,613,580,456,369,401,128,27,721,205,420,217,217,351,490,473,95,0,-1,0,0,0,0,0,0,0,1,0,28,12,-3,-3,-23,-7,-4,0,0,-1,0,1,0,0,0,0,-3,-1,1,-1,1,0,0,8,9,8,7,11,27,25,20,18,18,5,1,10,5,9,4,3,1,3,-4,0
TRACT,53011041104,1407,841,194,44,98,84,13,54,45,34,0,312,344,261,260,161,46,23,84,108,55,189,249,177,340,174,31,492,180,274,469,366,65,53,332,173,250,167,481,697,794,480,297,215,179,13,442,342,438,281,398,331,541,329,206,1407,840,194,44,98,85,13,54,45,34,0,316,345,259,258,159,47,23,84,108,56,189,248,178,340,173,31,492,180,275,469,365,65,53,333,176,251,168,483,699,797,482,299,217,181,13,453,348,444,283,403,335,542,327,203,0,-1,0,0,0,1,0,0,0,0,0,4,1,-2,-2,-2,1,0,0,0,1,0,-1,1,0,-1,0,0,0,1,0,-1,0,0,1,3,1,1,2,2,3,2,2,2,2,0,11,6,6,2,5,4,1,-2,-3
TRACT,53011041105,2445,1925,141,44,8,45,56,35,29,162,0,787,856,415,189,152,46,0,77,118,130,433,293,128,626,435,205,580,114,828,701,505,189,108,265,244,243,272,375,795,891,931,963,1066,346,63,926,463,574,557,466,645,876,742,182,2445,1925,141,44,8,45,56,35,29,162,0,719,800,399,186,154,48,0,77,118,130,433,293,128,627,434,205,577,114,827,702,506,189,107,261,240,236,266,365,773,867,906,939,1042,336,60,915,459,566,539,455,641,874,743,187,0,0,0,0,0,0,0,0,0,0,0,-68,-56,-16,-3,2,2,0,0,0,0,0,0,0,1,-1,0,-3,0,-1,1,1,0,-1,-4,-4,-7,-6,-10,-22,-24,-25,-24,-24,-10,-3,-11,-4,-8,-18,-11,-4,-2,1,5
TRACT,53011041107,1127,902,131,41,30,0,0,0,0,23,0,239,353,231,98,163,6,37,53,10,60,57,118,144,255,267,163,328,34,354,388,244,90,17,225,189,150,69,346,406,596,295,277,273,131,78,493,219,495,99,343,209,499,247,172,1127,902,131,41,30,0,0,0,0,23,0,252,359,230,95,154,6,31,53,10,60,57,118,144,254,267,164,329,34,354,388,244,90,17,230,194,154,72,355,418,612,306,285,282,136,81,499,222,495,100,342,208,499,248,172,0,0,0,0,0,0,0,0,0,0,0,13,6,-1,-3,-9,0,-6,0,0,0,0,0,0,-1,0,1,1,0,0,0,0,0,0,5,5,4,3,9,12,16,11,8,9,5,3,6,3,0,1,-1,-1,0,1,0
TRACT,53011041110,2448,1827,39,109,87,202,22,56,96,0,10,330,1117,460,215,221,39,66,76,120,33,180,375,417,653,482,112,807,57,482,835,768,257,49,334,424,586,330,284,1171,790,582,1427,579,363,26,1433,888,739,267,752,460,689,1185,114,2448,1826,39,109,88,202,22,56,96,0,10,326,1103,456,216,225,40,69,77,121,33,180,375,417,652,481,112,809,58,481,836,766,256,51,328,419,580,327,282,1160,785,577,1419,576,362,26,1340,832,693,248,699,425,673,1224,126,0,-1,0,0,1,0,0,0,0,0,0,-4,-14,-4,1,4,1,3,1,1,0,0,0,0,-1,-1,0,2,1,-1,1,-2,-1,2,-6,-5,-6,-3,-2,-11,-5,-5,-8,-3,-1,0,-93,-56,-46,-19,-53,-35,-16,39,12
TRACT,53011041111,1578,81,57,140,113,264,252,372,299,0,0,372,561,90,278,171,64,42,138,96,209,164,579,158,206,13,15,602,79,563,834,86,16,0,487,284,343,187,569,809,639,240,124,185,44,0,384,525,278,216,557,224,744,456,154,1578,81,57,140,113,264,252,373,298,0,0,418,585,89,255,149,53,28,139,96,209,164,578,158,206,13,15,601,79,564,834,85,16,0,515,302,364,199,608,873,691,257,133,201,48,0,415,556,297,228,583,237,764,441,136,0,0,0,0,0,0,0,1,-1,0,0,46,24,-1,-23,-22,-11,-14,1,0,0,0,-1,0,0,0,0,-1,0,1,0,-1,0,0,28,18,21,12,39,64,52,17,9,16,4,0,31,31,19,12,26,13,20,-15,-18
TRACT,53011041112,2709,1270,152,61,283,250,187,78,400,28,0,574,1297,288,321,195,23,11,64,195,113,250,663,519,662,133,110,729,150,956,1011,374,145,73,317,613,333,154,713,1469,913,684,722,401,381,197,1427,742,639,403,497,482,1199,806,222,2709,1272,151,61,283,250,187,78,400,27,0,555,1265,285,321,199,24,13,64,195,114,250,664,518,662,132,110,728,150,955,1012,374,144,74,312,605,329,153,702,1447,900,676,715,397,377,195,1398,729,628,394,486,473,1190,815,231,0,2,-1,0,0,0,0,0,0,-1,0,-19,-32,-3,0,4,1,2,0,0,1,0,1,-1,0,-1,0,-1,0,-1,1,0,-1,1,-5,-8,-4,-1,-11,-22,-13,-8,-7,-4,-4,-2,-29,-13,-11,-9,-11,-9,-9,9,9
TRACT,53011041113,1055,116,103,29,180,304,123,136,64,0,0,339,419,126,125,46,0,0,68,146,78,83,353,84,200,0,43,304,30,551,448,0,26,0,124,52,233,95,397,244,416,189,186,176,93,54,249,177,217,286,216,187,576,266,26,1055,115,104,29,180,304,123,136,64,0,0,343,418,125,123,45,0,0,68,146,78,83,352,85,200,0,43,305,29,552,448,0,26,0,124,52,235,97,399,244,421,192,188,178,94,54,257,183,225,289,220,192,578,260,25,0,-1,1,0,0,0,0,0,0,0,0,4,-1,-1,-2,-1,0,0,0,0,0,0,-1,1,0,0,0,1,-1,1,0,0,0,0,0,0,2,2,2,0,5,3,2,2,1,0,8,6,8,3,4,5,2,-6,-1
TRACT,53011041114,2348,393,558,43,74,100,111,111,876,82,0,1313,590,290,52,77,26,0,118,311,310,136,607,392,351,21,102,214,525,952,551,249,24,47,66,82,303,153,348,766,361,270,770,443,524,514,557,258,425,150,380,1057,835,419,37,2348,392,560,43,74,100,111,110,876,82,0,1259,574,286,52,79,27,0,118,312,310,136,605,393,352,21,101,213,525,952,551,248,25,47,66,80,297,150,343,751,355,267,761,435,516,506,563,263,427,151,378,1064,831,415,38,0,-1,2,0,0,0,0,-1,0,0,0,-54,-16,-4,0,2,1,0,0,1,0,0,-2,1,1,0,-1,-1,0,0,0,-1,1,0,0,-2,-6,-3,-5,-15,-6,-3,-9,-8,-8,-8,6,5,2,1,-2,7,-4,-4,1
TRACT,53011041203,1977,1115,231,180,108,101,47,155,40,0,0,496,781,289,206,113,34,58,278,94,209,89,372,340,283,241,71,552,145,634,962,169,60,7,353,468,363,150,444,906,814,430,644,501,225,87,571,420,513,311,460,548,657,694,78,1977,1116,230,180,108,101,47,155,40,0,0,473,756,286,208,117,37,68,278,94,209,89,372,339,283,241,72,553,145,635,960,169,61,7,345,457,352,146,435,887,797,421,634,490,221,86,575,427,517,312,464,554,655,688,80,0,1,-1,0,0,0,0,0,0,0,0,-23,-25,-3,2,4,3,10,0,0,0,0,0,-1,0,0,1,1,0,1,-2,0,1,0,-8,-11,-11,-4,-9,-19,-17,-9,-10,-11,-4,-1,4,7,4,1,4,6,-2,-6,2
TRACT,53011041205,2168,873,420,55,44,372,38,86,265,15,0,801,581,471,105,195,15,0,150,99,214,326,293,417,360,159,150,622,117,814,986,179,72,0,182,503,295,179,174,711,816,720,448,522,430,247,851,440,291,354,330,701,767,546,154,2168,873,420,55,43,372,38,86,266,15,0,769,566,468,107,204,17,0,150,99,214,326,293,417,359,159,151,622,117,815,985,179,72,0,179,492,286,176,170,696,797,704,440,510,421,243,854,449,298,356,336,718,768,536,146,0,0,0,0,-1,0,0,0,1,0,0,-32,-15,-3,2,9,2,0,0,0,0,0,0,0,-1,0,1,0,0,1,-1,0,0,0,-3,-11,-9,-3,-4,-15,-19,-16,-8,-12,-9,-4,3,9,7,2,6,17,1,-10,-8
TRACT,53011041206,2299,1821,120,138,62,91,0,34,20,13,0,381,814,422,329,103,34,216,88,48,287,228,404,669,308,56,211,1009,24,880,779,445,138,33,412,685,609,99,576,315,1147,912,618,488,286,78,1301,405,501,320,375,681,859,518,241,2299,1821,120,138,62,91,0,34,20,13,0,429,854,418,308,91,29,170,88,47,288,229,404,668,309,56,210,1007,24,882,778,445,138,32,435,725,641,104,611,337,1223,967,660,520,305,84,1305,413,507,320,378,670,863,522,244,0,0,0,0,0,0,0,0,0,0,0,48,40,-4,-21,-12,-5,-46,0,-1,1,1,0,-1,1,0,-1,-2,0,2,-1,0,0,-1,23,40,32,5,35,22,76,55,42,32,19,6,4,8,6,0,3,-11,4,4,3
TRACT,53011041207,904,577,54,0,50,0,112,86,25,0,0,273,331,103,129,68,0,0,29,114,8,119,303,86,134,49,62,256,87,263,309,209,13,23,91,187,124,123,255,285,195,295,235,291,65,62,270,252,214,23,279,314,307,158,125,904,577,53,0,51,0,112,86,25,0,0,265,325,103,131,71,0,0,29,114,8,119,303,86,134,49,62,256,87,264,308,209,13,23,88,182,121,121,250,281,191,290,231,286,64,61,264,248,211,23,273,309,308,162,125,0,0,-1,0,1,0,0,0,0,0,0,-8,-6,0,2,3,0,0,0,0,0,0,0,0,0,0,0,0,0,1,-1,0,0,0,-3,-5,-3,-2,-5,-4,-4,-5,-4,-5,-1,-1,-6,-4,-3,0,-6,-5,1,4,0
TRACT,53011041208,2099,1090,151,0,80,259,228,88,203,0,0,769,701,404,181,44,0,0,47,142,40,157,688,186,399,246,194,514,17,954,768,259,55,46,284,217,85,190,324,690,590,678,667,660,152,84,1066,195,437,137,93,542,1038,450,69,2099,1090,151,0,80,259,227,89,203,0,0,743,688,404,187,46,0,0,47,142,40,156,688,186,400,246,194,514,17,953,768,260,55,46,277,210,83,189,319,675,578,663,654,645,150,83,1132,212,469,148,102,581,1034,423,61,0,0,0,0,0,0,-1,1,0,0,0,-26,-13,0,6,2,0,0,0,0,0,-1,0,0,1,0,0,0,0,-1,0,1,0,0,-7,-7,-2,-1,-5,-15,-12,-15,-13,-15,-2,-1,66,17,32,11,9,39,-4,-27,-8
TRACT,53011041309,1946,1268,49,45,154,216,57,0,157,0,0,406,917,330,213,39,41,0,118,66,77,139,294,244,651,256,101,448,76,568,844,255,164,39,76,306,70,203,375,756,495,774,606,647,255,195,1042,359,420,237,384,451,726,669,100,1946,1267,49,45,154,217,57,0,157,0,0,392,900,330,218,41,45,0,118,66,77,138,294,245,652,255,101,448,77,567,845,255,163,39,75,301,67,199,368,746,483,757,596,634,251,192,1018,354,417,232,379,448,721,675,102,0,-1,0,0,0,1,0,0,0,0,0,-14,-17,0,5,2,4,0,0,0,0,-1,0,1,1,-1,0,0,1,-1,1,0,-1,0,-1,-5,-3,-4,-7,-10,-12,-17,-10,-13,-4,-3,-24,-5,-3,-5,-5,-3,-5,6,2
TRACT,53011041310,2439,1714,100,0,181,118,46,85,195,0,0,999,910,330,146,23,15,16,102,158,76,411,288,501,437,124,342,425,183,1055,699,380,88,34,211,164,142,219,78,358,360,519,716,815,848,545,828,215,304,34,125,1463,475,458,43,2439,1717,100,0,178,118,46,85,195,0,0,973,906,337,153,25,17,22,102,158,76,411,288,501,438,123,342,425,183,1055,699,381,87,34,206,160,139,212,76,351,349,506,697,794,828,535,831,217,306,35,127,1465,477,454,43,0,3,0,0,-3,0,0,0,0,0,0,-26,-4,7,7,2,2,6,0,0,0,0,0,0,1,-1,0,0,0,0,0,1,-1,0,-5,-4,-3,-7,-2,-7,-11,-13,-19,-21,-20,-10,3,2,2,1,2,2,2,-4,0
TRACT,53011041312,2078,658,74,99,0,214,69,124,272,568,0,567,715,232,373,116,26,49,129,117,215,385,297,463,338,99,35,713,120,730,873,151,135,69,305,348,379,199,480,1063,764,649,623,348,321,23,650,358,715,228,467,505,825,675,73,2078,661,74,99,0,214,69,123,272,566,0,558,709,232,377,119,28,55,129,117,214,385,297,463,338,100,35,713,120,729,875,151,134,69,303,345,374,198,475,1056,757,641,617,346,319,23,660,366,723,233,477,516,821,667,74,0,3,0,0,0,0,0,-1,0,-2,0,-9,-6,0,4,3,2,6,0,0,-1,0,0,0,0,1,0,0,0,-1,2,0,-1,0,-2,-3,-5,-1,-5,-7,-7,-8,-6,-2,-2,0,10,8,8,5,10,11,-4,-8,1
TRACT,53011041313,1189,207,213,79,204,133,170,0,158,10,15,439,372,159,174,18,7,20,170,155,68,42,289,191,250,24,0,300,129,470,468,87,35,0,239,122,184,26,467,599,300,368,430,285,18,0,298,333,462,126,262,382,412,329,66,1189,207,213,78,204,134,170,0,158,10,15,406,353,156,176,19,8,24,170,155,68,42,290,191,249,24,0,299,129,470,468,87,35,0,234,120,178,26,450,584,290,355,418,275,18,0,282,316,435,118,246,362,408,344,75,0,0,0,-1,0,1,0,0,0,0,0,-33,-19,-3,2,1,1,4,0,0,0,0,1,0,-1,0,0,-1,0,0,0,0,0,0,-5,-2,-6,0,-17,-15,-10,-13,-12,-10,0,0,-16,-17,-27,-8,-16,-20,-4,15,9
TRACT,53011041317,2764,894,192,68,185,673,189,35,517,11,0,653,1334,399,212,144,22,0,167,142,144,425,548,712,346,185,95,912,126,1079,1129,342,57,31,469,209,249,432,795,1424,1027,583,696,412,202,124,913,897,494,429,431,519,1184,962,99,2764,895,191,68,185,672,189,35,518,11,0,627,1306,400,217,150,24,0,167,142,144,425,547,712,346,185,96,910,126,1079,1130,341,57,31,458,204,245,424,777,1395,1002,572,680,404,198,122,954,943,523,449,453,553,1193,927,91,0,1,-1,0,0,-1,0,0,1,0,0,-26,-28,1,5,6,2,0,0,0,0,0,-1,0,0,0,1,-2,0,0,1,-1,0,0,-11,-5,-4,-8,-18,-29,-25,-11,-16,-8,-4,-2,41,46,29,20,22,34,9,-35,-8
TRACT,53011041319,2337,1886,66,123,18,47,0,103,43,51,0,375,1053,232,312,286,15,64,49,20,95,161,448,530,451,312,271,713,41,550,1033,452,200,61,410,399,714,224,604,651,547,845,1005,652,452,51,1033,829,552,249,424,575,731,746,285,2337,1884,66,123,21,47,0,102,43,51,0,371,1045,231,314,293,16,67,49,20,95,161,448,530,450,312,272,714,41,550,1032,451,201,62,408,395,708,222,599,645,542,839,1002,646,450,51,1031,830,552,249,426,575,733,748,281,0,-2,0,0,3,0,0,-1,0,0,0,-4,-8,-1,2,7,1,3,0,0,0,0,0,0,-1,0,1,1,0,0,-1,-1,1,1,-2,-4,-6,-2,-5,-6,-5,-6,-3,-6,-2,0,-2,1,0,0,2,0,2,2,-4
TRACT,53011041320,2493,1536,213,67,191,193,147,0,137,9,0,551,764,301,449,95,137,196,170,34,134,321,618,381,334,273,228,988,113,724,805,610,111,130,448,588,513,210,587,914,1122,686,688,674,128,8,1228,794,998,342,607,360,1028,826,279,2493,1540,213,67,187,193,147,0,137,9,0,632,806,295,409,81,110,160,171,34,134,321,618,381,334,273,227,986,113,726,807,609,112,126,481,630,552,226,628,991,1219,747,752,735,140,9,1214,783,979,338,601,341,1019,847,286,0,4,0,0,-4,0,0,0,0,0,0,81,42,-6,-40,-14,-27,-36,1,0,0,0,0,0,0,0,-1,-2,0,2,2,-1,1,-4,33,42,39,16,41,77,97,61,64,61,12,1,-14,-11,-19,-4,-6,-19,-9,21,7
TRACT,53011041321,1028,797,20,5,21,0,0,0,0,185,0,108,466,51,320,43,40,0,32,12,105,60,139,216,172,140,152,346,14,182,489,175,122,46,76,211,91,155,322,391,356,419,377,260,115,16,690,312,247,138,227,237,364,337,90,1028,797,20,5,21,0,0,0,0,185,0,115,478,50,307,41,37,0,32,12,105,60,139,216,172,140,152,344,14,182,488,175,123,46,78,216,93,159,330,404,367,431,391,270,120,17,650,297,236,131,215,217,356,351,104,0,0,0,0,0,0,0,0,0,0,0,7,12,-1,-13,-2,-3,0,0,0,0,0,0,0,0,0,0,-2,0,0,-1,0,1,0,2,5,2,4,8,13,11,12,14,10,5,1,-40,-15,-11,-7,-12,-20,-8,14,14
TRACT,53011041322,2091,798,107,75,170,281,273,33,326,28,0,757,737,213,262,45,13,64,233,96,142,219,614,380,283,103,21,566,238,677,832,196,139,9,304,421,291,98,479,638,698,643,522,450,172,191,738,583,566,169,387,696,740,549,106,2091,796,108,75,170,281,274,33,326,28,0,744,730,214,267,47,14,73,233,96,142,220,614,379,283,103,21,565,238,677,832,196,139,9,300,414,285,97,474,632,689,634,518,445,170,188,711,565,548,164,375,674,737,567,113,0,-2,1,0,0,0,1,0,0,0,0,-13,-7,1,5,2,1,9,0,0,0,1,0,-1,0,0,0,-1,0,0,0,0,0,0,-4,-7,-6,-1,-5,-6,-9,-9,-4,-5,-2,-3,-27,-18,-18,-5,-12,-22,-3,18,7
TRACT,53011041323,2240,1111,213,94,252,287,27,105,43,108,0,642,861,305,145,207,61,19,405,91,50,182,559,326,439,80,108,586,10,899,974,194,127,36,284,347,241,198,504,1005,524,792,690,745,198,67,709,567,481,195,495,778,701,574,187,2240,1114,213,95,248,287,27,105,43,108,0,629,853,306,148,214,65,25,404,92,50,182,559,327,439,80,107,586,10,898,976,193,127,36,279,342,238,194,495,985,515,778,682,736,196,67,705,565,478,194,494,773,705,576,186,0,3,0,1,-4,0,0,0,0,0,0,-13,-8,1,3,7,4,6,-1,1,0,0,0,1,0,0,-1,0,0,-1,2,-1,0,0,-5,-5,-3,-4,-9,-20,-9,-14,-8,-9,-2,0,-4,-2,-3,-1,-1,-5,4,2,-1
TRACT,53011041325,2023,1642,218,0,0,9,0,0,0,154,0,356,848,447,226,79,21,46,111,54,40,81,329,190,569,275,374,562,10,514,953,462,72,12,229,467,391,185,327,383,681,784,1006,699,350,77,1408,234,319,28,271,576,726,654,67,2023,1642,218,0,0,9,0,0,0,154,0,337,828,449,235,87,24,55,111,54,40,81,327,190,568,276,376,564,10,512,955,462,72,12,222,451,380,180,316,369,655,759,975,675,339,75,1389,235,318,28,272,573,726,657,67,0,0,0,0,0,0,0,0,0,0,0,-19,-20,2,9,8,3,9,0,0,0,0,-2,0,-1,1,2,2,0,-2,2,0,0,0,-7,-16,-11,-5,-11,-14,-26,-25,-31,-24,-11,-2,-19,1,-1,0,1,-3,0,3,0
TRACT,53011041326,826,768,45,0,0,0,0,0,0,13,0,194,150,191,155,88,35,13,28,46,42,86,201,167,154,69,33,356,16,168,437,117,59,29,109,242,224,171,273,306,394,392,223,180,42,4,445,175,220,107,279,176,300,256,94,826,768,45,0,0,0,0,0,0,13,0,186,147,191,158,91,38,15,28,46,42,86,201,167,154,69,33,357,16,167,438,116,60,29,107,236,219,166,266,299,385,383,220,175,41,4,421,169,210,102,265,167,297,262,100,0,0,0,0,0,0,0,0,0,0,0,-8,-3,0,3,3,3,2,0,0,0,0,0,0,0,0,0,1,0,-1,1,-1,1,0,-2,-6,-5,-5,-7,-7,-9,-9,-3,-5,-1,0,-24,-6,-10,-5,-14,-9,-3,6,6
TRACT,53011041328,2505,1174,246,27,165,476,92,69,214,42,0,664,848,545,334,93,21,0,124,15,69,185,472,396,659,337,248,745,255,864,985,401,0,0,273,594,305,139,412,1264,863,664,952,427,123,42,1631,354,787,156,415,459,972,1038,36,2505,1175,246,27,164,476,92,69,214,42,0,654,842,549,340,98,22,0,124,15,69,185,472,397,659,337,247,745,255,864,985,401,0,0,268,584,300,137,405,1243,847,656,944,420,121,42,1564,345,756,152,403,437,964,1065,39,0,1,0,0,-1,0,0,0,0,0,0,-10,-6,4,6,5,1,0,0,0,0,0,0,1,0,0,-1,0,0,0,0,0,0,0,-5,-10,-5,-2,-7,-21,-16,-8,-8,-7,-2,0,-67,-9,-31,-4,-12,-22,-8,27,3
TRACT,53011041329,2399,1285,75,0,17,170,261,67,524,0,0,709,939,274,172,149,144,12,91,13,158,241,531,319,450,247,349,760,233,884,942,244,44,52,304,381,372,179,350,903,845,674,578,368,337,106,1131,334,526,61,241,696,1014,560,129,2399,1287,74,0,18,170,260,67,523,0,0,749,948,266,161,136,126,13,91,13,158,241,532,318,451,247,348,755,233,885,940,244,44,53,318,397,387,187,365,939,878,702,606,384,354,112,1202,361,558,66,262,725,1020,539,115,0,2,-1,0,1,0,-1,0,-1,0,0,40,9,-8,-11,-13,-18,1,0,0,0,0,1,-1,1,0,-1,-5,0,1,-2,0,0,1,14,16,15,8,15,36,33,28,28,16,17,6,71,27,32,5,21,29,6,-21,-14
TRACT,53011041330,1661,1523,49,13,24,0,0,0,0,52,0,304,483,330,405,82,35,22,110,23,140,156,210,365,349,231,77,611,16,354,623,391,199,78,265,353,393,113,393,850,841,686,516,298,129,30,864,471,595,522,240,295,582,530,254,1661,1523,49,13,24,0,0,0,0,52,0,296,476,328,411,85,38,26,110,23,140,156,211,364,349,231,77,612,16,355,622,391,199,78,261,349,384,111,387,841,828,675,511,293,127,30,823,454,573,494,234,281,573,542,265,0,0,0,0,0,0,0,0,0,0,0,-8,-7,-2,6,3,3,4,0,0,0,0,1,-1,0,0,0,1,0,1,-1,0,0,0,-4,-4,-9,-2,-6,-9,-13,-11,-5,-5,-2,0,-41,-17,-22,-28,-6,-14,-9,12,11
TRACT,53011041331,1058,365,235,24,94,192,46,12,73,17,0,275,300,174,145,101,15,48,83,26,136,79,265,184,188,95,2,328,32,342,395,211,59,19,179,159,186,113,528,580,340,218,194,296,76,53,499,281,436,128,232,223,400,294,141,1058,365,234,24,95,193,46,12,72,17,0,279,301,173,143,99,15,48,83,25,135,80,266,184,188,95,2,328,31,342,397,211,58,19,181,163,186,115,533,589,344,219,196,301,77,54,496,281,435,127,233,220,398,298,142,0,0,-1,0,1,1,0,0,-1,0,0,4,1,-1,-2,-2,0,0,0,-1,-1,1,1,0,0,0,0,0,-1,0,2,0,-1,0,2,4,0,2,5,9,4,1,2,5,1,1,-3,0,-1,-1,1,-3,-2,4,1
TRACT,53011041332,1244,1208,16,0,0,0,0,0,9,11,0,278,392,265,165,65,79,0,31,69,18,182,155,134,466,161,28,410,16,211,410,246,241,120,111,266,231,175,347,518,573,358,420,437,123,36,584,351,372,339,515,335,221,481,207,1244,1208,16,0,0,0,0,0,9,11,0,259,378,263,168,71,88,0,31,69,18,182,155,134,466,161,28,410,16,210,410,247,241,120,108,258,225,169,334,501,553,343,408,424,120,35,543,332,349,315,484,312,217,492,223,0,0,0,0,0,0,0,0,0,0,0,-19,-14,-2,3,6,9,0,0,0,0,0,0,0,0,0,0,0,0,-1,0,1,0,0,-3,-8,-6,-6,-13,-17,-20,-15,-12,-13,-3,-1,-41,-19,-23,-24,-31,-23,-4,11,16
TRACT,53011041333,1098,1082,9,0,0,0,0,0,0,7,0,275,413,102,184,84,32,8,14,95,80,153,208,157,162,122,107,347,7,300,402,247,100,42,190,232,161,201,268,389,588,261,672,293,28,22,560,230,364,184,261,303,367,343,85,1098,1082,9,0,0,0,0,0,0,7,0,244,384,99,187,90,36,10,14,95,80,153,207,157,163,122,107,348,7,298,403,246,100,44,182,222,155,192,255,369,557,248,642,278,27,21,513,216,337,171,245,281,363,358,96,0,0,0,0,0,0,0,0,0,0,0,-31,-29,-3,3,6,4,2,0,0,0,0,-1,0,1,0,0,1,0,-2,1,-1,0,2,-8,-10,-6,-9,-13,-20,-31,-13,-30,-15,-1,-1,-47,-14,-27,-13,-16,-22,-4,15,11
TRACT,53011041334,878,878,0,0,0,0,0,0,0,0,0,10,219,178,177,245,32,17,0,14,16,44,74,64,214,122,330,439,29,78,263,260,142,106,108,114,236,227,391,166,431,592,283,305,86,4,609,304,455,81,567,87,232,283,276,878,878,0,0,0,0,0,0,0,0,0,13,242,183,173,226,28,13,0,14,16,44,75,64,213,122,330,440,29,78,264,261,142,104,116,121,251,241,412,177,460,635,304,326,93,4,600,302,447,82,558,83,225,283,287,0,0,0,0,0,0,0,0,0,0,0,3,23,5,-4,-19,-4,-4,0,0,0,0,1,0,-1,0,0,1,0,0,1,1,0,-2,8,7,15,14,21,11,29,43,21,21,7,0,-9,-2,-8,1,-9,-4,-7,0,11
TRACT,53011041335,1911,1782,58,0,11,0,0,0,45,15,0,413,523,365,350,167,0,93,24,63,58,115,350,244,454,248,355,758,0,405,723,600,91,92,477,377,619,258,456,732,767,972,646,662,262,20,1132,273,808,242,279,445,554,613,299,1911,1780,58,0,13,0,0,0,45,15,0,376,497,360,358,179,0,113,24,63,58,115,350,244,454,248,355,760,0,405,722,600,91,93,460,362,595,248,438,700,732,932,620,635,253,19,1117,276,797,240,282,449,556,614,292,0,-2,0,0,2,0,0,0,0,0,0,-37,-26,-5,8,12,0,20,0,0,0,0,0,0,0,0,0,2,0,0,-1,0,0,1,-17,-15,-24,-10,-18,-32,-35,-40,-26,-27,-9,-1,-15,3,-11,-2,3,4,2,1,-7
TRACT,53011041336,1277,547,244,0,69,188,76,14,24,115,0,517,300,207,153,43,57,0,0,75,262,143,275,168,241,72,41,329,7,676,344,235,0,15,224,375,183,40,405,571,466,446,319,298,119,15,584,142,383,59,174,164,815,263,35,1277,547,244,0,69,188,76,14,24,115,0,467,278,199,153,44,63,0,0,76,262,143,275,168,240,72,41,329,7,677,343,235,0,15,216,363,178,39,390,552,449,430,307,287,115,15,608,152,404,63,185,180,814,251,32,0,0,0,0,0,0,0,0,0,0,0,-50,-22,-8,0,1,6,0,0,1,0,0,0,0,-1,0,0,0,0,1,-1,0,0,0,-8,-12,-5,-1,-15,-19,-17,-16,-12,-11,-4,0,24,10,21,4,11,16,-1,-12,-3
TRACT,53011041337,1424,811,11,20,27,158,132,52,196,17,0,412,392,241,218,54,107,0,63,42,62,146,296,202,296,198,119,469,75,537,462,195,118,37,115,126,316,36,355,627,385,506,233,302,62,92,903,269,295,130,279,342,557,428,97,1424,811,11,20,28,157,132,52,196,17,0,470,408,229,191,44,82,0,63,42,62,146,295,203,297,197,119,465,75,538,461,195,119,36,125,137,341,39,389,687,421,553,257,331,69,100,896,267,297,131,277,327,557,438,102,0,0,0,0,1,-1,0,0,0,0,0,58,16,-12,-27,-10,-25,0,0,0,0,0,-1,1,1,-1,0,-4,0,1,-1,0,1,-1,10,11,25,3,34,60,36,47,24,29,7,8,-7,-2,2,1,-2,-15,0,10,5
TRACT,53011041400,2235,1630,296,126,25,107,0,25,26,0,0,500,830,252,519,79,14,41,160,50,213,114,308,282,502,208,398,600,96,440,971,531,86,111,423,260,319,190,529,739,684,790,1098,751,252,141,1232,458,468,163,327,709,746,610,170,2235,1629,294,126,29,106,0,25,26,0,0,475,811,254,537,85,16,49,159,49,213,114,308,282,502,209,399,600,96,438,971,532,87,111,409,254,308,184,514,714,660,766,1071,729,245,138,1192,449,453,159,321,686,744,625,180,0,-1,-2,0,4,-1,0,0,0,0,0,-25,-19,2,18,6,2,8,-1,-1,0,0,0,0,0,1,1,0,0,-2,0,1,1,0,-14,-6,-11,-6,-15,-25,-24,-24,-27,-22,-7,-3,-40,-9,-15,-4,-6,-23,-2,15,10
TRACT,53011041500,1106,809,72,38,38,79,35,27,0,10,0,154,490,202,148,84,10,20,31,41,92,94,228,195,191,111,125,389,14,362,461,161,58,52,159,127,142,185,204,553,247,373,261,333,139,0,634,309,192,116,151,343,291,416,58,1106,808,72,38,37,79,35,27,0,10,0,168,505,196,137,74,8,18,31,41,92,95,228,194,191,111,123,388,13,363,460,161,57,52,168,135,150,195,212,585,262,393,275,354,149,0,624,305,191,115,150,331,291,424,60,0,-1,0,0,-1,0,0,0,0,0,0,14,15,-6,-11,-10,-2,-2,0,0,0,1,0,-1,0,0,-2,-1,-1,1,-1,0,-1,0,9,8,8,10,8,32,15,20,14,21,10,0,-10,-4,-1,-1,-1,-12,0,8,2
TRACT,53011041600,1433,315,149,158,166,51,176,111,160,127,20,450,350,162,409,20,27,15,167,200,97,288,252,86,287,15,41,578,250,628,369,141,41,4,296,398,269,159,424,463,556,471,330,196,59,72,356,413,150,215,380,328,753,318,34,1433,316,149,157,166,51,176,111,159,128,20,447,346,163,411,20,29,16,167,200,96,288,253,85,288,15,41,581,250,626,370,140,42,5,297,397,266,159,423,465,554,472,327,194,59,71,359,417,154,217,383,330,751,317,35,0,1,0,-1,0,0,0,0,-1,1,0,-3,-4,1,2,0,2,1,0,0,-1,0,1,-1,1,0,0,3,0,-2,1,-1,1,1,1,-1,-3,0,-1,2,-2,1,-3,-2,0,-1,3,4,4,2,3,2,-2,-1,1
TRACT,53011041700,1660,568,50,293,206,246,135,122,40,0,0,587,584,158,220,73,38,0,287,90,124,102,365,285,338,40,29,383,105,649,721,165,8,12,244,330,170,68,540,1090,739,379,278,178,67,29,703,538,689,248,206,302,792,389,177,1660,568,49,293,206,246,135,122,41,0,0,554,561,156,223,76,42,0,286,91,125,102,366,283,338,40,29,383,106,650,719,165,8,12,239,323,164,67,525,1062,717,369,270,172,67,29,653,507,646,232,196,284,776,407,193,0,0,-1,0,0,0,0,0,1,0,0,-33,-23,-2,3,3,4,0,-1,1,1,0,1,-2,0,0,0,0,1,1,-2,0,0,0,-5,-7,-6,-1,-15,-28,-22,-10,-8,-6,0,0,-50,-31,-43,-16,-10,-18,-16,18,16
TRACT,53011041800,1680,1068,110,306,58,24,7,27,0,73,7,487,582,244,191,108,32,36,141,114,108,383,340,147,307,86,54,503,108,467,692,278,93,42,272,222,302,166,259,783,567,485,590,392,94,85,537,452,375,324,361,479,673,410,118,1680,1068,110,306,58,24,7,27,0,73,7,488,579,243,190,108,33,38,141,114,108,383,340,147,308,86,53,503,108,467,692,278,93,42,273,222,298,166,258,788,565,485,592,391,94,86,526,447,369,316,356,471,671,418,120,0,0,0,0,0,0,0,0,0,0,0,1,-3,-1,-1,0,1,2,0,0,0,0,0,0,1,0,-1,0,0,0,0,0,0,0,1,0,-4,0,-1,5,-2,0,2,-1,0,1,-11,-5,-6,-8,-5,-8,-2,8,2
TRACT,53011041900,981,621,16,70,74,33,4,6,157,0,0,362,438,103,44,19,2,13,68,104,68,56,150,102,182,133,118,155,144,299,327,121,56,34,69,43,117,25,82,503,253,294,264,200,120,38,625,133,194,65,200,270,361,299,51,981,620,17,71,73,33,4,6,157,0,0,358,436,104,45,20,2,15,68,104,68,55,150,102,182,134,118,155,144,299,327,121,56,34,68,43,116,25,80,501,249,290,263,196,120,38,600,131,190,62,194,262,359,307,53,0,-1,1,1,-1,0,0,0,0,0,0,-4,-2,1,1,1,0,2,0,0,0,-1,0,0,0,1,0,0,0,0,0,0,0,0,-1,0,-1,0,-2,-2,-4,-4,-1,-4,0,0,-25,-2,-4,-3,-6,-8,-2,8,2
TRACT,53011042000,695,612,0,4,8,16,25,0,26,4,0,181,188,177,107,33,9,0,78,18,55,44,68,67,208,85,72,260,33,196,321,109,20,16,117,127,106,29,113,292,244,155,207,145,46,31,495,79,158,56,74,214,176,272,33,695,612,0,4,8,16,25,0,26,4,0,194,192,171,100,30,8,0,78,18,55,44,68,68,208,84,72,260,33,196,320,110,20,16,121,132,110,31,118,306,254,165,219,152,48,33,486,79,156,56,73,207,178,276,34,0,0,0,0,0,0,0,0,0,0,0,13,4,-6,-7,-3,-1,0,0,0,0,0,0,1,0,-1,0,0,0,0,-1,1,0,0,4,5,4,2,5,14,10,10,12,7,2,2,-9,0,-2,0,-1,-7,2,4,1
TRACT,53011042100,1319,845,36,328,52,8,50,0,0,0,0,351,495,260,107,47,0,59,107,111,54,64,176,210,204,181,212,297,122,419,460,227,62,29,114,169,236,115,250,578,509,503,304,306,42,61,809,287,219,81,264,322,429,482,86,1319,846,36,328,52,8,49,0,0,0,0,358,495,258,105,46,0,57,107,110,54,64,176,210,205,181,212,299,122,419,460,227,62,29,115,171,238,117,253,588,516,509,308,311,42,62,822,294,226,82,270,326,432,478,83,0,1,0,0,0,0,-1,0,0,0,0,7,0,-2,-2,-1,0,-2,0,-1,0,0,0,0,1,0,0,2,0,0,0,0,0,0,1,2,2,2,3,10,7,6,4,5,0,1,13,7,7,1,6,4,3,-4,-3
TRACT,53011042300,1767,616,99,65,36,78,9,125,683,0,56,892,462,320,36,13,44,0,250,337,93,181,174,136,144,159,293,372,449,661,512,61,28,56,207,131,89,142,217,717,425,343,257,445,273,33,697,252,758,21,62,681,644,364,78,1767,618,99,65,36,78,9,124,683,0,55,889,461,322,36,13,46,0,250,337,93,181,174,135,144,160,293,371,449,662,511,60,29,56,204,129,87,141,217,718,421,342,257,442,271,33,660,243,721,20,60,654,645,383,85,0,2,0,0,0,0,0,-1,0,0,-1,-3,-1,2,0,0,2,0,0,0,0,0,0,-1,0,1,0,-1,0,1,-1,-1,1,0,-3,-2,-2,-1,0,1,-4,-1,0,-3,-2,0,-37,-9,-37,-1,-2,-27,1,19,7
TRACT,53011042400,973,1,3,0,4,43,23,88,811,0,0,783,172,17,1,0,0,0,166,139,39,211,111,39,101,99,68,8,284,584,104,0,1,0,2,0,3,4,61,287,222,165,221,226,113,67,396,28,136,17,66,494,392,83,4,973,1,2,0,4,44,22,89,811,0,0,761,187,21,1,0,0,0,166,139,40,211,110,39,102,99,67,5,284,583,105,0,1,0,2,0,4,5,53,257,197,146,196,202,101,60,361,27,127,16,61,480,398,91,4,0,0,-1,0,0,1,-1,1,0,0,0,-22,15,4,0,0,0,0,0,0,1,0,-1,0,1,0,-1,-3,0,-1,1,0,0,0,0,0,1,1,-8,-30,-25,-19,-25,-24,-12,-7,-35,-1,-9,-1,-5,-14,6,8,0
TRACT,53011042500,903,325,18,99,49,73,13,252,74,0,0,379,350,100,70,4,0,0,88,65,54,95,185,113,161,37,105,174,102,418,300,76,7,0,66,47,59,57,128,403,254,224,138,119,40,0,593,151,185,52,63,193,388,296,26,903,325,18,99,49,74,13,251,74,0,0,400,346,92,62,3,0,0,88,65,54,95,185,112,161,37,106,174,102,418,300,76,7,0,69,50,62,60,136,431,269,237,147,127,43,0,599,153,187,54,64,193,389,296,25,0,0,0,0,0,1,0,-1,0,0,0,21,-4,-8,-8,-1,0,0,0,0,0,0,0,-1,0,0,1,0,0,0,0,0,0,0,3,3,3,3,8,28,15,13,9,8,3,0,6,2,2,2,1,0,1,0,-1
TRACT,53011042601,1178,126,80,0,0,93,228,254,313,43,41,434,675,63,6,0,0,0,62,84,68,67,296,69,190,159,183,63,106,506,389,98,79,0,0,21,0,42,187,114,127,188,521,562,181,12,665,94,211,33,270,303,618,239,18,1178,128,80,0,0,92,228,254,313,43,40,440,670,62,6,0,0,0,62,83,68,67,296,69,190,159,184,63,106,505,389,99,79,0,0,21,0,43,189,116,129,191,531,574,184,12,618,90,199,32,253,286,616,255,21,0,2,0,0,0,-1,0,0,0,0,-1,6,-5,-1,0,0,0,0,0,-1,0,0,0,0,0,0,1,0,0,-1,0,1,0,0,0,0,0,1,2,2,2,3,10,12,3,0,-47,-4,-12,-1,-17,-17,-2,16,3
TRACT,53011042602,1809,527,201,358,166,187,114,145,111,0,0,823,563,176,164,13,41,29,218,74,167,133,581,178,311,54,93,415,125,967,488,171,45,13,285,80,258,73,418,859,359,345,472,229,130,35,694,511,480,211,510,382,893,465,69,1809,528,201,357,166,187,114,145,111,0,0,841,560,171,158,12,39,27,218,74,167,133,580,178,311,54,94,417,125,965,489,172,45,13,291,83,262,75,428,883,369,354,484,236,134,36,647,479,450,197,475,353,882,495,79,0,1,0,-1,0,0,0,0,0,0,0,18,-3,-5,-6,-1,-2,-2,0,0,0,0,-1,0,0,0,1,2,0,-2,1,1,0,0,6,3,4,2,10,24,10,9,12,7,4,1,-47,-32,-30,-14,-35,-29,-11,30,10
TRACT,53011042700,2150,455,104,440,235,231,208,114,281,82,0,960,720,209,108,125,19,9,381,289,100,282,470,352,172,58,46,366,202,1054,523,249,84,38,306,190,134,119,660,985,658,672,646,363,137,40,584,564,540,224,380,802,762,466,120,2150,456,104,440,235,231,208,114,281,81,0,903,692,207,110,129,21,11,381,289,100,282,470,352,172,58,46,366,202,1054,522,249,85,38,297,187,129,118,638,962,638,652,628,351,133,40,563,546,524,216,368,780,762,480,128,0,1,0,0,0,0,0,0,0,-1,0,-57,-28,-2,2,4,2,2,0,0,0,0,0,0,0,0,0,0,0,0,-1,0,1,0,-9,-3,-5,-1,-22,-23,-20,-20,-18,-12,-4,0,-21,-18,-16,-8,-12,-22,0,14,8
TRACT,53011042800,1279,1068,20,106,22,35,19,9,0,0,0,385,647,114,93,16,0,24,68,27,63,131,264,134,183,111,298,221,65,339,606,182,31,56,135,98,94,88,194,263,364,487,429,559,155,55,780,101,390,83,207,277,586,362,54,1279,1068,20,106,22,35,19,9,0,0,0,372,636,114,95,17,0,29,68,27,63,131,263,134,183,111,299,220,65,338,606,182,31,57,131,96,93,87,191,258,357,477,421,548,152,55,765,103,387,83,206,277,583,363,56,0,0,0,0,0,0,0,0,0,0,0,-13,-11,0,2,1,0,5,0,0,0,0,-1,0,0,0,1,-1,0,-1,0,0,0,1,-4,-2,-1,-1,-3,-5,-7,-10,-8,-11,-3,0,-15,2,-3,0,-1,0,-3,1,2
TRACT,53011042900,632,500,48,36,5,0,14,29,0,0,0,73,302,63,103,70,13,8,56,25,39,40,125,63,91,67,126,247,5,138,326,92,41,30,124,78,97,71,175,144,158,180,237,187,125,51,276,118,152,51,122,201,221,165,45,632,501,48,36,5,0,13,29,0,0,0,81,311,61,98,63,11,6,56,25,39,40,125,64,90,68,125,247,5,138,326,93,40,30,132,82,101,75,182,153,168,191,249,197,131,55,280,120,153,51,123,200,221,166,45,0,1,0,0,0,0,-1,0,0,0,0,8,9,-2,-5,-7,-2,-2,0,0,0,0,0,1,-1,1,-1,0,0,0,0,1,-1,0,8,4,4,4,7,9,10,11,12,10,6,4,4,2,1,0,1,-1,0,1,0
TRACT,53011043000,742,512,51,35,87,5,6,9,20,17,0,169,275,110,114,32,37,5,27,22,49,48,167,127,185,83,34,218,55,216,263,112,72,24,163,74,116,108,127,232,270,176,221,200,141,40,303,193,298,96,116,228,196,254,64,742,511,52,35,87,5,6,9,20,17,0,174,277,109,111,30,36,5,26,22,49,48,167,127,185,84,34,219,54,216,265,112,72,23,167,76,116,109,130,240,278,177,226,206,144,41,293,186,288,93,114,218,195,262,67,0,-1,1,0,0,0,0,0,0,0,0,5,2,-1,-3,-2,-1,0,-1,0,0,0,0,0,0,1,0,1,-1,0,2,0,0,-1,4,2,0,1,3,8,8,1,5,6,3,1,-10,-7,-10,-3,-2,-10,-1,8,3
TRACT,53011043100,1744,1512,81,38,29,6,10,38,18,12,0,443,709,324,148,92,6,22,128,94,57,160,235,294,285,203,288,368,56,548,473,445,167,55,220,218,206,101,106,543,431,767,616,541,350,201,828,222,348,289,160,575,634,448,87,1744,1512,81,38,29,6,10,38,18,12,0,434,704,324,150,96,7,26,128,94,57,160,235,293,285,203,289,367,56,548,474,444,167,55,215,214,201,100,105,536,424,755,608,534,345,198,819,224,350,285,161,577,632,450,85,0,0,0,0,0,0,0,0,0,0,0,-9,-5,0,2,4,1,4,0,0,0,0,0,-1,0,0,1,-1,0,0,1,-1,0,0,-5,-4,-5,-1,-1,-7,-7,-12,-8,-7,-5,-3,-9,2,2,-4,1,2,-2,2,-2
TRACT,53059950100,40,55,0,0,0,0,0,0,0,0,0,26,22,0,7,0,0,0,0,0,26,0,0,0,17,12,0,0,12,26,17,0,0,0,0,17,0,0,0,7,7,0,47,26,0,0,9,3,0,0,6,26,17,12,0,40,40,0,0,0,0,0,0,0,0,0,19,21,0,0,0,0,0,0,0,19,0,0,0,12,9,0,0,9,19,12,0,0,0,0,0,0,0,0,3,3,0,35,20,0,0,11,3,0,0,8,24,10,6,0,0,-15,0,0,0,0,0,0,0,0,0,-7,-1,0,-7,0,0,0,0,0,-7,0,0,0,-5,-3,0,0,-3,-7,-5,0,0,0,0,-17,0,0,0,-4,-4,0,-12,-6,0,0,2,0,0,0,2,-2,-7,-6,0
TRACT,53059950200,1795,1469,27,58,32,0,0,24,6,177,11,386,817,313,133,104,30,21,152,94,89,122,188,327,397,156,279,377,41,309,661,429,243,121,141,211,275,147,359,372,597,906,661,642,248,71,1092,290,438,271,393,553,509,583,159,1795,1465,27,57,30,0,0,24,6,175,11,379,809,311,137,106,32,21,151,93,90,121,187,324,396,156,277,378,41,310,656,428,240,120,141,214,273,145,353,366,590,895,658,635,245,71,1065,288,431,306,384,543,509,584,159,0,-4,0,-1,-2,0,0,0,0,-2,0,-7,-8,-2,4,2,2,0,-1,-1,1,-1,-1,-3,-1,0,-2,1,0,1,-5,-1,-3,-1,0,3,-2,-2,-6,-6,-7,-11,-3,-7,-3,0,-27,-2,-7,35,-9,-10,0,1,0
TRACT,53059950300,901,647,18,40,47,21,26,25,0,80,0,245,352,114,126,37,30,0,81,62,91,82,109,119,164,115,81,214,92,162,313,157,75,105,47,157,107,70,121,179,258,277,254,388,89,28,360,162,193,109,102,270,418,199,17,901,646,18,40,46,21,26,25,0,79,0,260,355,109,119,32,25,0,81,62,92,81,108,118,164,115,80,215,93,163,310,157,74,104,50,171,114,73,127,190,273,292,269,407,94,30,355,159,189,99,101,261,417,205,18,0,-1,0,0,-1,0,0,0,0,-1,0,15,3,-5,-7,-5,-5,0,0,0,1,-1,-1,-1,0,0,-1,1,1,1,-3,0,-1,-1,3,14,7,3,6,11,15,15,15,19,5,2,-5,-3,-4,-10,-1,-9,-1,6,1
TRACT,53059950400,951,757,2,24,18,0,0,0,0,121,31,220,447,152,85,29,19,1,45,77,71,55,168,135,188,121,93,156,27,130,382,221,142,51,79,65,104,90,161,192,336,255,536,287,143,31,518,162,211,104,123,342,296,248,67,951,756,2,25,18,0,0,0,0,120,30,213,439,152,88,31,20,2,45,76,72,55,167,134,188,122,92,157,27,130,382,221,140,51,77,66,103,89,160,193,330,251,532,283,140,32,496,157,206,96,120,330,296,253,72,0,-1,0,1,0,0,0,0,0,-1,-1,-7,-8,0,3,2,1,1,0,-1,1,0,-1,-1,0,1,-1,1,0,0,0,0,-2,0,-2,1,-1,-1,-1,1,-6,-4,-4,-4,-3,1,-22,-5,-5,-8,-3,-12,0,5,5
TRACT,53059950500,1032,692,19,15,7,0,0,0,0,265,34,277,412,107,173,43,20,0,93,202,105,50,137,174,205,41,25,251,57,289,329,221,92,44,218,133,127,59,137,411,168,247,535,236,119,200,270,264,100,148,183,473,281,219,59,1032,694,19,15,7,0,0,0,0,263,34,266,403,107,177,44,21,0,93,201,107,51,136,175,207,40,22,249,58,290,328,222,90,44,212,131,124,58,134,405,164,242,531,230,117,197,265,259,100,133,181,469,282,222,59,0,2,0,0,0,0,0,0,0,-2,0,-11,-9,0,4,1,1,0,0,-1,2,1,-1,1,2,-1,-3,-2,1,1,-1,1,-2,0,-6,-2,-3,-1,-3,-6,-4,-5,-4,-6,-2,-3,-5,-5,0,-15,-2,-4,1,3,0
