"BG","HHS1","HHS2","HHS3","HHS4","HHS5","HHS6","HHS7","HHAGE1","HHAGE2","HHAGE3","HHAGE4","HHINC1","HHINC2","HHINC3","HHINC4","HHINC5","HHINC6","HHINC7","HHINC8","HHINC9","HHINC10","HHINC11","HHINC12","HHINC13","HHINC14","HHINC15","HHINC16","HHV0","HHV1","HHV2","HHV3","HHV4","HHV5","HHSF","HHSFA","HHDUP","HHMF4","HHMF9","HHMF19","HHMF49","HHMF50","HHMH","HHRV","MAGE1","MAGE2","MAGE3","MAGE4","MAGE5","MAGE6","MAGE7","MAGE8","MAGE9","MAGE10","MAGE11","MAGE12","MAGE13","MAGE14","MAGE15","MAGE16","MAGE17","MAGE18","MAGE19","MAGE20","MAGE21","MAGE22","MAGE23","FAGE1","FAGE2","FAGE3","FAGE4","FAGE5","FAGE6","FAGE7","FAGE8","FAGE9","FAGE10","FAGE11","FAGE12","FAGE13","FAGE14","FAGE15","FAGE16","FAGE17","FAGE18","FAGE19","FAGE20","FAGE21","FAGE22","FAGE23","HHKID"
530110401011,145,242,45,78,59,11,28,20,90,319,179,40,0,0,34,0,36,26,0,10,18,66,50,114,18,106,90,47,114,116,189,101,41,409,8,0,0,0,0,0,0,154,37,27,40,107,56,25,23,15,18,53,71,73,0,95,94,21,48,85,36,11,43,0,66,11,75,42,67,62,12,8,37,51,33,75,54,14,86,75,41,17,68,23,25,18,59,10,27,179
530110401012,89,141,64,76,14,5,36,27,204,85,109,5,0,0,5,4,0,15,12,36,5,139,88,54,0,40,22,0,32,222,93,44,34,422,0,0,0,0,0,0,0,3,0,67,69,26,19,2,5,0,32,140,63,52,25,26,21,17,7,13,7,31,42,9,22,0,154,85,17,3,2,4,0,51,103,67,13,25,51,38,30,13,16,7,17,49,10,0,3,144
530110401013,128,106,36,37,99,17,10,0,84,156,193,48,0,9,59,3,0,0,13,12,12,0,18,27,75,91,66,44,49,158,53,13,116,306,0,0,0,0,7,0,0,120,0,6,72,34,0,11,16,14,0,63,41,48,0,50,7,34,11,62,6,19,51,2,0,2,109,69,38,10,0,0,0,74,81,79,9,21,23,60,57,0,8,23,59,53,0,46,0,115
530110401014,71,116,16,11,56,11,14,0,88,141,66,8,0,4,0,2,9,7,0,0,35,112,22,83,2,0,11,2,27,98,128,26,14,243,0,0,0,0,0,0,0,52,0,89,31,5,4,0,0,0,0,20,47,12,12,13,11,66,0,2,0,3,34,11,7,0,24,61,26,8,0,0,0,15,0,53,19,0,12,99,50,4,0,0,16,28,2,2,2,94
530110401021,7,136,96,41,27,25,59,6,88,177,120,12,22,0,0,7,0,0,27,0,12,53,37,58,51,48,64,0,0,123,130,106,32,312,0,0,0,0,0,0,0,72,7,109,30,82,32,17,0,0,22,19,19,33,5,51,20,79,12,12,0,21,22,31,31,1,58,49,22,16,15,47,0,53,18,31,16,26,77,9,52,0,5,12,10,31,40,0,0,134
530110401022,69,164,24,21,0,37,0,0,72,125,118,19,7,11,10,0,0,0,0,21,10,31,55,79,16,27,29,39,32,154,64,26,0,299,0,0,0,0,0,0,0,16,0,53,0,16,16,0,0,0,0,31,70,0,41,10,0,69,12,0,11,33,23,0,12,28,130,17,0,0,0,0,0,13,86,21,60,0,11,30,103,12,41,19,11,69,12,0,0,59
530110401023,24,242,70,19,43,47,33,42,162,148,126,13,16,5,0,0,11,53,0,11,11,19,111,98,28,53,49,10,66,217,92,83,10,424,0,0,0,0,0,0,0,54,0,100,62,98,21,31,0,0,78,37,27,39,96,29,5,45,39,27,0,31,9,60,37,0,69,39,60,81,1,0,5,40,31,32,80,21,22,7,54,31,31,20,24,11,66,12,0,163
530110402011,121,148,33,49,42,8,182,52,231,141,159,0,0,0,12,0,36,0,16,36,44,0,50,45,36,113,195,0,52,168,112,226,25,405,8,0,0,0,0,0,0,170,0,196,43,142,23,0,0,11,41,0,116,24,29,27,24,18,0,10,20,24,23,44,0,19,39,118,249,21,10,0,0,13,31,153,22,27,10,14,39,27,18,0,31,47,0,13,13,244
530110402012,163,146,37,106,78,0,0,89,122,115,204,111,33,0,19,19,0,33,0,0,3,16,66,95,37,21,77,0,196,95,73,70,96,387,0,0,0,0,0,0,0,114,29,103,89,16,83,0,73,0,16,0,54,66,0,35,45,62,16,0,20,37,39,23,53,0,55,16,0,16,43,0,0,39,0,88,32,16,63,0,18,0,0,0,35,99,38,0,0,177
530110402013,38,219,57,73,37,5,5,56,48,90,240,5,11,0,18,0,10,88,12,23,25,75,15,5,48,70,29,0,51,215,103,49,16,241,34,59,9,0,0,0,0,91,0,54,20,45,10,12,0,0,53,49,11,9,5,6,7,4,26,22,50,48,82,32,10,0,52,51,6,19,0,0,55,5,16,47,9,10,33,22,32,26,0,0,88,48,78,0,4,136
530110402014,50,294,265,72,93,12,33,37,169,445,168,0,0,0,31,9,17,83,0,89,21,49,50,91,113,113,153,0,140,265,175,182,57,775,9,14,0,0,0,0,0,21,0,41,34,61,94,5,0,23,14,73,19,56,54,53,91,72,37,74,5,47,47,12,56,31,29,61,47,73,77,53,10,44,165,26,68,72,124,87,51,36,82,5,34,50,5,32,42,227
530110402021,100,290,101,59,30,42,34,2,197,215,242,70,0,0,15,10,25,9,5,28,45,74,133,51,42,65,84,3,61,253,169,111,59,534,2,0,0,0,0,0,0,111,9,66,58,49,75,36,1,4,35,29,63,66,43,53,36,101,10,41,39,28,120,36,16,22,74,90,104,33,33,2,0,10,20,72,36,90,45,76,48,11,42,19,95,25,33,19,23,182
530110402022,69,261,106,109,117,64,24,0,212,317,221,0,18,0,0,0,18,20,24,19,8,78,130,70,75,148,142,0,38,300,312,52,48,524,0,0,0,0,0,0,0,226,0,32,127,118,69,87,22,13,0,13,68,32,81,46,126,69,13,44,9,66,42,46,40,0,118,20,171,51,55,0,0,35,30,75,87,44,75,40,100,25,35,39,45,51,45,14,0,270
530110402031,152,260,127,134,52,23,12,15,247,403,95,19,43,10,11,7,0,51,15,24,8,47,92,112,67,115,139,7,122,251,193,138,49,571,0,0,0,0,0,0,0,189,0,47,48,179,37,75,0,17,44,28,48,50,73,95,78,162,25,31,0,14,22,25,10,30,37,38,136,76,30,0,0,93,103,57,70,107,101,69,163,47,87,0,0,13,6,18,18,242
530110402032,88,178,36,46,32,2,0,14,38,107,223,0,7,21,40,0,9,7,27,0,14,26,72,27,57,29,46,21,42,121,109,20,69,351,0,0,0,0,0,0,0,31,0,10,0,27,31,17,0,0,14,17,0,24,13,45,8,49,18,13,0,28,20,17,42,68,18,42,24,6,6,0,0,24,0,27,19,26,15,20,82,22,5,18,27,8,31,60,93,72
530110402033,107,353,52,119,80,15,7,0,159,312,262,0,0,8,0,23,73,12,36,7,77,6,56,192,117,42,84,107,96,235,110,112,73,548,0,0,0,0,0,0,0,185,0,38,22,93,77,19,0,0,38,13,61,68,62,117,106,66,6,48,15,55,74,47,60,39,40,79,102,9,11,49,65,0,20,41,46,113,47,114,60,0,18,13,49,94,26,41,40,247
530110403011,54,198,66,78,55,27,0,0,163,192,123,0,16,21,4,0,0,0,6,19,11,53,67,66,17,88,110,11,50,171,136,49,61,417,0,6,0,0,0,0,0,55,0,50,106,74,34,0,0,0,40,26,15,59,64,53,23,66,14,17,15,13,38,15,36,0,14,14,24,0,36,3,23,25,3,17,93,52,17,50,71,14,21,4,21,20,56,0,0,124
530110403012,44,63,32,34,26,11,8,0,44,80,94,0,17,0,23,7,2,0,0,0,4,25,18,10,5,50,57,21,30,101,47,6,13,187,0,0,0,0,0,0,0,31,0,13,52,41,40,14,0,16,0,0,3,0,52,40,22,6,40,4,9,16,5,10,6,0,0,20,13,0,0,0,0,11,10,22,0,29,22,0,29,14,21,0,31,17,14,4,43,72
530110403031,47,319,219,65,85,11,17,52,432,176,103,12,26,0,0,0,0,14,24,14,19,62,90,82,262,126,32,0,124,511,96,11,21,446,317,0,0,0,0,0,0,0,0,125,136,39,40,0,0,0,54,69,251,101,42,59,47,35,0,65,25,0,0,64,0,0,84,94,172,0,0,0,17,51,288,104,117,45,0,119,0,31,0,0,46,34,23,0,0,340
530110403032,136,227,70,61,0,32,0,0,134,252,140,0,0,0,16,0,0,0,0,0,18,64,85,81,14,113,135,75,38,271,90,36,16,512,0,0,0,0,0,0,0,14,0,36,0,38,42,0,0,0,0,35,76,76,0,37,119,130,51,0,0,37,2,30,21,0,21,18,35,38,0,0,0,0,2,39,61,76,0,146,69,88,0,0,44,37,0,97,0,97
530110403033,122,187,80,55,56,59,0,10,223,225,101,35,0,0,0,0,0,0,28,10,0,159,69,78,10,115,55,54,82,250,85,71,17,426,16,0,0,31,0,16,70,0,0,59,118,59,62,16,0,0,0,43,75,41,25,31,45,13,22,35,0,25,14,0,0,15,95,53,85,64,17,20,29,10,36,75,39,46,55,49,49,17,75,54,0,27,0,18,14,248
530110403041,115,444,130,202,16,99,14,0,378,244,398,0,58,0,0,0,0,31,26,36,72,28,233,171,71,85,209,0,103,668,176,51,22,973,0,0,0,0,0,0,0,47,0,139,214,71,28,30,12,0,48,11,46,92,166,164,70,28,0,12,32,165,90,24,0,0,223,129,109,57,23,14,0,0,14,59,189,162,58,37,18,56,53,88,203,30,68,0,22,399
530110403051,151,119,149,37,16,0,0,0,109,242,121,0,33,0,0,0,0,136,0,0,21,47,116,0,61,21,37,0,122,108,149,93,0,373,0,99,0,0,0,0,0,0,0,61,0,0,0,0,0,0,0,92,131,0,29,173,0,76,40,8,0,0,54,0,0,0,19,63,18,30,0,0,0,0,43,62,0,0,15,82,141,0,38,0,0,0,0,0,85,128
530110403052,41,180,110,70,115,13,30,0,226,208,125,8,0,7,15,0,28,7,0,0,34,17,62,199,25,50,107,0,49,315,138,57,0,559,0,0,0,0,0,0,0,0,0,0,88,108,66,26,16,0,45,0,50,51,77,38,21,46,24,32,20,22,47,20,0,0,74,107,106,100,0,17,8,0,65,97,12,90,23,27,65,44,32,41,35,27,7,0,0,309
530110404031,41,317,238,201,66,0,0,0,132,497,234,26,4,0,17,6,17,18,10,4,24,109,105,187,52,68,216,0,84,249,317,133,80,750,0,0,0,0,0,0,0,113,0,60,93,132,19,0,0,42,16,24,22,120,21,143,50,106,126,71,35,50,76,21,26,10,0,35,141,111,0,0,0,48,28,28,76,21,187,201,119,48,16,27,51,87,4,24,0,307
530110404032,186,132,40,122,62,29,0,49,163,225,134,33,0,4,4,21,19,7,0,10,53,31,42,115,80,51,101,4,158,133,78,96,102,510,19,0,0,0,0,0,0,42,0,175,40,53,27,63,32,47,53,20,0,176,12,4,82,55,0,57,48,16,28,17,0,23,22,47,3,22,0,0,0,20,0,62,87,49,12,72,55,0,80,28,14,13,8,0,65,196
530110404071,193,187,131,109,29,9,153,20,322,303,166,15,36,16,31,21,20,45,18,16,42,32,140,66,176,90,47,0,178,326,173,100,34,552,42,0,0,19,0,15,10,173,0,95,124,82,112,37,0,40,165,25,66,63,96,51,7,63,30,36,7,59,8,24,7,0,123,74,102,73,17,0,35,23,38,47,32,164,29,30,47,20,23,7,70,30,7,0,7,368
530110404072,5,121,141,161,0,0,22,27,284,99,40,0,0,0,0,10,7,0,14,8,19,52,180,24,21,74,41,0,95,275,72,8,0,238,20,34,145,0,13,0,0,0,0,55,22,29,26,0,18,18,5,0,23,147,73,19,48,25,0,14,0,0,2,5,0,0,5,135,121,40,0,11,12,0,0,130,95,16,19,15,22,0,8,0,31,6,0,0,0,315
530110404073,140,139,44,42,92,83,0,25,132,259,124,32,24,0,0,0,0,53,21,11,28,49,90,97,22,51,62,71,26,205,24,214,0,453,22,0,0,0,0,0,65,0,0,36,40,27,20,44,16,12,58,85,22,109,10,27,64,75,0,7,25,0,0,37,17,0,90,55,70,147,17,0,0,70,0,12,83,11,112,54,7,0,18,0,0,22,27,0,18,214
530110404074,183,189,62,12,0,0,0,76,136,127,107,0,0,0,0,15,11,49,0,0,72,18,19,121,48,76,17,107,212,85,33,9,0,155,54,0,10,44,26,7,150,0,0,0,0,0,9,40,38,0,125,45,104,0,0,0,30,68,0,10,0,23,13,0,0,14,16,0,0,5,0,0,9,55,122,0,0,33,37,26,28,0,23,18,0,18,14,9,64,25
530110404081,49,70,6,102,31,10,0,0,95,84,89,0,9,0,0,0,9,0,0,16,9,36,32,7,23,81,46,12,18,76,57,63,42,254,5,0,0,0,0,0,0,9,0,0,10,27,32,20,7,8,0,0,8,45,11,34,58,9,10,10,30,0,25,20,19,0,0,52,51,22,18,13,0,13,0,42,20,26,24,9,21,13,27,8,7,19,19,8,10,113
530110404082,73,368,83,62,11,30,14,11,90,290,250,0,0,0,9,34,17,0,0,0,42,81,47,89,85,130,107,9,34,277,211,81,29,624,0,0,0,0,0,0,0,17,0,74,32,35,48,0,15,56,12,27,49,0,40,24,77,92,52,19,73,63,114,33,44,24,26,44,37,48,0,0,19,13,21,32,15,35,98,13,137,92,0,53,70,98,16,14,20,125
530110404083,47,176,46,71,22,10,0,0,39,197,136,22,0,8,0,0,14,0,11,0,0,27,55,58,47,21,109,0,83,125,80,68,16,316,10,8,0,0,0,0,0,38,0,0,27,21,24,34,0,11,13,16,14,33,19,55,49,65,34,34,28,26,17,36,7,0,11,0,39,42,28,61,0,0,12,13,23,13,53,58,60,46,28,35,27,15,16,17,0,68
530110404091,82,320,82,56,30,15,17,0,164,194,244,5,0,5,0,0,33,15,0,18,22,30,120,60,82,82,130,6,116,269,133,70,8,491,103,8,0,0,0,0,0,0,0,49,32,40,35,0,0,0,8,32,56,38,64,42,47,31,0,60,17,19,83,44,18,23,32,36,107,14,14,0,0,8,65,39,56,49,42,11,38,22,60,46,33,67,50,24,32,154
530110404092,6,96,27,14,43,27,0,0,47,94,72,0,0,5,6,0,9,0,0,0,6,15,25,22,36,39,50,0,33,67,55,40,18,204,9,0,0,0,0,0,0,0,0,8,29,12,20,4,0,0,17,33,13,19,14,9,27,17,6,27,13,10,29,8,5,10,25,18,16,0,0,7,0,0,6,15,22,33,10,18,7,25,20,0,13,16,13,0,3,85
530110404111,284,174,69,114,75,8,0,37,204,308,175,8,0,7,20,19,46,0,25,41,61,46,88,100,120,64,79,84,235,300,70,35,0,136,100,14,50,104,63,17,240,0,0,108,50,34,27,9,10,30,31,25,88,37,20,41,132,5,14,22,0,6,9,21,38,20,14,7,74,46,41,10,5,38,35,44,75,36,39,83,37,13,0,0,30,26,25,10,38,173
530110404112,127,145,7,0,5,0,0,0,30,120,134,9,0,19,16,9,9,14,0,14,15,9,33,60,28,9,40,9,143,60,57,15,0,118,49,0,7,36,0,0,66,0,8,10,5,0,8,0,0,0,0,9,16,17,5,32,37,31,0,0,11,0,5,36,9,23,0,0,11,18,0,0,0,0,0,9,32,11,7,25,36,0,23,7,15,48,34,23,0,34
530110404121,229,315,219,186,40,19,0,33,412,461,102,14,14,21,0,14,0,0,61,36,77,46,255,99,120,102,149,5,315,523,81,66,18,713,106,0,22,39,93,19,16,0,0,140,108,100,0,0,13,0,180,84,122,145,104,93,188,37,9,42,21,9,31,7,8,0,48,116,133,103,21,0,12,0,52,84,33,170,61,151,62,27,40,0,39,68,26,2,40,359
530110404122,236,525,278,163,31,0,35,23,294,501,450,50,0,0,0,23,50,38,50,58,86,93,167,150,134,65,304,0,439,574,179,19,57,835,305,0,45,14,6,0,51,12,0,197,164,15,79,63,41,0,68,53,141,69,16,141,137,69,30,37,24,26,102,88,43,29,95,141,14,34,23,51,0,25,74,83,113,52,69,166,136,28,32,8,72,113,113,79,21,389
530110404131,77,250,124,95,71,32,0,13,192,271,173,27,9,0,35,0,39,0,35,0,13,40,121,100,78,75,77,51,39,270,166,72,51,580,28,0,0,0,0,0,28,13,0,22,118,74,55,42,12,27,45,14,132,22,92,61,85,72,16,41,18,14,72,27,0,27,69,23,35,55,46,0,0,18,88,88,18,53,99,57,83,23,14,14,39,43,30,42,34,218
530110404132,159,177,55,26,21,3,30,33,199,159,80,7,7,38,5,7,31,31,26,4,20,82,94,25,58,31,5,25,229,142,35,11,29,162,32,0,24,28,124,45,56,0,0,25,33,43,59,39,20,15,27,87,29,40,17,17,52,36,7,4,4,0,8,7,12,0,35,19,27,55,36,7,0,42,69,11,45,67,35,55,39,0,4,0,12,33,16,0,14,152
530110404141,19,101,11,147,13,23,0,0,70,127,117,13,10,0,0,0,0,0,23,0,0,20,32,51,11,18,136,13,19,69,100,73,40,279,0,0,0,0,0,0,0,35,0,0,0,70,43,47,0,0,39,0,0,48,9,69,37,42,0,0,0,35,30,0,22,12,0,0,27,19,37,0,0,77,0,0,47,39,31,71,6,12,0,0,38,30,23,12,0,97
530110404142,149,302,148,74,125,0,81,0,445,238,196,0,14,0,9,26,28,17,0,0,26,136,198,109,116,143,57,14,202,328,288,29,18,782,0,0,13,0,38,33,13,0,0,162,157,88,24,0,43,6,46,74,127,50,76,47,125,53,37,30,7,20,59,28,38,0,117,168,73,37,26,10,0,0,96,111,99,163,62,108,61,15,31,7,19,61,44,74,3,316
530110404143,105,109,78,181,0,0,9,52,107,251,72,68,0,0,17,0,0,10,0,0,48,97,24,52,17,101,48,0,98,217,131,27,9,406,51,0,25,0,0,0,0,0,0,61,14,23,32,46,14,0,88,0,35,26,45,75,80,12,0,92,0,26,12,11,11,0,37,71,0,112,49,29,14,78,92,0,12,95,94,72,58,11,12,11,11,20,22,45,0,239
530110404144,0,101,87,125,0,88,13,19,229,109,57,0,0,0,0,0,13,0,0,24,19,27,70,70,88,71,32,0,8,191,168,0,47,414,0,0,0,0,0,0,0,0,0,161,46,11,21,11,0,21,17,28,16,110,56,68,23,10,0,32,21,13,0,15,0,0,102,58,80,28,28,0,8,25,40,131,42,45,28,7,39,12,0,9,30,0,9,0,0,283
530110404151,162,395,110,108,46,0,0,73,241,197,310,9,49,32,20,51,45,16,12,34,140,81,65,93,45,118,11,15,184,350,214,51,7,604,17,25,84,12,9,64,0,6,0,63,0,65,13,60,22,28,18,151,55,79,38,130,26,17,0,32,22,37,58,38,63,11,55,74,19,34,22,40,33,49,111,79,57,216,36,12,51,17,28,19,28,158,0,72,0,175
530110404152,75,322,100,106,53,107,0,9,250,245,259,21,21,0,8,15,0,14,0,17,101,116,130,120,67,125,8,0,137,262,236,82,46,740,0,23,0,0,0,0,0,0,0,104,129,41,89,54,2,14,24,149,46,91,108,30,36,33,21,51,29,54,74,29,37,30,63,17,76,47,23,26,20,34,35,37,63,119,47,89,75,64,23,40,21,66,62,7,26,252
530110404161,0,177,53,54,17,34,45,0,156,131,93,0,0,0,0,0,15,0,0,10,10,19,40,101,36,75,74,0,11,139,172,49,9,344,0,0,0,0,0,0,0,36,0,11,32,78,15,7,19,0,0,48,12,37,54,40,31,21,5,17,8,23,9,13,19,7,106,41,70,59,30,0,0,0,28,54,35,30,32,33,27,6,31,0,30,24,0,16,11,182
530110404162,63,153,59,101,11,0,0,0,50,187,150,0,0,0,29,0,20,0,10,10,7,0,89,37,15,68,102,0,105,74,144,64,0,332,0,0,0,0,0,0,0,55,0,16,0,22,53,11,0,9,18,0,2,59,25,63,13,71,0,37,19,20,66,8,28,0,11,7,46,25,15,0,19,0,12,12,9,56,59,57,54,25,38,38,15,29,40,17,0,94
530110404163,56,223,82,41,47,6,0,0,80,201,174,0,6,0,30,6,0,0,15,5,6,5,97,69,87,91,38,0,77,157,174,30,17,434,0,0,0,0,0,0,0,21,0,18,12,70,23,26,0,0,10,0,31,53,39,31,13,114,31,40,0,6,25,34,50,26,6,47,38,12,0,0,11,21,5,8,41,99,23,22,48,27,66,13,79,27,13,41,0,108
530110405041,51,304,158,90,69,36,3,0,152,356,203,0,0,25,11,0,0,0,8,9,62,100,90,88,76,119,123,0,32,183,361,57,78,711,0,0,0,0,0,0,0,0,0,41,34,58,16,9,0,22,30,67,185,105,78,148,91,66,12,46,48,34,86,61,20,0,61,34,45,20,16,0,34,80,32,44,18,64,95,81,100,82,38,22,59,52,18,0,0,217
530110405042,84,165,61,123,100,18,4,22,60,347,126,0,17,0,12,0,0,0,25,0,80,47,104,97,42,59,72,12,115,136,177,95,20,500,0,0,0,0,0,0,0,55,0,65,25,102,20,0,0,20,21,0,50,34,27,41,66,84,47,62,21,0,0,41,13,0,72,75,54,72,32,0,0,9,51,50,79,57,86,30,57,46,66,14,67,16,0,12,0,239
530110405043,72,116,48,36,41,0,5,0,61,138,119,9,0,0,0,19,8,0,0,0,0,36,61,39,29,62,55,0,17,167,90,14,30,312,0,6,0,0,0,0,0,0,0,66,41,44,29,23,0,0,0,22,11,37,27,28,43,43,10,34,11,0,56,18,45,0,38,23,10,0,11,0,0,0,8,35,27,13,44,45,0,19,36,0,6,104,24,0,0,110
530110405051,76,269,103,154,12,61,8,17,181,226,259,0,13,9,0,21,17,0,34,15,13,12,93,84,157,78,137,34,88,123,308,72,58,653,11,0,0,0,0,0,0,19,0,26,35,124,94,16,13,18,25,0,55,111,0,9,66,71,19,54,94,14,89,53,24,13,77,78,108,0,31,0,21,37,54,94,52,60,39,53,56,7,39,90,56,42,56,4,3,266
530110405052,113,362,52,23,40,0,67,0,69,341,247,12,24,0,0,8,0,0,0,0,97,50,109,20,84,57,196,7,35,287,216,69,43,641,8,0,8,0,0,0,0,0,0,85,21,96,10,0,0,0,0,0,9,69,14,106,0,113,63,55,31,183,51,20,0,0,0,98,108,73,13,17,12,42,0,58,40,42,76,43,74,100,71,32,124,25,22,30,0,138
530110405053,119,247,52,86,128,0,23,0,153,269,233,0,27,0,0,10,9,35,0,0,28,30,101,40,62,150,163,36,43,147,262,91,76,655,0,0,0,0,0,0,0,0,0,86,76,63,45,27,0,0,50,67,108,61,101,39,128,50,67,45,27,44,65,24,0,18,43,24,18,16,13,16,30,38,84,30,33,50,65,83,27,24,77,48,18,77,46,17,26,171
530110405071,153,191,38,55,0,0,4,9,64,183,185,20,9,0,0,18,6,23,6,25,70,31,73,77,30,19,34,1,144,180,35,72,9,131,40,76,0,31,34,13,85,31,0,19,0,6,19,20,0,0,44,32,16,39,0,72,50,41,32,12,20,67,119,6,0,1,26,0,58,0,6,0,20,12,12,15,16,9,20,54,44,50,22,31,31,13,12,0,4,76
530110405072,85,168,51,64,14,26,75,0,222,134,127,17,23,0,32,14,30,8,43,25,88,42,98,5,23,21,14,13,153,122,67,43,85,274,9,35,6,5,0,5,0,149,0,41,35,56,30,7,7,14,0,11,51,30,12,25,48,37,5,9,5,12,12,31,5,0,31,54,55,185,67,21,0,14,17,72,117,8,34,43,58,4,0,4,33,31,23,7,4,209
530110405091,136,317,86,36,88,9,0,62,265,207,138,33,8,46,33,0,16,43,0,53,65,40,63,131,68,53,20,8,200,129,277,37,21,453,62,87,14,0,33,0,0,23,0,49,121,48,55,41,0,0,71,102,56,8,105,46,101,97,0,12,16,60,18,6,0,7,12,52,7,14,0,0,0,64,158,29,38,49,17,47,77,15,25,26,7,30,15,12,7,230
530110405092,189,124,160,56,34,0,68,0,245,189,197,41,29,17,17,0,18,6,0,34,56,37,165,100,69,28,14,54,181,139,96,24,137,463,37,8,40,8,6,33,9,0,27,21,32,46,15,10,0,0,23,188,11,138,30,25,18,70,16,36,6,47,19,0,0,10,20,22,65,0,22,4,0,9,138,48,48,33,38,43,14,3,7,91,5,30,0,6,91,153
530110405101,36,302,46,12,48,18,26,0,82,240,166,0,0,0,55,0,16,11,0,0,0,36,25,90,89,71,95,14,15,226,162,40,31,416,0,0,0,0,0,0,0,72,0,83,19,46,19,0,11,0,20,23,55,18,10,38,31,74,17,65,39,77,18,12,0,15,56,55,26,38,0,0,11,40,0,119,0,0,0,85,76,18,41,20,78,10,21,0,0,104
530110405102,27,296,122,48,43,45,0,0,159,246,176,0,0,0,8,0,0,0,0,71,0,13,66,59,22,90,252,10,27,248,110,127,59,514,49,0,0,0,0,0,0,18,0,9,16,15,74,16,0,15,25,29,114,21,62,43,42,118,0,35,20,68,44,25,18,0,42,39,24,27,34,23,0,0,51,130,31,14,89,58,122,15,45,0,21,47,13,0,0,134
530110405103,66,169,90,38,27,28,0,0,57,268,93,25,0,0,19,16,0,19,0,0,0,0,41,39,22,135,102,13,72,193,50,63,27,418,0,0,0,0,0,0,0,0,0,0,33,0,33,0,0,0,25,0,19,77,28,50,119,41,0,53,33,0,81,0,25,0,60,41,0,0,34,0,0,17,0,17,19,27,53,113,14,0,30,14,31,53,33,0,0,82
530110405104,219,333,128,49,71,23,0,0,250,283,290,16,30,0,79,43,11,0,13,26,34,54,185,35,25,63,209,8,274,283,209,49,0,693,55,25,0,0,0,0,33,17,0,85,111,61,15,8,0,0,14,0,90,50,37,21,96,88,83,44,33,21,53,0,29,0,38,156,46,0,0,0,0,13,30,80,119,56,61,53,83,39,54,9,43,63,159,16,17,196
530110405111,46,153,111,79,13,9,4,0,96,219,100,39,0,0,0,0,14,0,0,3,7,35,37,42,18,42,178,21,33,161,134,61,5,399,0,0,0,0,0,0,0,16,0,24,26,56,28,16,11,0,33,15,52,28,83,34,52,86,16,60,9,37,37,0,23,0,26,27,69,18,57,0,10,17,0,42,23,56,44,27,61,26,52,15,8,28,15,17,0,111
530110405112,17,236,46,47,45,0,36,9,85,244,89,0,7,0,0,31,9,0,8,17,29,45,13,49,66,69,84,0,17,113,163,46,88,322,0,0,0,0,0,0,0,105,0,15,7,30,0,0,8,0,19,74,26,26,30,58,50,80,40,38,10,18,16,6,14,0,6,11,60,23,37,0,0,16,89,69,43,0,44,81,53,13,35,11,0,22,5,26,1,106
530110405121,89,332,156,230,23,18,0,0,303,402,143,0,42,21,14,13,32,0,0,0,7,66,141,96,143,103,170,45,84,363,250,29,77,808,40,0,0,0,0,0,0,0,0,68,114,74,74,0,0,0,0,0,42,163,51,113,102,97,31,53,45,0,78,11,11,0,48,78,127,60,65,0,0,23,49,93,120,86,173,77,69,0,57,56,0,32,16,40,44,391
530110405131,179,268,76,220,131,0,0,63,312,167,332,0,0,21,0,32,92,0,9,37,67,113,167,187,52,41,56,0,152,413,264,45,0,741,46,57,30,0,0,0,0,0,0,92,215,105,11,0,0,13,105,18,40,138,147,37,56,43,0,11,53,71,40,44,0,0,133,37,94,13,0,0,62,0,0,119,91,90,48,44,35,29,18,72,44,105,51,18,25,329
530110405132,76,376,193,70,55,54,14,0,141,492,205,19,5,8,0,13,0,8,0,7,0,10,63,153,126,157,269,15,68,335,295,71,54,838,0,0,0,0,0,0,0,0,0,11,71,76,26,95,12,9,35,45,78,90,60,212,88,76,16,49,9,36,28,33,21,1,52,0,81,80,79,42,11,6,65,84,34,83,189,61,33,41,55,63,23,50,0,17,27,277
530110406031,139,83,24,37,11,11,34,0,38,186,115,0,10,0,9,55,0,3,4,0,4,64,5,68,39,13,65,55,59,55,88,75,7,274,7,28,0,0,0,0,0,30,0,19,58,30,6,52,39,0,12,13,13,6,10,58,67,10,24,0,0,12,22,5,9,9,33,34,73,61,18,0,0,0,38,0,11,51,40,23,62,8,17,17,15,26,24,21,62,102
530110406032,66,192,30,70,14,29,0,0,108,173,120,0,19,0,12,0,10,10,0,0,16,21,66,13,36,115,83,7,11,145,175,43,20,329,0,0,0,0,0,0,0,72,0,8,91,48,39,0,15,0,0,10,19,47,51,12,0,73,51,47,28,12,68,0,7,0,0,15,24,0,0,0,0,0,33,7,90,57,12,45,26,65,33,0,33,75,0,30,16,85
530110406033,29,245,73,52,50,10,11,0,69,255,146,11,0,7,0,0,23,0,17,11,9,27,44,43,52,44,182,0,7,116,186,134,27,429,0,0,0,0,0,0,0,41,0,0,20,62,36,38,10,0,24,0,13,33,24,42,96,100,0,0,20,55,40,33,21,0,8,22,64,30,17,9,31,12,12,25,23,23,45,95,55,35,21,23,39,18,27,0,0,138
530110406034,61,134,102,122,33,0,11,0,146,209,108,0,11,7,0,12,0,10,0,23,0,0,30,63,70,115,122,8,43,116,151,56,89,404,12,0,0,0,0,0,0,47,0,0,16,35,33,34,29,0,16,76,14,20,86,83,16,88,7,73,0,39,12,14,8,0,19,59,21,100,0,25,30,0,0,23,28,79,30,158,30,8,12,24,27,10,8,8,0,222
530110406041,45,286,248,82,84,18,20,36,329,295,123,0,0,0,0,10,32,23,0,35,7,68,143,229,166,40,30,0,110,341,250,53,29,732,24,0,0,0,0,0,0,27,0,41,104,111,94,3,0,0,116,85,50,65,126,68,19,95,0,78,75,26,0,51,13,0,31,107,43,63,16,57,0,18,67,137,184,83,103,50,110,13,57,26,42,0,20,28,11,335
530110406042,105,274,184,172,97,113,15,0,386,419,155,14,0,0,0,12,0,0,0,0,69,27,99,213,135,97,294,0,136,366,231,169,58,941,8,0,0,0,0,0,0,11,0,86,148,147,55,74,0,67,29,119,60,136,158,108,142,102,0,0,38,25,65,0,49,27,128,83,136,48,24,9,0,13,34,144,92,133,201,96,34,26,44,0,55,30,37,25,15,404
530110406043,52,147,163,128,27,16,0,0,170,272,91,13,0,20,0,56,0,0,15,0,20,17,152,15,33,112,80,20,80,135,99,87,112,442,0,0,0,0,0,0,0,91,0,87,29,29,9,13,0,0,42,38,109,29,32,40,42,54,101,35,39,0,28,22,0,0,16,34,21,22,0,44,43,36,134,14,29,34,94,30,61,35,16,9,13,40,0,21,0,189
530110406051,16,215,86,51,0,11,5,0,51,164,169,6,0,0,16,0,0,8,17,23,32,29,86,54,7,53,53,16,29,106,148,41,44,310,32,0,0,0,0,0,0,42,0,33,0,47,16,0,0,0,68,54,33,21,0,19,48,74,42,22,36,20,0,51,0,35,0,32,5,0,5,0,0,16,51,0,21,10,17,48,53,12,77,24,9,40,23,20,53,70
530110406052,39,116,13,103,20,0,0,0,52,170,69,0,0,0,26,0,0,20,0,16,70,12,26,36,13,38,34,0,70,56,44,101,20,238,0,0,0,0,0,0,0,53,0,0,0,151,15,0,0,0,0,7,0,0,43,0,14,10,19,55,13,64,0,0,0,0,6,77,71,17,0,0,0,0,7,31,0,17,75,50,9,40,0,8,19,20,11,0,0,122
530110406053,151,319,95,167,50,23,0,0,427,247,131,0,0,10,0,12,0,27,0,61,44,213,85,67,24,90,172,25,157,357,210,56,0,434,29,0,215,82,35,0,10,0,0,72,58,156,20,7,51,0,16,227,48,51,55,138,86,54,0,39,19,30,2,50,11,0,39,71,92,47,21,0,0,0,275,33,16,129,83,22,113,0,11,13,10,19,6,0,49,279
530110406054,173,213,218,163,78,39,0,0,398,328,158,17,26,0,7,17,14,0,9,20,57,53,35,73,88,163,305,20,200,488,169,0,7,833,0,0,0,0,0,0,0,51,0,106,188,100,42,19,0,0,0,0,137,184,111,139,69,94,15,6,25,18,22,5,20,0,113,157,124,76,0,16,0,0,38,133,238,127,97,89,33,6,59,64,45,33,48,19,0,440
530110406081,167,318,141,104,32,26,8,31,225,366,174,16,0,11,23,44,0,0,9,28,22,130,102,85,26,83,217,22,205,410,145,14,0,433,69,51,0,46,28,49,120,0,0,83,49,66,70,5,0,0,38,29,37,84,48,95,36,103,0,56,50,49,67,38,0,0,29,37,151,22,0,0,10,26,42,20,86,54,120,100,67,8,43,38,34,31,41,8,7,282
530110406082,45,137,158,137,11,14,0,0,140,281,81,9,10,0,0,0,0,0,0,17,0,9,33,81,109,56,178,29,48,222,153,41,9,448,54,0,0,0,0,0,0,0,0,12,65,65,54,39,0,11,13,32,21,17,60,16,144,91,27,0,23,28,0,29,0,10,74,39,88,93,11,0,0,0,29,34,12,117,99,91,40,7,30,17,10,19,0,0,10,281
530110406083,90,88,70,128,26,18,43,10,136,242,75,11,10,11,0,0,11,41,54,0,12,6,18,65,25,66,133,6,65,218,73,48,53,421,0,0,0,0,0,0,0,42,0,23,48,112,64,51,49,10,24,20,7,69,31,77,59,100,0,0,0,33,23,10,0,0,24,55,32,67,55,0,0,0,2,71,55,37,67,55,35,7,11,26,43,20,0,0,0,249
530110406091,15,152,154,163,94,89,0,0,222,385,60,0,0,0,0,0,0,0,0,12,0,17,28,65,48,157,340,0,45,321,256,19,26,667,0,0,0,0,0,0,0,0,0,51,184,142,201,17,0,28,27,63,15,55,74,152,117,46,8,73,8,13,10,18,0,0,60,76,146,81,30,0,0,0,7,36,47,124,156,51,67,20,20,0,36,0,23,4,0,464
530110406092,67,278,157,375,59,0,6,0,294,436,212,69,0,16,0,21,4,21,0,0,0,44,109,79,103,140,336,13,98,512,224,45,50,899,31,0,0,0,12,0,0,0,0,34,70,193,132,39,11,33,10,8,18,105,138,156,113,24,80,96,26,22,116,7,0,11,30,117,109,119,51,35,0,9,31,31,155,203,87,131,61,34,25,41,58,110,9,0,34,467
530110406101,78,231,64,329,8,72,0,0,226,424,132,0,0,0,10,0,14,0,0,13,0,22,109,31,86,183,314,8,78,355,193,118,30,751,0,0,0,0,8,0,0,23,0,33,198,145,63,43,24,0,15,31,22,65,141,112,101,127,29,62,0,18,29,20,18,10,29,75,172,108,40,39,28,0,22,53,38,136,161,101,78,14,40,14,10,39,22,31,1,411
530110406102,84,119,119,92,60,0,1,0,145,242,88,23,0,4,0,0,0,0,12,0,7,13,24,49,39,120,184,0,109,284,44,37,1,452,23,0,0,0,0,0,0,0,0,39,73,104,61,15,0,9,0,10,66,10,57,60,86,63,33,14,14,31,29,0,0,0,16,56,50,29,54,0,0,28,40,60,43,45,115,89,22,21,0,18,34,0,0,9,5,228
530110407031,195,86,119,128,144,0,91,0,386,190,187,16,0,19,0,0,16,0,78,33,17,129,136,67,32,143,77,0,134,287,214,72,56,671,0,0,0,0,57,0,0,35,0,128,54,101,74,27,35,0,63,48,62,73,161,48,59,96,1,29,0,65,0,0,66,0,0,76,155,74,0,0,19,79,37,104,113,201,32,19,71,0,45,19,31,0,0,17,13,415
530110407032,38,388,170,28,20,37,8,20,269,275,125,0,0,0,0,16,0,0,42,69,0,57,140,64,64,229,8,0,163,166,132,216,12,689,0,0,0,0,0,0,0,0,0,28,13,0,67,31,0,0,45,0,364,31,250,73,90,56,0,42,21,59,57,22,20,2,0,29,53,0,63,0,0,24,52,0,102,35,132,92,72,50,48,69,34,38,24,1,5,112
530110407033,67,91,248,0,0,27,0,38,152,177,66,0,0,0,27,0,0,29,0,38,81,115,48,26,42,27,0,49,109,207,42,0,26,291,57,11,35,0,0,0,0,39,0,25,26,0,0,0,0,0,0,92,0,0,38,28,52,123,0,0,0,0,29,26,0,0,26,130,59,0,41,0,0,31,125,14,30,63,122,38,0,0,0,16,0,51,0,0,0,232
530110407034,68,109,29,137,24,0,27,0,162,192,40,39,0,0,0,0,62,27,0,10,25,32,69,50,53,13,14,26,132,134,102,0,0,315,0,0,0,0,0,0,0,79,0,18,0,110,40,40,0,0,0,3,51,41,43,17,20,6,0,0,9,72,2,0,2,2,101,33,22,16,7,0,2,0,57,60,57,26,23,72,45,0,0,0,16,13,4,43,15,201
530110407061,289,268,108,128,14,22,56,30,366,246,243,0,40,38,37,38,9,61,17,6,133,184,148,43,57,48,26,42,430,193,165,11,44,353,10,12,19,249,19,0,90,126,7,57,61,77,49,16,34,11,57,34,80,77,215,63,73,70,0,32,45,17,79,13,13,13,14,114,88,75,56,31,14,29,54,94,122,23,63,34,98,30,17,8,36,14,53,18,63,216
530110407062,178,249,24,61,74,0,0,0,310,169,107,83,6,0,25,10,44,7,42,21,28,57,65,33,91,34,40,0,304,179,77,21,5,431,10,70,27,0,0,0,42,6,0,44,86,44,0,0,0,14,25,172,86,49,100,37,56,77,0,0,0,23,18,8,0,37,61,22,114,57,27,0,0,24,34,52,85,92,115,18,23,0,13,44,8,32,0,9,0,245
530110407071,24,119,101,37,54,7,0,29,103,149,61,0,0,0,0,0,28,13,0,0,34,71,125,37,11,23,0,0,38,59,157,57,31,329,0,0,0,0,0,0,0,13,0,30,48,54,0,34,0,0,112,59,15,5,15,41,16,73,13,0,0,15,7,13,0,40,24,11,8,21,30,12,0,0,61,22,24,24,0,41,74,17,0,0,13,24,0,0,0,120
530110407072,32,98,70,19,17,33,63,0,150,128,54,9,11,0,0,0,0,0,0,40,54,31,42,39,96,10,0,0,24,175,104,10,19,304,0,0,0,0,0,0,0,28,0,13,7,77,48,32,0,0,0,76,9,22,31,24,53,28,7,0,15,10,0,16,0,0,33,44,69,31,15,0,46,50,20,7,41,29,8,68,6,7,7,8,16,10,0,0,0,143
530110407073,51,191,57,72,43,18,2,0,170,156,108,0,0,0,0,0,23,0,36,11,53,12,91,39,17,121,31,22,41,251,82,38,0,422,0,0,0,0,0,0,0,12,0,57,55,72,23,9,0,2,7,10,20,133,62,19,38,63,37,9,18,0,40,26,9,21,30,111,43,18,0,3,0,0,62,45,30,38,24,37,15,32,30,0,0,53,17,0,0,166
530110407091,52,113,42,85,43,9,29,0,146,115,112,0,10,7,0,6,0,0,0,18,46,22,32,59,46,66,61,0,49,129,113,47,35,347,0,0,0,0,0,0,0,26,0,40,39,9,7,40,0,0,24,10,26,29,74,19,51,23,22,0,0,16,26,20,0,0,73,38,16,7,0,0,72,16,67,24,55,0,35,27,47,11,0,0,34,28,15,14,7,110
530110407092,104,243,52,106,72,0,11,13,156,268,151,20,0,0,37,6,8,0,0,10,14,47,47,125,80,38,156,0,125,320,94,28,21,588,0,0,0,0,0,0,0,0,0,26,67,66,42,16,4,38,22,39,93,79,12,60,136,43,22,80,19,26,27,66,0,23,81,90,50,21,19,0,0,12,120,30,38,39,97,45,57,39,33,0,24,42,8,11,30,171
530110407093,179,235,206,178,44,44,55,37,301,477,126,0,0,26,7,26,0,30,18,10,54,32,272,89,140,135,102,0,246,430,159,106,0,655,105,0,55,96,10,0,20,0,0,68,73,92,118,58,48,66,167,126,65,56,101,114,129,51,19,31,11,13,68,31,0,0,103,82,128,82,28,0,0,59,81,89,69,94,147,99,89,39,32,38,38,61,9,0,0,362
530110407111,86,58,62,163,42,26,0,54,248,122,13,0,46,0,21,52,25,6,0,14,13,118,0,42,84,0,16,17,143,160,65,44,8,149,0,0,48,60,14,0,166,0,0,95,85,35,0,11,0,17,13,37,59,74,15,16,32,34,9,7,0,0,0,0,0,10,60,161,55,10,35,0,0,28,70,37,46,47,9,11,38,0,7,13,0,11,0,0,0,268
530110407112,52,272,109,91,38,30,9,12,185,297,107,9,0,46,21,8,0,15,22,10,13,42,91,128,22,161,13,29,93,309,118,30,22,565,8,0,14,0,0,0,14,0,0,10,34,103,40,30,0,46,80,91,50,74,103,97,37,88,27,94,32,37,32,0,0,0,34,60,56,28,23,0,54,27,66,48,56,38,59,94,22,72,8,23,16,42,22,10,3,150
530110407121,91,244,103,39,81,9,10,0,241,226,110,10,0,0,28,31,81,0,0,0,10,25,117,103,70,79,23,15,64,206,236,47,9,511,66,0,0,0,0,0,0,0,0,12,93,128,11,56,0,0,0,4,44,51,111,92,19,71,50,57,0,35,23,34,36,13,20,16,12,38,138,0,0,0,0,37,84,84,51,63,27,31,86,11,0,11,22,22,0,134
530110407122,58,149,120,18,29,0,0,0,85,195,94,7,15,0,0,18,0,26,32,42,14,19,90,6,22,42,41,22,40,166,56,68,22,374,0,0,0,0,0,0,0,0,0,14,9,15,0,0,0,24,13,20,41,48,0,126,28,43,70,9,0,0,38,40,19,23,21,40,35,80,0,10,0,0,9,71,21,54,0,15,115,0,30,18,0,56,23,0,14,144
530110407123,33,32,99,50,139,15,0,12,246,102,8,0,0,0,0,0,0,0,110,0,9,15,0,69,78,75,12,0,44,60,223,20,21,368,0,0,0,0,0,0,0,0,0,34,138,47,32,30,17,0,0,68,64,36,88,7,59,0,0,0,10,7,0,0,0,0,11,196,18,17,0,0,0,9,19,50,103,17,30,22,0,21,0,6,0,0,0,0,0,239
530110407124,116,365,76,161,77,0,50,6,352,362,125,0,0,0,0,34,10,15,0,14,38,31,162,98,144,108,191,42,122,422,203,41,15,845,0,0,0,0,0,0,0,0,0,87,132,126,17,23,18,0,17,53,81,148,148,34,152,36,54,27,39,16,34,0,0,0,50,154,165,56,5,0,15,19,115,88,166,86,50,157,93,39,28,0,24,129,0,0,30,352
530110407131,98,175,28,36,102,16,0,0,84,239,132,0,0,12,0,0,27,6,0,0,0,37,21,40,60,48,204,0,114,133,93,89,26,438,17,0,0,0,0,0,0,0,0,9,44,65,196,0,0,0,10,30,29,29,16,97,84,38,9,38,41,21,46,10,0,0,37,0,17,0,0,0,0,0,21,37,18,26,103,66,22,8,21,38,24,30,0,5,0,118
530110407132,99,83,53,64,90,17,0,23,151,145,87,21,0,0,0,0,0,48,66,12,17,19,51,22,30,79,41,12,72,215,88,19,0,406,0,0,0,0,0,0,0,0,0,35,89,0,20,155,18,0,0,31,29,93,13,40,12,10,0,20,0,8,34,0,26,0,72,117,39,26,0,0,0,24,44,78,35,29,24,49,31,50,0,49,0,11,0,0,0,177
530110407133,26,212,119,155,120,23,0,34,266,253,102,0,12,0,0,0,0,12,0,0,21,179,121,9,181,97,23,0,74,324,216,16,25,655,0,0,0,0,0,0,0,0,0,78,121,30,37,45,0,0,0,0,99,75,60,131,36,60,14,71,40,24,30,20,0,0,157,22,62,0,0,102,0,0,29,98,125,69,91,36,38,0,21,14,22,36,51,0,2,383
530110407141,119,267,71,69,59,0,0,42,254,139,150,30,0,27,8,22,28,0,0,63,54,42,89,55,50,106,11,42,161,189,167,0,26,357,0,0,0,20,65,32,79,32,0,19,169,94,38,50,0,8,9,102,104,37,56,40,14,25,75,0,11,143,0,0,0,0,18,17,50,18,11,24,35,50,80,70,38,42,38,34,0,107,0,0,0,11,24,0,10,218
530110407142,160,344,503,115,52,9,0,152,642,267,122,105,0,18,43,57,22,0,0,24,257,88,191,193,78,44,63,29,561,422,171,0,0,155,86,42,80,155,374,94,197,0,0,132,326,100,0,67,0,0,124,123,127,140,30,126,14,39,0,76,0,0,0,0,0,10,220,57,62,64,0,17,22,161,123,254,261,6,87,0,51,0,36,28,61,12,0,25,0,661
530110407151,222,266,54,0,32,23,28,0,112,240,273,44,0,10,20,21,0,0,22,22,13,34,85,40,168,47,99,0,119,176,217,73,40,514,0,0,0,0,0,0,0,111,0,21,64,0,52,0,0,0,56,38,28,14,54,66,66,0,36,73,72,159,28,0,13,0,57,67,40,17,0,21,42,14,36,16,52,90,33,82,73,77,43,49,62,88,9,0,0,104
530110407152,25,142,93,43,13,7,0,14,60,153,96,0,0,11,0,0,0,14,4,0,7,72,75,22,77,37,4,11,44,64,127,37,40,258,0,0,0,0,29,0,0,36,0,0,35,17,41,0,0,0,0,33,22,34,21,33,0,79,65,27,0,12,10,0,28,10,29,30,30,6,0,0,0,56,0,21,45,22,5,0,31,20,49,9,14,0,20,58,49,95
530110408031,262,155,145,158,54,24,0,72,241,295,190,69,14,0,0,35,41,42,52,90,37,66,97,48,91,50,66,156,226,132,187,63,34,544,0,0,55,105,22,55,0,17,0,15,83,89,51,67,0,37,27,63,71,55,60,133,103,54,54,30,61,2,30,13,15,0,88,57,98,43,14,0,10,60,45,65,71,73,73,109,58,8,21,23,19,15,0,79,10,264
530110408032,64,295,81,34,14,0,29,0,168,147,202,9,0,12,0,5,0,0,0,20,64,41,115,84,19,56,92,0,88,218,178,0,33,517,0,0,0,0,0,0,0,0,0,41,62,119,34,0,0,0,49,0,19,48,23,88,29,13,8,11,30,5,108,25,0,8,15,43,36,9,0,0,19,0,0,42,75,53,57,40,53,39,9,45,42,50,21,12,0,126
530110408033,155,104,52,8,36,21,20,0,135,144,117,0,26,0,0,0,0,24,12,4,16,0,55,62,99,34,64,0,135,154,90,7,10,387,9,0,0,0,0,0,0,0,0,56,66,69,14,58,0,0,12,23,0,54,53,0,63,13,0,37,19,19,42,43,0,0,26,0,31,18,0,8,0,0,21,0,63,39,21,88,21,0,19,18,15,36,25,4,0,110
530110408034,0,155,24,136,12,0,0,0,130,117,80,14,0,0,12,0,12,37,0,0,32,51,40,80,22,27,0,0,12,243,50,22,0,273,14,0,0,0,0,0,0,40,0,68,16,12,0,12,0,0,10,0,37,45,25,7,22,9,3,20,44,20,2,15,21,10,105,26,13,8,0,13,0,0,0,41,77,21,30,7,38,10,38,9,11,20,10,21,4,145
530110408061,224,205,154,64,7,17,34,0,249,319,137,36,6,6,10,0,32,32,16,16,6,39,72,159,34,153,88,35,93,267,205,78,27,690,15,0,0,0,0,0,0,0,0,24,20,98,69,12,0,0,42,193,5,58,55,121,45,47,62,51,9,36,45,13,8,7,68,23,59,27,58,37,16,52,87,32,46,53,156,33,91,27,46,21,15,36,15,17,42,211
530110408062,46,158,61,52,27,0,0,0,102,99,143,0,0,0,30,0,19,0,0,10,51,21,46,35,95,23,14,0,38,143,98,13,52,344,0,0,0,0,0,0,0,0,0,12,7,44,0,20,0,23,16,45,54,31,33,12,16,12,29,24,11,10,70,39,0,0,0,29,0,64,6,16,0,0,21,42,50,35,25,44,54,21,5,0,23,64,24,13,10,83
530110408063,133,118,91,145,44,44,13,0,313,129,146,0,0,0,0,0,16,38,35,17,55,66,99,37,64,139,22,0,111,304,125,48,0,551,29,0,0,0,0,0,8,0,0,38,45,99,155,54,27,46,0,29,20,140,124,23,36,59,10,0,8,20,10,17,0,24,97,47,44,36,27,0,0,11,54,48,72,139,85,9,54,0,0,0,15,55,74,49,1,257
530110408081,193,179,149,83,21,12,7,0,193,287,164,15,22,6,63,40,9,54,24,10,63,48,81,71,30,74,34,35,221,206,87,65,30,385,29,30,0,0,0,0,34,166,0,13,69,114,47,9,0,0,27,40,51,79,76,106,79,20,30,23,0,19,55,12,9,4,21,78,41,39,32,21,0,4,53,27,96,54,104,58,63,7,15,14,47,48,23,24,4,247
530110408091,180,109,48,184,0,0,0,0,383,138,0,0,36,0,21,0,31,0,0,0,0,195,67,104,0,67,0,36,161,207,89,28,0,159,174,0,21,31,37,71,28,0,0,31,0,130,51,30,0,0,27,0,88,205,64,43,0,37,28,31,0,0,0,0,0,0,0,0,77,0,0,0,0,37,68,57,132,31,0,12,64,30,28,0,0,0,0,0,0,167
530110408092,322,301,106,46,20,9,0,140,389,190,85,127,74,65,44,14,41,31,24,66,100,147,37,20,0,14,0,97,362,284,43,18,0,186,121,6,34,84,147,59,153,14,0,24,25,7,56,25,0,0,91,120,138,232,56,0,29,20,26,35,0,35,26,0,21,0,17,55,48,19,57,0,89,161,43,86,35,200,12,104,25,112,16,0,25,0,66,0,0,185
530110408093,150,194,26,100,0,0,2,0,190,154,128,0,0,15,0,0,10,16,15,18,0,64,82,94,26,67,65,17,119,217,84,35,0,425,47,0,0,0,0,0,0,0,0,0,2,65,14,0,0,0,30,56,84,68,101,57,56,66,1,43,0,0,18,42,20,19,19,15,17,0,68,0,0,16,23,2,18,67,11,48,85,0,0,0,16,53,38,18,28,67
530110408094,61,274,143,55,144,26,0,0,258,265,180,0,0,18,0,53,49,0,30,33,71,37,75,64,33,75,165,17,117,248,200,34,87,620,30,0,0,0,0,0,0,53,0,133,126,9,0,70,0,25,104,78,69,77,33,16,112,0,16,88,0,67,33,54,0,0,72,50,44,154,0,0,26,0,155,102,10,79,91,37,50,66,32,17,54,62,0,0,0,338
530110408101,166,127,111,220,66,51,14,86,362,238,69,23,6,23,33,0,0,8,42,25,72,35,114,133,138,95,8,23,185,301,164,74,8,277,233,3,0,78,106,0,23,35,0,143,103,16,15,23,28,73,61,81,104,21,87,97,30,34,0,14,62,20,0,9,5,0,52,92,115,61,23,5,11,21,126,121,26,109,41,52,15,18,6,15,15,0,7,0,6,351
530110408102,200,222,185,43,0,26,0,9,155,357,155,22,26,0,0,0,0,34,0,41,22,75,102,57,81,179,37,3,170,191,148,128,36,484,105,58,8,0,0,0,0,21,0,7,13,11,20,34,36,36,20,110,20,39,97,88,57,83,119,83,24,38,24,24,0,4,14,30,7,12,0,0,0,21,44,46,111,13,51,63,193,13,39,0,39,165,28,6,11,87
530110408111,88,243,80,0,36,0,0,0,49,220,178,0,0,0,12,0,0,0,33,10,12,33,103,34,23,88,99,12,63,234,82,32,24,436,0,0,0,0,0,0,0,11,0,0,30,0,18,0,0,0,98,39,31,0,74,0,50,25,31,38,25,98,49,33,12,0,0,29,29,16,0,0,0,31,0,34,14,30,0,0,52,123,35,15,101,50,14,12,0,42
530110408112,62,423,117,151,38,48,0,0,224,270,345,0,20,73,0,0,0,0,28,13,48,42,118,123,115,84,175,39,72,437,141,102,48,754,0,0,0,0,0,0,0,85,0,36,116,80,49,8,62,0,36,60,37,39,142,109,19,29,13,10,0,95,68,70,16,16,44,54,52,46,0,49,21,44,41,68,50,93,175,72,25,11,22,39,87,124,42,15,58,294
530110408121,112,153,40,95,10,16,18,0,147,155,142,0,0,0,0,15,72,10,17,0,34,16,23,116,26,93,22,25,30,238,72,69,10,402,0,0,0,0,0,0,0,42,0,19,73,18,18,49,0,0,23,18,63,23,120,30,47,34,32,0,17,17,14,0,48,0,14,42,86,0,20,0,18,0,0,54,50,43,61,0,28,0,40,0,7,28,0,28,52,120
530110408122,166,213,196,52,7,0,0,29,294,233,78,0,64,5,0,0,0,18,0,41,0,54,41,172,103,99,37,0,331,193,58,0,52,360,0,0,34,45,27,0,139,29,0,48,0,56,0,8,0,27,0,75,157,13,13,85,129,46,0,25,33,0,8,0,0,0,24,60,28,67,0,0,39,27,77,33,0,99,164,71,74,0,30,0,0,27,0,5,0,233
530110408123,86,506,74,107,17,56,0,31,222,239,354,35,25,0,15,14,0,19,17,0,22,44,164,84,33,134,240,0,88,443,257,58,0,752,85,0,0,0,0,0,0,9,0,50,59,16,0,20,136,22,164,71,42,127,48,101,53,32,0,35,52,88,105,17,0,0,91,25,49,0,0,0,0,40,9,88,42,67,26,115,0,123,77,67,67,90,0,23,4,106
530110409041,119,325,100,118,37,30,0,0,134,331,264,0,0,0,0,0,17,22,0,0,0,194,104,109,35,176,72,0,182,366,115,20,46,703,17,0,0,0,9,0,0,0,0,17,44,63,74,22,0,0,16,9,87,53,0,158,99,77,31,10,74,67,23,0,0,56,30,32,29,74,66,0,0,26,52,41,16,62,55,109,166,62,26,13,19,58,0,55,11,217
530110409042,63,416,71,86,90,0,0,39,175,94,418,0,0,23,0,39,37,77,0,133,63,47,65,53,125,64,0,37,159,303,143,71,13,521,8,0,81,22,94,0,0,0,0,120,31,0,0,0,0,0,77,97,99,40,21,0,75,52,118,24,23,62,81,21,0,117,63,67,0,0,54,0,0,42,61,53,0,88,0,75,28,17,23,35,59,135,129,51,15,175
530110409043,58,54,107,149,0,23,0,0,123,202,66,0,0,0,11,0,13,23,12,0,19,0,32,62,65,11,143,0,34,211,64,82,0,391,0,0,0,0,0,0,0,0,0,54,51,51,12,0,0,0,43,120,34,77,0,11,18,56,60,0,0,64,0,0,0,1,47,17,7,0,4,0,0,0,14,96,80,0,12,103,11,28,12,21,21,0,0,0,2,154
530110409044,275,253,18,66,56,0,0,57,416,79,116,99,31,21,70,9,57,30,54,38,32,88,92,30,17,0,0,106,409,132,21,0,0,30,34,0,32,123,172,159,118,0,0,40,0,31,23,36,0,0,12,78,10,87,70,11,0,14,0,0,18,0,54,0,0,0,109,58,67,26,0,0,0,0,173,34,121,8,7,0,26,0,8,0,31,12,18,0,14,208
530110409051,128,192,55,184,56,1,56,0,183,238,251,9,12,0,11,0,17,45,32,8,14,40,42,52,107,126,157,13,42,226,277,42,72,593,0,0,0,0,0,0,0,79,0,92,54,167,22,6,0,14,27,73,20,91,29,58,106,42,0,19,30,18,32,57,19,12,53,67,65,33,19,0,0,14,88,28,62,99,52,58,17,32,36,28,17,42,19,62,20,204
530110409052,198,243,38,39,19,22,0,164,83,165,147,11,0,0,0,164,7,0,28,9,20,45,50,33,6,85,101,0,210,203,68,62,16,518,11,0,0,0,0,0,0,18,12,0,71,29,25,0,32,10,207,15,54,31,35,36,57,39,23,62,30,31,59,44,12,0,12,41,69,31,0,0,0,0,19,16,16,42,30,53,83,20,8,38,63,45,21,20,12,110
530110409071,100,153,120,123,0,36,9,0,100,388,53,0,0,78,0,0,0,0,0,0,0,27,113,6,65,109,143,15,40,367,99,20,0,529,12,0,0,0,0,0,0,0,0,68,101,70,9,0,0,0,8,19,10,12,79,191,29,46,7,107,9,0,24,0,12,3,9,65,88,49,0,0,21,0,10,13,19,93,51,98,28,7,85,20,24,12,0,61,0,203
530110409072,44,409,148,91,43,0,68,0,84,509,210,0,0,0,10,0,0,26,15,0,14,13,48,131,79,165,302,15,71,503,199,15,0,803,0,0,0,0,0,0,0,0,0,20,168,110,108,0,0,44,17,10,11,59,24,122,103,89,121,7,68,43,43,47,14,0,9,87,134,54,0,0,0,7,18,17,139,22,22,125,133,49,63,14,68,49,19,10,28,283
530110409073,15,232,40,87,0,0,0,0,43,215,116,0,0,0,0,0,0,0,0,0,14,0,31,43,35,49,202,0,21,200,142,0,11,374,0,0,0,0,0,0,0,0,0,22,23,65,0,0,0,55,11,0,0,36,13,52,24,85,0,25,0,37,63,16,21,0,22,0,38,13,13,0,0,0,0,22,53,38,120,31,50,0,54,21,46,11,0,0,21,78
530110409074,69,167,114,142,87,0,0,0,200,274,105,0,0,0,0,0,39,9,0,62,15,12,73,56,40,109,164,0,84,310,64,79,42,488,72,0,19,0,0,0,0,0,0,195,34,43,54,29,0,0,28,0,64,82,8,82,21,74,20,16,10,34,38,9,3,0,59,55,13,27,10,11,15,72,28,88,67,30,107,0,65,29,27,14,16,28,18,3,9,304
530110409081,22,325,73,74,28,18,0,0,129,290,121,0,14,0,0,18,0,0,17,49,0,10,25,83,44,66,214,0,31,232,101,166,10,540,0,0,0,0,0,0,0,0,0,0,91,61,62,0,0,0,0,25,45,20,44,57,51,201,21,10,10,0,85,31,0,15,19,35,76,35,0,0,18,11,44,71,0,48,56,11,232,20,20,0,0,73,19,0,0,175
530110409082,171,182,103,0,16,15,0,0,125,88,274,15,0,11,0,0,0,0,11,19,97,56,15,66,48,134,15,0,139,227,106,15,0,460,27,0,0,0,0,0,0,0,0,64,20,15,63,0,0,23,24,20,0,40,103,58,0,15,15,0,15,45,64,41,20,0,21,19,19,0,0,0,0,0,37,0,37,83,57,0,55,0,13,35,86,24,148,29,0,108
530110409083,265,229,185,226,40,0,0,33,314,372,226,33,0,15,19,32,21,21,0,0,50,18,104,30,81,283,238,15,161,450,167,110,42,945,0,0,0,0,0,0,0,0,0,34,46,100,91,39,0,0,78,86,59,87,118,67,141,107,69,48,31,20,19,42,21,49,170,84,37,61,0,78,0,0,62,69,98,68,121,117,57,16,61,68,22,34,68,19,0,362
530110409084,51,287,134,0,0,0,0,0,50,237,185,0,0,0,17,0,0,0,0,39,34,0,67,112,70,45,88,19,63,295,95,0,0,472,0,0,0,0,0,0,0,0,0,0,0,0,0,0,0,0,0,29,0,62,0,31,48,20,105,58,0,31,112,31,0,0,0,0,80,42,0,0,0,15,0,32,29,51,98,58,97,0,135,41,0,79,0,24,21,87
530110409091,208,371,184,131,30,0,0,0,198,317,409,50,0,0,30,7,35,0,0,46,19,82,74,148,131,174,128,0,161,510,108,90,55,786,25,0,0,0,15,0,18,80,0,38,82,62,65,0,0,0,41,32,130,0,44,0,100,102,0,85,23,37,113,56,0,106,15,107,40,23,73,0,0,0,29,105,0,126,123,113,87,34,52,1,57,77,53,0,61,258
530110409092,71,78,77,17,25,0,0,0,16,127,125,0,0,13,21,0,0,36,0,0,16,14,38,13,28,24,65,0,57,100,74,37,0,268,0,0,0,0,0,0,0,0,0,0,47,19,0,0,0,0,0,17,0,0,0,27,33,15,21,10,22,23,0,69,1,0,11,0,53,0,0,0,0,17,18,0,18,0,52,25,0,9,56,10,15,68,14,0,34,58
530110409093,209,260,12,44,15,0,0,0,59,235,246,15,0,0,19,15,59,0,70,41,0,44,58,62,30,52,75,31,183,242,71,13,0,150,245,37,27,14,0,0,41,26,0,0,0,0,43,67,0,0,19,43,15,13,0,53,23,39,24,35,0,0,37,75,16,24,0,40,30,0,0,0,0,0,16,15,0,56,0,37,59,0,0,20,0,57,110,15,39,53
530110409094,135,129,67,118,54,0,0,0,156,162,185,10,11,0,0,19,37,14,0,0,26,17,33,44,69,136,87,0,156,208,104,35,0,379,68,56,0,0,0,0,0,0,0,0,0,51,62,14,0,31,37,9,14,32,108,23,22,44,11,16,0,52,18,40,0,0,31,35,89,0,27,0,0,17,0,22,50,82,27,19,64,0,63,9,0,112,10,17,13,167
530110409101,112,171,85,120,120,27,0,27,213,268,127,12,19,6,0,0,24,74,0,7,21,24,50,34,154,115,95,38,103,313,51,130,0,571,0,0,0,0,6,0,0,58,0,29,35,125,101,0,0,10,6,52,25,52,121,53,47,30,43,63,53,19,0,21,0,0,106,100,82,69,0,0,0,33,33,55,35,128,84,27,74,83,5,16,16,0,23,43,2,325
530110409102,88,349,170,146,35,0,31,0,204,411,204,6,0,11,10,0,43,11,0,18,81,54,145,67,85,154,134,0,151,386,143,85,54,724,24,0,0,0,0,0,0,71,0,31,80,78,41,33,5,32,105,72,55,44,63,59,51,179,40,69,8,12,90,63,0,29,35,49,58,76,105,77,0,29,41,27,32,149,85,142,92,54,29,55,0,96,22,12,8,247
530110410031,27,174,46,20,8,24,0,6,38,159,96,0,0,0,7,6,0,0,15,9,14,6,63,48,0,115,16,0,34,120,98,47,0,299,0,0,0,0,0,0,0,0,0,0,26,12,0,12,8,41,18,11,11,14,21,11,46,6,33,21,28,0,11,26,8,5,18,0,34,50,11,0,0,7,0,0,60,18,19,0,18,5,79,0,52,23,26,0,0,48
530110410032,191,249,115,74,27,0,0,53,146,338,119,11,7,0,0,0,29,13,53,13,67,102,90,153,30,32,56,15,146,375,77,15,28,444,35,0,8,16,74,17,62,0,0,42,62,8,0,0,0,16,47,0,154,60,40,33,49,45,38,136,27,0,43,0,0,15,60,0,11,35,24,13,12,0,11,73,25,22,45,54,69,21,106,14,29,82,17,10,24,100
530110410033,79,156,0,26,7,0,16,0,68,66,150,0,0,18,0,0,0,0,0,0,30,10,16,58,69,38,45,16,53,90,69,42,14,259,0,0,16,0,0,0,0,9,0,51,13,6,0,0,0,0,0,0,31,0,0,0,66,23,21,54,9,31,12,11,21,42,31,0,0,5,0,0,0,0,0,49,0,50,9,18,45,26,21,12,21,45,35,0,21,48
530110410034,193,131,66,17,13,0,13,0,145,139,149,0,74,0,0,7,0,9,10,10,37,33,64,52,49,44,44,85,88,174,46,32,8,433,0,0,0,0,0,0,0,0,0,16,0,31,16,0,7,0,37,19,59,67,0,22,41,53,0,35,17,34,10,19,0,0,0,83,6,0,0,9,0,0,11,102,35,29,38,24,27,9,59,32,27,21,31,0,35,69
530110410051,292,210,136,109,16,11,0,164,261,271,78,0,74,13,31,98,103,11,24,85,40,79,138,38,29,11,0,148,280,198,64,70,14,452,25,97,69,12,27,11,81,0,0,46,43,24,38,54,18,19,32,101,66,48,90,43,37,41,14,18,11,20,30,0,8,0,62,29,60,138,0,0,12,192,13,119,55,73,32,101,49,61,26,0,16,44,0,0,0,204
530110410052,69,100,30,55,52,11,0,0,105,164,48,11,0,34,11,0,39,43,0,48,18,39,48,8,0,0,18,0,57,153,107,0,0,80,0,0,0,0,10,14,0,213,0,10,11,71,37,15,0,0,0,0,0,25,43,10,60,16,0,6,0,0,16,22,0,0,55,10,17,153,9,0,0,0,38,0,54,14,0,33,57,9,16,0,0,24,12,6,0,140
530110410071,83,214,9,23,60,0,0,0,86,70,233,0,0,19,6,10,10,0,9,0,12,26,55,136,52,33,21,0,160,171,11,26,21,389,0,0,0,0,0,0,0,0,0,0,35,80,0,0,17,0,9,58,41,70,13,12,24,40,0,0,12,32,22,13,36,124,0,0,0,30,13,0,0,0,26,14,70,13,30,31,13,0,0,10,36,0,35,12,112,50
530110410072,191,192,102,38,103,33,0,12,308,195,144,32,40,0,0,5,0,34,62,14,41,27,266,72,12,22,32,41,243,178,154,38,5,368,39,53,21,0,24,83,43,28,0,15,25,9,0,26,0,0,73,72,53,87,26,14,18,22,0,62,12,18,24,12,14,0,89,42,166,96,0,0,18,33,89,37,190,10,54,54,24,8,19,0,41,8,7,35,37,204
530110410073,56,142,63,50,0,15,0,0,114,128,84,17,0,5,25,14,25,41,8,9,15,0,32,47,20,42,26,17,84,102,51,63,9,244,5,0,9,8,17,26,7,10,0,0,46,15,62,0,0,0,0,0,6,41,42,15,73,14,9,0,8,0,21,7,7,0,19,38,32,18,0,0,0,0,17,11,23,62,0,47,20,6,44,16,15,7,30,25,0,129
530110410081,72,180,31,143,14,7,0,0,63,202,182,5,0,7,13,0,16,7,0,0,34,28,49,37,40,175,36,0,90,87,207,26,37,423,16,8,0,0,0,0,0,0,0,10,17,7,95,0,0,9,0,10,0,78,12,127,48,0,15,7,20,36,37,8,12,13,0,14,105,44,0,0,0,24,41,3,8,26,120,54,6,22,14,48,0,50,21,18,14,164
530110410082,107,310,49,93,32,0,10,37,122,212,230,10,0,0,12,24,13,13,41,12,12,90,106,79,116,54,19,0,108,258,190,33,12,601,0,0,0,0,0,0,0,0,0,10,35,35,75,27,72,51,14,61,23,8,61,93,65,13,28,30,16,32,44,41,37,79,21,51,30,0,10,0,39,21,34,72,24,34,41,30,65,13,27,16,35,56,14,56,0,136
530110410083,40,187,101,52,21,0,12,0,162,125,126,0,0,0,9,9,17,0,0,15,20,35,47,41,61,57,102,0,54,245,61,44,9,413,0,0,0,0,0,0,0,0,0,51,19,23,60,0,0,9,8,0,55,71,35,46,9,18,10,71,25,8,41,13,0,7,58,45,16,0,0,0,0,0,34,19,59,40,25,19,22,26,63,5,9,47,21,7,0,141
530110410091,144,311,98,83,0,0,19,57,161,276,161,9,46,0,13,12,36,69,29,0,18,49,121,86,73,49,45,72,163,312,30,59,19,369,9,8,78,64,105,0,22,0,0,22,25,0,22,0,12,20,80,46,131,12,20,35,67,68,20,50,0,21,50,40,13,7,69,41,23,12,0,0,67,45,12,0,37,84,28,94,65,21,53,15,17,51,41,21,0,156
530110410092,405,252,59,28,19,0,0,54,175,290,244,41,54,108,9,26,43,10,10,117,80,73,87,77,11,17,0,156,391,163,44,9,0,94,0,0,40,147,92,103,142,145,0,24,20,51,25,35,24,0,8,106,56,58,15,108,70,42,15,0,0,27,32,26,10,13,51,23,0,0,0,49,38,13,48,29,26,43,2,66,88,0,7,0,35,102,40,11,39,94
530110410093,62,186,45,12,22,10,0,0,129,143,65,0,0,0,6,0,20,32,0,6,34,50,92,48,22,10,17,0,105,148,74,10,0,250,40,47,0,0,0,0,0,0,0,0,44,17,0,0,8,0,0,31,36,27,29,42,53,15,31,12,0,0,15,6,10,12,24,17,62,8,12,0,13,43,33,14,49,15,23,49,50,0,19,0,9,33,0,63,12,109
530110410101,392,394,143,122,50,0,0,87,321,353,340,110,26,73,45,38,0,158,28,21,71,91,154,129,58,80,19,90,501,391,63,24,32,482,0,0,190,15,20,105,16,249,24,0,67,63,9,25,9,29,33,81,84,109,38,27,121,73,16,28,92,9,89,12,19,49,208,97,23,21,0,0,49,119,56,115,148,62,96,31,63,13,43,70,27,31,21,63,38,263
530110410102,362,399,134,85,12,0,22,44,395,405,170,0,79,12,51,10,32,67,93,24,42,140,197,162,42,37,26,27,346,528,71,42,0,321,66,49,164,77,143,72,122,0,0,103,12,19,47,25,0,39,29,122,146,28,93,36,103,238,0,39,0,9,30,21,7,10,122,47,17,37,0,38,0,33,144,110,34,52,57,60,92,43,17,0,17,124,29,9,11,239
530110410111,227,266,130,53,184,14,23,10,388,324,175,37,0,8,0,39,50,16,26,66,151,33,149,145,51,63,63,0,202,342,216,106,31,715,19,0,29,17,50,27,0,40,0,114,126,103,26,50,0,20,0,142,87,109,61,75,67,51,26,77,12,33,0,48,0,17,41,45,108,43,20,0,14,38,50,150,145,60,53,53,101,13,4,29,15,77,5,10,9,352
530110410112,130,190,72,0,72,48,0,27,127,164,194,0,16,0,0,26,6,9,6,22,34,82,99,34,69,28,81,5,151,236,63,48,9,432,0,29,0,24,27,0,0,0,0,32,19,75,39,54,0,0,72,14,30,23,37,32,100,27,0,0,19,29,53,23,25,0,31,10,46,18,0,0,7,0,44,69,45,75,9,47,18,16,18,23,76,17,12,0,0,164
530110411041,167,157,92,171,114,16,13,33,400,204,93,55,8,50,35,0,39,3,20,115,34,38,23,102,93,109,6,138,113,270,143,32,34,447,128,7,10,54,7,32,11,34,0,87,25,84,61,25,87,13,52,141,22,85,183,52,37,63,0,14,16,21,25,15,18,0,158,51,105,41,47,15,0,0,109,40,91,168,43,100,14,14,12,0,24,41,18,7,0,306
530110411042,145,187,169,89,47,30,10,22,320,179,156,21,0,9,14,8,8,28,7,16,106,71,154,90,55,65,25,42,161,199,223,33,19,394,66,37,88,30,6,22,34,0,0,37,67,31,41,30,54,15,38,177,69,96,80,46,54,55,11,18,6,4,13,68,23,0,50,30,30,24,37,18,0,50,85,54,47,44,51,97,96,0,0,17,26,22,24,6,13,186
530110411051,132,231,170,80,10,0,0,68,179,206,170,0,0,15,0,7,0,27,71,17,20,75,20,143,56,172,0,51,184,77,192,63,56,479,0,0,0,45,56,14,29,0,0,12,9,0,42,0,10,29,51,35,63,218,70,13,88,52,13,22,16,75,32,0,0,0,31,10,9,0,0,15,0,61,0,12,66,14,26,23,55,34,118,78,70,12,7,6,13,86
530110411052,157,356,126,21,27,0,0,24,129,280,254,61,0,0,12,6,55,25,47,20,49,29,31,24,64,137,127,25,235,269,86,55,17,536,107,23,0,0,0,21,0,0,0,4,48,19,53,0,0,0,29,90,117,74,0,90,99,109,0,0,27,16,53,50,0,0,46,7,25,90,0,0,0,30,114,12,68,0,6,164,64,0,29,62,45,143,7,0,33,167
530110411053,338,144,82,30,0,0,0,0,130,145,319,0,0,54,20,38,0,0,86,78,58,0,48,95,25,33,59,28,279,233,54,0,0,440,0,21,8,0,0,0,0,125,0,0,62,0,0,0,0,0,52,98,41,15,64,95,36,0,44,26,0,95,95,77,46,0,0,0,41,21,0,0,0,0,0,41,111,0,52,31,159,0,0,0,139,34,93,44,0,71
530110411054,160,125,37,58,115,46,0,0,191,279,71,16,0,0,17,24,0,29,0,33,10,52,29,193,26,93,19,10,130,122,173,71,35,470,34,0,0,0,0,0,0,37,0,35,16,74,38,0,0,31,0,0,66,19,83,82,23,76,0,27,17,0,10,7,0,8,137,92,75,28,29,0,38,0,52,54,30,59,70,33,118,0,17,37,10,0,0,9,9,256
530110411071,115,233,98,39,119,0,37,35,214,178,214,11,0,0,10,13,0,0,0,10,46,28,83,105,99,141,95,10,170,260,130,54,17,618,0,0,0,0,0,0,0,23,0,90,73,10,21,0,48,0,42,62,46,106,93,7,1,8,7,41,17,8,37,70,5,19,99,71,95,15,40,0,22,29,27,46,82,37,8,114,58,7,0,19,44,74,18,0,30,235
530110411072,124,120,133,59,44,6,0,0,147,237,102,32,10,0,0,47,0,17,21,9,29,15,61,43,8,126,68,24,184,128,114,36,0,284,131,41,30,0,0,0,0,0,0,15,26,13,0,39,0,10,96,147,15,91,74,0,67,39,7,39,9,0,41,0,14,0,21,19,32,33,0,0,0,20,56,7,60,53,9,89,27,19,25,0,1,23,0,24,29,93
530110411101,52,93,254,69,9,6,0,0,131,274,78,0,8,0,16,0,0,0,6,40,22,18,93,40,31,203,6,0,65,282,102,16,18,483,0,0,0,0,0,0,0,0,0,18,50,41,7,12,0,0,39,59,50,10,25,40,0,25,36,19,0,25,18,0,20,0,56,45,136,147,10,0,0,56,36,32,33,27,155,67,12,59,6,16,18,17,0,0,0,308
530110411102,214,503,86,56,49,16,0,0,294,376,254,41,2,21,74,10,0,20,0,31,0,118,216,162,99,66,64,32,310,291,169,115,7,582,0,74,87,74,0,27,80,0,0,55,24,98,67,19,7,0,0,31,140,104,129,30,47,20,88,43,64,104,33,66,0,26,20,76,43,5,0,0,0,5,113,206,91,28,40,19,131,94,135,56,15,106,68,75,0,158
530110411103,34,150,47,53,47,0,30,0,87,180,94,11,14,0,0,0,0,0,0,0,0,53,30,23,32,156,42,11,23,39,214,50,24,306,0,0,0,45,0,0,0,0,10,7,14,39,36,0,0,0,0,45,48,47,11,19,0,122,7,5,0,0,0,56,7,0,45,44,30,37,25,0,0,0,28,25,35,19,0,0,143,21,0,0,22,16,9,35,0,114
530110411104,30,371,73,37,116,17,36,16,283,341,40,0,0,9,0,0,23,36,34,13,36,128,78,43,223,57,0,14,84,223,283,76,0,456,39,35,0,83,22,29,16,0,0,133,99,134,31,0,0,32,15,57,41,57,77,90,26,208,10,23,0,10,23,27,0,0,0,72,65,0,50,0,0,14,161,99,25,72,27,22,181,29,10,0,21,15,0,0,0,227
530110411111,211,333,28,234,86,0,42,107,476,195,156,89,10,34,0,77,57,11,16,12,249,137,73,101,53,0,15,37,299,568,14,16,0,22,50,106,9,94,226,207,220,0,0,63,14,123,77,98,33,14,40,140,44,147,77,47,62,0,0,22,34,39,45,0,28,0,141,149,88,53,0,29,62,67,145,169,89,72,13,20,56,10,18,11,14,14,0,0,0,318
530110411112,161,228,62,44,85,64,0,76,402,117,49,8,31,19,43,40,35,34,75,16,144,49,85,52,0,13,0,42,264,266,72,0,0,59,7,34,104,170,26,165,79,0,0,151,82,52,28,35,44,13,9,28,133,50,99,15,0,18,0,0,0,0,6,9,0,0,132,39,80,29,66,18,15,26,29,121,61,44,63,20,0,0,0,8,6,8,0,7,0,284
530110411121,16,294,76,115,25,23,11,0,322,187,51,0,0,0,34,0,0,0,0,0,0,22,263,41,95,76,29,27,100,305,72,34,22,398,70,0,0,22,0,21,21,28,0,48,75,0,23,0,38,0,16,115,69,130,84,18,57,70,8,0,10,9,29,0,0,0,0,128,46,22,41,0,34,0,26,61,124,30,7,45,57,25,29,9,0,19,9,0,0,165
530110411122,59,315,35,0,134,0,0,0,108,201,234,0,0,0,18,0,0,56,0,70,77,0,34,159,50,44,35,21,93,163,185,30,51,543,0,0,0,0,0,0,0,0,0,0,0,40,34,0,0,30,0,60,81,18,82,70,32,0,0,1,1,47,23,64,38,55,30,191,0,0,0,0,0,0,97,78,63,15,33,45,45,48,74,32,0,81,34,19,0,125
530110411123,194,419,74,166,8,0,0,116,404,108,233,17,0,43,72,84,29,0,37,13,57,171,133,113,92,0,0,53,366,300,61,81,0,127,16,53,26,117,176,57,289,0,0,69,141,138,0,19,20,16,20,67,34,30,21,29,95,30,65,0,0,0,21,17,60,62,79,34,9,11,0,19,11,153,164,171,143,111,0,27,62,0,0,0,20,9,70,45,80,309
530110411124,305,269,103,40,28,0,0,105,282,251,107,39,8,10,18,0,0,0,38,36,207,129,89,68,44,13,46,49,397,243,56,0,0,202,66,8,257,111,11,0,90,0,0,91,19,50,13,11,0,0,93,181,88,12,0,0,65,31,113,0,0,15,0,0,0,0,0,25,50,51,0,44,0,148,100,77,50,0,70,91,20,44,0,23,53,0,11,14,0,130
530110411131,339,419,126,125,46,0,0,153,448,269,185,52,16,52,94,62,16,61,0,22,64,289,84,112,88,0,43,30,551,448,0,26,0,116,103,29,180,304,123,136,64,0,0,0,31,202,64,165,52,0,25,133,16,156,99,48,55,55,24,12,9,15,45,38,0,27,124,21,31,31,45,0,39,71,23,72,24,137,0,86,50,34,11,33,16,58,21,34,27,304
530110411141,408,56,39,12,14,0,0,19,116,157,237,52,0,145,19,0,0,9,16,10,30,71,47,77,53,0,0,193,284,52,0,0,0,0,114,34,43,39,74,0,225,0,0,52,0,39,30,0,0,0,0,0,118,0,29,17,0,74,0,14,0,0,0,0,0,0,14,18,0,0,0,28,0,23,27,39,0,19,13,20,0,29,69,42,59,0,32,173,25,48
530110411142,246,223,30,29,41,15,0,37,173,199,175,5,0,0,33,134,0,41,0,18,128,82,42,71,18,0,12,13,296,185,37,24,29,152,346,0,31,37,0,0,18,0,0,0,21,144,71,24,14,0,0,149,77,0,34,19,0,123,18,16,0,24,13,45,16,0,0,0,30,18,0,25,0,52,85,48,0,31,46,0,41,68,10,0,0,53,39,48,31,103
530110411143,483,157,54,0,3,11,0,0,80,50,578,0,0,10,82,96,57,42,0,0,73,86,135,95,11,21,0,295,268,80,54,0,11,29,28,0,0,0,0,18,633,0,0,0,0,25,0,0,0,0,44,57,44,42,19,11,0,12,0,0,0,0,36,2,24,93,0,0,7,0,0,0,0,0,21,3,0,20,24,0,0,0,36,0,0,44,61,20,365,20
530110411144,176,154,167,11,19,0,0,0,159,234,134,24,37,0,22,23,0,0,0,0,79,58,168,26,0,0,90,24,104,234,158,0,7,212,70,9,0,24,37,93,0,82,0,0,28,46,0,58,0,0,0,0,22,0,40,61,9,53,0,101,89,0,14,34,0,0,0,15,12,34,0,0,0,80,0,76,35,92,25,25,6,93,7,0,0,69,0,30,0,43
530110412031,164,189,175,67,100,22,45,23,384,277,78,133,20,60,8,7,68,23,0,14,43,81,169,28,0,85,23,72,231,384,56,12,7,234,129,172,28,13,10,155,21,0,0,126,190,113,11,16,0,0,39,129,80,40,97,85,21,59,15,0,5,45,5,0,0,0,29,71,129,83,40,0,24,20,113,49,120,20,90,51,77,0,31,35,21,6,0,22,20,309
530110412032,172,389,77,56,13,12,13,34,301,192,205,56,19,0,15,24,61,8,9,7,16,42,88,182,42,115,48,37,209,375,81,30,0,581,71,8,9,20,37,0,6,0,0,38,67,15,40,0,0,16,26,217,74,128,39,0,0,129,35,66,28,13,54,51,16,15,101,63,30,16,0,0,41,79,26,78,50,23,34,44,32,26,73,10,47,77,90,0,35,152
530110412033,160,203,37,83,0,0,0,73,169,110,131,50,0,0,11,15,34,0,0,28,70,120,83,26,5,41,0,36,194,203,32,18,0,300,31,0,71,68,0,0,13,0,0,48,59,39,0,0,0,17,52,0,50,150,76,39,20,81,0,0,0,22,37,15,0,0,11,18,37,0,0,0,17,57,33,57,30,41,0,46,7,13,0,0,17,79,31,0,17,91
530110412051,411,207,292,15,101,0,0,41,317,392,276,24,13,21,0,55,48,55,174,12,103,89,199,105,73,40,15,29,433,453,49,62,0,238,224,0,44,338,38,0,129,15,0,23,0,0,179,0,42,0,45,80,155,220,0,302,0,20,0,0,16,0,21,39,70,25,42,123,103,0,0,0,0,19,69,82,142,0,197,0,27,54,63,26,29,11,56,13,121,325
530110412052,268,324,46,90,94,15,0,17,250,279,291,38,14,17,0,89,0,0,0,0,28,73,181,90,63,109,135,28,309,370,130,0,0,563,97,55,0,34,0,0,88,0,0,85,65,108,0,10,0,0,0,39,14,178,100,80,6,76,30,38,50,23,126,41,13,0,32,135,46,0,10,11,0,36,18,80,48,88,71,32,10,33,50,24,40,61,14,32,52,189
530110412053,122,50,133,0,0,0,0,0,133,36,136,0,61,13,48,22,0,85,0,0,0,0,37,0,29,10,0,60,72,163,0,10,0,72,99,0,0,0,0,86,48,0,0,0,0,32,0,0,0,0,0,0,45,0,34,15,1,16,0,0,0,41,0,70,4,9,0,180,6,0,0,1,0,0,102,27,6,0,14,2,16,15,0,23,4,27,78,0,40,108
530110412061,74,352,47,85,0,10,0,0,239,152,177,0,0,23,0,0,35,25,0,10,3,71,235,40,17,26,83,0,246,137,156,9,20,568,0,0,0,0,0,0,0,0,0,0,6,90,0,17,0,27,159,0,11,14,21,32,167,21,22,48,21,24,48,48,21,0,0,144,24,29,0,0,0,0,0,0,13,260,3,66,37,31,69,19,48,62,50,18,0,247
530110412062,97,245,199,111,71,24,5,10,293,221,228,14,0,12,13,159,11,0,63,40,56,74,117,55,62,0,76,0,340,227,70,102,13,688,10,12,29,0,0,0,0,13,0,28,109,114,5,13,0,53,0,31,9,61,50,97,45,57,32,24,12,17,67,0,47,0,83,148,26,24,38,0,71,16,12,87,55,200,21,76,43,36,60,11,30,38,14,39,62,358
530110412063,210,217,176,133,32,0,211,0,461,386,132,7,67,0,0,39,43,70,20,0,145,55,317,66,68,30,52,24,294,415,219,27,0,565,110,126,33,91,0,34,20,0,0,236,31,193,17,74,14,38,0,33,38,52,208,151,26,53,0,15,0,15,9,0,20,16,65,247,162,24,56,0,0,0,27,67,180,33,213,15,55,0,15,28,14,25,8,21,0,404
530110412071,99,95,0,47,55,0,0,55,26,29,186,0,0,40,0,0,0,55,0,23,28,70,33,0,0,21,26,21,131,8,136,0,0,241,0,0,0,0,0,55,0,0,0,0,72,0,0,0,0,2,21,41,0,0,0,27,30,6,0,0,0,69,42,23,0,0,91,59,0,29,0,0,32,56,24,0,0,27,8,19,0,0,0,52,30,19,0,19,8,81
530110412072,174,236,103,82,13,0,0,85,171,257,95,29,0,20,54,0,8,0,41,0,88,117,53,134,0,28,36,66,132,301,73,13,23,336,54,0,50,0,112,31,25,0,0,0,0,71,37,17,0,0,62,101,71,28,33,71,36,38,0,35,0,33,0,0,15,0,0,56,53,57,0,0,20,45,48,0,76,31,56,48,64,44,48,0,13,33,8,0,54,175
530110412081,133,279,64,0,44,0,0,22,27,289,182,0,17,0,0,0,17,14,0,11,129,58,34,76,0,123,41,17,140,206,96,44,17,509,0,0,0,11,0,0,0,0,0,0,0,52,0,0,0,0,0,81,0,0,0,70,20,6,132,50,19,18,70,37,0,22,42,33,0,55,0,0,0,91,40,33,0,0,52,18,77,19,74,163,18,73,35,20,19,71
530110412082,88,96,11,122,0,0,0,0,41,134,142,0,0,46,0,0,0,0,14,0,0,0,47,0,34,23,153,0,99,83,95,11,29,317,0,0,0,0,0,0,0,0,0,0,0,0,60,0,0,0,0,0,0,0,0,66,48,14,13,27,56,0,35,24,0,10,0,74,10,54,23,0,0,0,0,0,0,41,66,14,11,13,42,13,0,28,24,12,0,109
530110412083,188,137,122,0,0,0,0,0,164,148,135,0,0,21,0,0,0,0,0,0,29,126,54,100,17,100,0,0,258,121,68,0,0,102,151,0,0,62,83,34,15,0,0,31,0,0,21,0,0,0,0,28,50,82,0,21,22,15,0,40,0,66,16,0,0,17,0,48,0,0,0,0,0,0,0,0,46,49,23,70,33,0,47,14,51,0,0,0,16,91
530110412084,360,189,207,59,0,0,0,93,505,196,21,0,30,0,75,0,23,95,23,0,116,230,51,117,55,0,0,0,457,358,0,0,0,162,0,0,80,186,145,54,188,0,0,211,0,23,0,0,28,0,48,60,42,21,86,19,0,54,0,0,0,0,0,0,0,0,0,62,0,0,0,44,56,34,199,157,241,24,169,0,0,0,0,0,0,20,0,0,0,243
530110413091,71,310,138,42,9,0,0,0,71,269,230,36,0,7,19,0,15,0,8,13,10,39,36,73,94,168,52,4,97,235,159,56,19,567,3,0,0,0,0,0,0,0,0,0,45,0,47,25,0,16,19,103,10,21,25,52,31,46,34,91,40,101,55,31,21,17,0,56,12,0,0,0,0,0,52,40,13,52,27,101,40,24,196,22,25,57,47,21,33,84
530110413092,258,338,40,83,0,11,0,76,239,224,191,34,37,6,15,17,0,32,21,24,83,105,104,117,69,36,30,72,342,219,29,48,20,228,30,0,86,196,41,0,149,0,0,10,26,10,27,19,35,6,40,47,62,16,73,78,70,0,31,25,0,0,28,37,7,44,14,0,30,59,64,32,8,40,40,26,69,49,61,57,13,0,22,15,30,42,28,15,83,115
530110413093,77,269,152,88,30,30,0,16,293,171,166,11,0,9,10,0,45,10,31,0,8,49,104,195,103,52,19,0,129,390,67,60,0,473,16,45,68,20,16,0,8,0,0,37,67,10,14,0,43,0,0,178,86,56,10,100,56,0,17,29,17,29,51,8,8,12,15,112,8,56,0,14,0,14,72,40,74,37,66,75,0,3,35,29,33,73,17,15,6,249
530110413101,67,222,117,94,23,0,0,0,69,291,163,15,0,0,53,20,0,0,18,0,0,40,92,54,14,61,156,0,65,256,159,22,21,502,0,0,0,0,21,0,0,0,0,45,14,77,100,18,0,0,0,27,0,0,49,62,94,62,11,39,22,36,0,55,21,3,0,19,14,53,0,0,0,0,49,18,22,53,60,60,59,0,61,35,0,74,70,0,0,213
530110413102,478,172,12,27,0,0,0,0,105,36,548,68,19,31,37,22,0,0,12,86,29,64,194,66,36,12,13,133,508,48,0,0,0,177,100,0,19,118,25,70,180,0,0,0,12,0,0,0,0,0,0,0,74,38,0,23,0,0,0,0,0,11,0,0,126,101,75,0,0,0,0,0,0,0,0,55,11,0,0,0,0,0,14,9,8,0,46,221,198,36
530110413103,426,245,95,16,0,0,16,0,59,155,584,0,0,0,37,18,16,161,32,66,35,41,161,119,31,35,46,50,393,278,64,0,13,606,0,0,162,0,0,15,15,0,0,22,51,17,35,20,14,13,0,0,15,0,17,89,31,51,0,46,79,22,91,14,60,33,30,28,15,31,0,0,0,0,16,0,17,29,79,0,56,15,0,0,21,167,55,105,196,115
530110413104,28,271,106,9,0,15,0,0,83,160,186,0,0,0,0,0,0,0,0,36,0,79,54,18,99,16,127,0,89,117,157,66,0,429,0,0,0,0,0,0,0,0,0,39,32,0,0,0,0,0,0,21,32,22,27,0,0,54,20,79,0,16,104,34,20,0,0,8,19,0,13,0,0,0,20,31,75,0,21,0,96,37,16,15,14,91,21,0,14,61
530110413121,131,218,59,148,35,11,25,0,258,153,216,7,0,7,32,10,7,0,81,35,86,49,134,62,38,50,29,7,202,235,81,90,12,409,30,0,0,0,0,0,0,188,0,52,24,13,81,22,23,0,31,53,37,24,115,4,96,13,16,12,0,29,31,56,35,8,77,72,107,30,0,17,0,41,123,81,61,90,49,13,41,7,44,17,22,12,140,20,8,268
530110413122,151,118,58,42,4,0,0,15,148,158,52,43,15,0,18,24,16,0,63,9,22,4,58,79,0,22,0,61,132,137,0,22,21,0,0,48,0,42,37,22,151,73,0,5,0,24,0,0,0,49,0,32,24,0,0,41,0,80,0,0,29,0,10,0,0,0,0,56,17,0,0,0,44,26,54,27,17,138,0,70,54,27,0,0,9,0,49,0,0,76
530110413123,248,288,46,48,33,0,0,9,225,302,127,45,14,15,38,73,43,18,18,100,5,43,134,117,0,0,0,52,340,263,8,0,0,18,29,51,0,172,32,102,121,138,0,33,22,45,15,0,16,21,0,60,45,21,44,10,83,63,42,0,0,19,26,0,0,0,9,23,53,33,9,21,0,0,56,57,119,43,30,117,39,63,19,19,0,75,21,0,7,149
530110413124,37,91,69,135,44,15,24,33,215,134,33,5,0,7,0,34,8,0,10,51,33,55,137,10,32,27,6,0,56,238,62,23,36,231,15,0,0,0,0,0,0,169,0,50,87,70,40,0,0,0,67,159,122,32,14,55,17,29,0,15,0,5,6,0,0,0,79,64,50,0,0,0,25,68,30,103,17,29,39,25,59,0,0,4,25,10,0,0,0,220
530110413131,309,228,61,86,18,7,0,118,179,291,121,131,28,60,8,8,30,9,12,0,90,105,104,109,0,15,0,44,381,258,26,0,0,0,91,32,173,92,161,0,150,10,0,103,22,58,0,23,26,34,104,80,66,51,7,8,86,10,0,156,20,20,17,0,0,0,28,0,0,0,22,85,20,83,82,42,42,61,67,17,35,41,9,10,72,17,0,10,0,119
530110413132,130,144,98,88,0,0,20,9,177,238,56,0,11,15,72,11,19,6,15,0,33,61,87,88,53,9,0,85,89,210,61,35,0,207,122,47,31,41,9,0,8,0,15,29,22,70,0,30,0,0,10,1,210,29,38,16,53,16,27,19,9,38,52,7,0,0,79,78,56,26,0,0,12,18,21,97,8,64,84,37,62,0,55,22,8,0,1,0,0,181
530110413171,218,334,98,88,0,0,0,27,337,291,83,33,0,24,18,31,17,63,113,72,37,99,52,48,36,95,0,49,252,279,138,0,20,324,0,0,0,174,156,24,60,0,0,74,0,41,0,0,0,0,0,110,60,94,76,64,49,0,25,3,0,22,37,14,7,9,20,64,25,121,22,0,0,32,136,85,20,152,26,22,177,86,0,21,46,10,9,0,0,324
530110413172,38,65,125,14,13,0,0,0,61,135,59,38,0,13,0,0,0,0,10,0,10,69,32,21,11,28,23,13,79,87,19,57,0,232,0,23,0,0,0,0,0,0,0,43,0,0,0,0,0,0,0,51,33,0,25,34,15,0,0,11,0,21,24,20,14,0,35,0,41,14,0,0,0,31,93,41,0,0,25,55,24,26,0,10,33,10,14,0,0,89
530110413173,206,564,87,43,101,0,0,247,412,198,144,49,0,18,0,31,23,0,47,108,150,49,327,72,56,31,40,0,343,521,137,0,0,195,0,45,173,289,18,0,281,0,0,32,53,68,86,21,0,47,145,128,160,36,49,51,69,66,0,21,0,21,0,19,0,0,128,68,0,21,0,0,101,241,131,81,101,99,0,43,111,23,0,19,75,36,19,26,0,225
530110413174,191,371,89,67,30,22,0,58,332,225,155,47,0,26,43,27,15,0,0,12,67,67,301,84,18,31,32,64,405,242,48,0,11,143,192,0,12,210,15,11,176,11,0,100,11,37,11,0,17,0,35,64,96,62,169,33,0,0,11,14,0,11,0,7,11,21,37,13,37,179,11,20,17,55,116,39,47,97,97,0,74,14,10,5,11,0,23,19,94,274
530110413191,130,395,73,58,165,0,50,87,156,391,237,0,0,0,0,0,20,0,23,70,104,179,181,92,33,107,62,0,218,350,214,70,19,658,0,0,0,47,0,103,43,20,0,138,106,221,28,11,105,0,101,83,117,25,4,26,48,62,42,28,0,68,82,45,15,16,37,130,83,125,93,11,0,110,18,77,57,0,66,102,67,24,0,11,29,71,14,17,0,295
530110413192,196,418,94,138,90,15,14,0,272,379,314,39,10,0,20,47,28,18,19,0,26,66,208,142,45,122,175,29,301,356,139,104,36,758,66,123,18,0,0,0,0,0,0,142,82,135,16,20,0,0,25,61,47,51,138,34,67,158,67,0,11,58,33,53,129,0,74,45,106,19,0,0,0,0,143,29,29,96,104,98,153,29,36,18,25,75,51,115,35,261
530110413193,49,240,65,116,31,0,0,0,91,298,112,0,0,0,0,0,0,0,0,31,44,29,141,78,61,83,34,12,31,327,99,26,6,470,0,0,0,0,0,0,0,31,0,0,20,81,0,0,38,0,25,42,7,20,56,64,81,145,35,18,55,0,14,0,13,0,19,16,88,36,34,0,16,15,12,15,59,12,129,26,113,0,28,61,25,16,0,0,0,157
530110413201,173,277,111,0,77,0,0,60,233,164,181,0,60,0,11,0,11,0,19,41,16,179,64,44,0,121,72,0,161,151,248,42,36,533,0,15,34,56,0,0,0,0,0,45,31,67,0,0,0,0,0,0,170,36,39,74,0,30,59,19,99,0,36,0,19,1,68,44,17,47,0,68,0,155,60,114,53,86,13,40,40,45,23,53,3,111,11,1,1,144
530110413202,20,109,117,45,0,35,87,0,62,290,61,5,0,0,0,16,0,0,0,16,0,0,146,10,16,98,106,0,16,122,164,17,94,413,0,0,0,0,0,0,0,0,0,25,13,0,0,29,0,0,0,21,0,157,28,78,104,4,59,97,63,0,0,13,14,0,11,92,0,52,0,0,0,0,0,19,51,57,8,43,25,26,0,0,43,84,25,0,0,145
530110413203,109,108,47,12,0,0,0,0,142,43,91,0,0,0,0,0,18,53,26,0,0,25,56,69,0,11,18,0,96,180,0,0,0,198,57,0,21,0,0,0,0,0,0,18,72,0,18,0,0,0,0,35,50,48,34,42,0,0,0,0,0,31,101,0,0,0,0,16,16,0,0,0,0,0,53,47,0,87,34,0,0,21,31,0,0,0,0,0,0,50
530110413204,184,140,26,301,18,102,0,32,298,359,82,14,22,0,0,12,40,53,89,0,80,132,92,28,167,10,32,66,313,275,89,28,0,345,101,0,9,116,78,0,113,9,0,53,113,292,48,48,0,28,15,21,38,48,124,13,49,102,10,0,0,7,0,13,19,6,106,11,0,45,53,51,0,11,31,48,58,112,49,68,40,0,32,9,0,19,0,13,0,427
530110413205,65,130,0,91,0,0,109,0,255,116,24,69,0,0,23,21,16,24,0,0,162,24,23,0,0,33,0,47,138,77,109,24,0,47,55,52,127,21,69,0,24,0,0,29,131,81,0,0,64,0,0,0,140,0,0,0,45,0,0,0,0,0,0,0,0,0,93,65,40,0,65,0,0,0,67,0,38,66,14,12,10,0,15,0,15,0,0,0,0,222
530110413211,75,353,51,218,43,40,0,55,275,230,220,32,0,0,12,59,46,6,25,24,89,29,167,53,44,117,77,14,138,371,127,105,25,549,20,5,21,0,0,0,0,185,0,30,37,59,104,22,0,0,62,22,76,153,35,8,114,95,43,24,48,37,16,18,29,11,33,116,21,51,0,0,25,83,61,166,7,73,86,37,56,8,50,26,39,49,19,16,0,298
530110413212,33,113,0,102,0,0,0,0,76,124,48,0,0,0,0,0,0,5,0,0,21,0,49,47,28,23,75,0,44,118,48,17,21,248,0,0,0,0,0,0,0,0,0,0,58,0,0,0,11,20,15,26,12,9,29,32,53,41,17,12,0,12,0,0,16,0,13,0,11,0,50,0,21,13,16,12,12,38,59,30,24,7,0,0,9,24,1,16,5,48
530110413221,350,412,104,125,14,13,48,74,372,278,342,64,5,41,0,63,0,37,54,26,137,168,194,141,68,68,0,165,240,460,73,119,9,489,48,57,69,113,24,25,241,0,0,107,95,128,16,53,0,0,98,103,40,68,75,95,62,24,26,65,96,27,3,24,18,77,52,62,53,46,29,111,25,57,84,26,62,171,57,46,22,5,74,0,7,109,41,15,85,303
530110413222,163,148,25,17,25,0,0,36,62,217,63,27,88,18,4,8,42,0,7,25,8,84,42,18,0,7,0,35,182,136,25,0,0,79,54,0,17,135,49,8,36,0,0,0,12,29,0,13,0,0,24,41,12,43,7,33,9,54,54,12,23,12,0,0,0,0,0,28,26,0,20,0,16,10,41,18,12,0,0,88,40,21,23,0,0,7,20,5,11,59
530110413223,244,177,84,120,6,0,16,5,262,221,159,15,34,26,7,6,23,32,0,38,134,83,144,21,35,28,21,38,255,236,98,20,0,230,5,18,84,33,200,0,49,28,0,105,89,12,36,0,0,0,17,21,71,73,83,77,28,14,20,13,0,0,31,12,2,2,40,135,43,0,0,0,0,6,79,102,62,42,94,54,21,34,0,0,35,100,33,2,16,204
530110413231,181,297,130,43,78,0,0,118,227,271,113,137,81,26,37,0,30,0,35,35,105,72,25,0,97,25,24,0,299,325,58,23,24,275,171,85,37,18,27,105,11,0,0,154,10,64,0,0,21,0,45,205,178,17,3,43,65,73,44,64,29,0,16,0,21,0,0,71,28,0,0,0,60,62,0,49,79,3,41,113,75,21,17,53,0,55,14,22,0,212
530110413232,26,175,30,44,0,32,0,0,69,105,133,13,0,0,5,0,0,0,0,0,0,13,55,137,0,0,84,0,0,151,52,104,0,290,17,0,0,0,0,0,0,0,0,17,30,30,0,0,0,26,0,108,0,0,30,15,0,54,0,0,18,84,12,6,0,0,0,15,29,0,23,0,0,0,39,31,45,0,0,76,0,22,0,0,78,4,12,0,0,69
530110413233,108,66,56,40,0,0,19,0,58,56,175,9,0,0,0,0,0,32,25,0,36,0,81,81,0,25,0,0,114,156,19,0,0,289,0,0,0,0,0,0,0,0,0,0,48,0,0,0,0,0,25,0,27,101,0,62,0,0,0,36,25,0,5,20,0,0,23,39,0,0,0,0,0,0,57,0,40,19,0,0,35,20,27,52,5,94,0,25,36,58
530110413234,130,245,77,0,46,12,0,22,174,201,113,70,22,0,0,0,20,0,22,0,161,44,59,0,112,0,0,0,216,217,65,0,12,244,0,9,59,178,0,0,20,0,0,0,0,0,108,0,18,48,23,0,58,0,22,0,128,58,0,0,0,18,39,0,0,27,10,5,6,62,41,64,24,0,87,0,0,103,108,21,18,0,0,37,0,41,48,0,0,105
530110413235,197,78,12,18,83,17,0,0,117,232,56,56,17,13,10,0,0,26,7,0,46,82,106,12,0,30,0,10,270,125,0,0,0,13,25,0,156,91,0,0,12,108,0,10,94,54,28,0,0,24,0,41,45,9,42,6,64,9,23,23,0,6,18,11,0,0,70,35,30,0,0,0,0,0,14,66,11,0,45,5,6,11,54,6,11,39,0,19,4,142
530110413251,152,465,217,62,17,21,21,0,185,340,430,18,22,10,6,9,5,42,8,20,79,116,85,67,220,96,152,10,246,423,240,36,0,740,52,0,0,9,0,0,0,154,0,59,12,62,37,0,26,0,18,67,75,0,104,18,67,47,115,81,68,64,50,135,16,26,38,81,98,32,66,0,47,23,42,0,55,66,36,115,127,36,82,33,66,106,78,13,35,186
530110413252,141,165,118,61,10,0,0,0,177,162,156,51,20,0,25,0,8,0,0,11,26,52,49,64,53,77,59,0,171,274,50,0,0,451,44,0,0,0,0,0,0,0,0,48,50,26,0,0,0,0,0,0,66,26,60,24,85,40,28,18,7,0,51,0,11,0,45,192,0,15,0,11,0,0,17,75,48,100,22,54,20,37,8,26,54,37,21,7,16,168
530110413253,63,218,112,103,52,0,25,0,122,369,82,0,0,13,0,10,8,0,0,0,0,56,56,138,27,102,163,0,97,256,172,36,12,451,122,0,0,0,0,0,0,0,0,14,71,80,23,23,0,19,38,30,0,30,53,158,40,68,91,0,29,0,18,19,0,0,25,61,125,78,13,25,0,18,11,0,30,109,132,33,194,0,14,84,0,6,50,0,0,208
530110413261,194,150,191,155,88,35,13,22,329,328,147,28,0,9,37,23,19,39,45,2,109,92,167,91,63,69,33,16,168,437,117,59,29,768,45,0,0,0,0,0,0,13,0,28,167,61,79,47,22,8,67,78,62,86,95,127,88,41,25,26,36,30,32,4,10,4,81,75,163,92,81,19,24,5,85,81,117,96,78,99,52,40,39,20,7,55,9,19,0,356
530110413281,328,266,143,143,0,21,0,42,448,263,148,36,15,0,0,30,15,36,0,43,134,138,85,82,109,134,44,55,486,239,121,0,0,292,111,14,49,259,52,15,109,0,0,64,143,41,0,24,0,0,125,87,90,33,154,24,71,66,0,55,16,29,14,0,9,0,68,11,45,81,29,0,0,0,220,28,55,125,52,0,80,16,58,28,15,58,14,12,32,295
530110413282,82,277,47,37,74,0,0,0,316,134,67,0,0,0,0,0,0,0,30,0,24,73,154,60,92,53,31,129,93,282,13,0,0,122,26,0,103,148,31,0,87,0,0,10,80,78,0,0,0,0,20,258,75,59,61,0,0,26,32,35,0,34,0,14,0,0,51,41,0,0,16,0,0,0,0,65,49,49,12,10,45,0,13,0,0,11,13,0,0,139
530110413283,133,182,112,83,8,0,0,18,147,197,156,14,20,0,15,0,10,11,9,15,14,39,88,79,45,31,128,50,214,187,67,0,0,233,109,13,13,69,9,54,18,0,0,40,75,69,8,18,0,0,16,88,21,16,42,64,14,39,10,0,47,10,10,8,0,0,25,61,26,0,39,0,0,0,122,30,25,41,30,21,33,18,37,8,19,36,9,14,10,148
530110413284,121,123,243,71,11,0,0,0,92,388,89,39,0,0,0,14,0,0,15,26,25,25,69,100,92,119,45,21,71,277,200,0,0,527,0,0,0,0,0,0,0,42,0,15,79,46,50,24,0,0,0,32,0,10,45,119,64,146,24,60,26,15,0,0,15,0,0,104,0,0,0,0,0,101,108,40,0,99,60,123,76,18,65,28,0,23,0,15,0,163
530110413291,467,246,52,83,0,0,0,30,392,128,298,45,0,13,0,76,0,0,17,20,114,117,146,107,0,55,138,213,384,251,0,0,0,0,16,0,17,170,261,67,317,0,0,85,38,23,0,0,19,0,23,69,177,24,68,20,20,0,0,0,23,0,14,11,82,29,66,56,19,0,0,0,17,14,167,97,15,44,25,17,16,37,18,0,0,0,42,41,57,141
530110413292,84,417,161,37,102,92,0,16,332,422,123,9,17,0,0,9,73,23,0,20,69,43,103,150,78,131,168,20,182,440,167,44,40,834,59,0,0,0,0,0,0,0,0,43,73,122,118,0,19,0,39,32,61,27,234,72,139,21,39,26,13,27,65,0,0,0,90,57,81,50,32,0,17,87,38,55,98,181,118,120,124,52,62,22,0,60,19,0,0,413
530110413293,158,276,61,52,47,52,12,74,203,193,188,20,0,0,0,0,0,50,26,85,111,77,70,48,67,61,43,0,318,251,77,0,12,451,0,0,0,0,0,0,207,0,0,20,88,51,11,0,0,0,18,107,0,21,52,80,25,0,20,67,0,20,0,37,47,9,0,69,76,0,25,0,0,40,80,20,48,33,22,16,49,0,47,21,19,84,20,38,11,206
530110413301,125,64,56,202,20,0,0,7,290,86,84,10,18,0,0,0,10,19,0,23,0,16,183,26,32,101,29,9,117,169,113,35,24,467,0,0,0,0,0,0,0,0,0,85,0,29,27,11,0,6,14,43,109,119,0,40,37,17,9,9,10,17,0,0,0,10,20,131,109,22,0,0,0,7,99,62,90,104,22,31,19,0,10,36,10,7,0,9,9,215
530110413302,80,147,192,40,17,35,0,0,186,237,88,18,0,0,0,23,0,18,0,8,0,116,99,84,40,90,15,7,97,200,130,53,24,457,0,0,19,0,0,0,0,35,0,7,86,40,6,24,0,0,12,114,72,48,37,28,33,48,16,26,43,0,27,15,11,0,48,43,11,16,0,0,0,48,82,26,45,72,85,55,61,57,79,0,0,9,11,28,11,138
530110413303,99,272,82,163,45,0,22,32,280,258,113,64,0,0,23,80,27,0,63,25,8,70,83,100,67,40,33,0,140,254,148,111,30,599,49,13,5,0,0,0,0,17,0,53,93,168,37,58,10,15,109,84,47,104,73,108,61,58,0,13,41,20,15,0,30,0,52,0,36,5,31,0,0,48,76,36,81,68,112,74,70,14,10,23,15,25,25,0,0,258
530110413311,222,214,137,63,98,13,19,136,313,121,196,8,67,13,13,60,76,33,10,36,70,117,130,62,27,44,0,32,293,266,122,48,5,234,102,4,86,192,46,12,73,17,0,96,30,69,32,34,38,31,73,54,135,42,39,32,10,39,0,54,32,7,35,12,5,14,67,62,56,48,89,18,0,136,117,72,59,75,26,2,27,5,16,49,13,64,27,0,36,240
530110413312,53,86,37,82,3,2,29,0,115,117,60,4,4,0,0,0,0,0,0,0,37,41,54,82,17,51,2,0,49,129,89,11,14,131,133,20,8,0,0,0,0,0,0,16,28,28,26,34,0,0,36,24,49,61,12,12,61,11,20,0,16,22,7,25,0,0,0,39,33,7,8,5,0,26,86,43,31,21,44,31,4,0,18,11,14,26,7,0,3,88
530110413321,152,230,161,102,31,72,0,10,279,257,202,23,8,17,0,6,0,18,16,43,23,62,89,186,109,131,17,10,191,158,128,152,109,739,0,0,0,0,0,0,9,0,0,34,106,71,94,47,39,10,46,86,134,78,84,66,32,29,25,17,8,29,12,6,12,0,17,27,49,53,38,49,2,45,33,95,180,34,44,31,100,51,20,40,51,39,50,8,23,250
530110413322,126,162,104,63,34,7,0,0,130,158,208,0,0,20,32,12,0,11,86,8,29,41,45,151,20,30,11,6,20,252,118,89,11,469,16,0,0,0,0,0,0,11,0,27,39,85,18,0,0,0,16,24,43,74,31,94,16,55,0,24,0,21,153,8,9,13,33,94,26,10,0,0,0,55,15,88,34,58,33,42,99,0,0,5,37,42,17,13,0,160
530110413331,146,227,55,115,38,0,8,0,224,226,139,0,0,0,0,8,0,0,62,44,43,100,101,85,9,101,36,0,141,223,156,42,27,580,9,0,0,0,0,0,0,0,0,48,125,27,52,8,4,0,34,84,82,100,18,44,42,119,28,51,15,8,15,0,10,7,0,27,42,96,20,0,0,0,61,65,7,80,19,35,99,28,35,58,11,76,0,0,4,198
530110413332,129,186,47,69,46,32,0,32,161,256,60,14,0,8,87,11,61,0,22,25,57,8,56,36,32,21,71,7,159,179,91,58,15,502,0,0,0,0,0,0,0,7,0,87,19,24,53,22,0,36,35,24,7,74,121,23,4,42,23,76,15,10,27,0,0,0,55,61,68,0,19,18,29,43,31,35,77,111,18,76,36,31,104,9,34,15,18,0,11,149
530110413341,0,76,128,115,86,0,17,0,130,229,63,0,0,0,0,16,0,16,14,0,15,15,37,31,126,41,111,0,30,158,161,73,0,422,0,0,0,0,0,0,0,0,0,74,41,0,55,8,0,43,12,60,0,39,37,76,129,47,0,13,0,0,10,30,7,0,16,12,131,14,64,42,0,72,0,5,5,119,66,96,25,0,12,31,0,24,9,7,0,215
530110413342,10,143,50,62,159,32,0,0,171,247,38,0,0,0,14,0,0,0,0,14,0,44,27,43,14,81,219,29,48,105,99,69,106,456,0,0,0,0,0,0,0,0,0,18,27,45,108,0,17,93,35,10,28,0,31,52,80,43,25,14,0,7,14,14,9,3,0,34,60,50,0,0,5,0,15,48,177,23,13,80,75,0,29,26,13,180,0,10,1,224
530110413351,185,258,112,112,33,0,13,39,172,318,184,24,0,20,0,24,0,28,0,39,33,104,68,149,16,117,91,0,204,238,215,45,11,682,20,0,11,0,0,0,0,0,0,151,69,98,11,37,0,0,52,16,140,78,71,73,44,0,34,148,27,0,91,60,0,0,85,71,84,60,25,0,0,82,0,110,76,92,57,187,27,0,39,50,82,34,46,32,0,237
530110413352,52,124,73,16,65,0,0,0,121,152,57,0,0,0,0,17,0,0,0,0,31,25,58,38,65,27,69,0,58,174,90,8,0,247,38,0,0,0,0,0,45,0,0,15,67,43,17,34,0,0,0,0,65,29,32,13,55,86,0,0,0,12,33,0,4,0,53,12,0,0,0,0,0,11,42,43,28,29,42,56,42,12,59,0,0,20,25,0,12,94
530110413353,176,141,180,222,69,0,80,0,241,322,305,0,0,36,7,0,17,0,0,48,7,150,118,74,112,104,195,0,143,311,295,38,81,853,0,0,0,0,0,0,0,15,0,93,108,233,108,64,10,0,9,75,100,10,155,153,64,58,27,42,9,15,89,29,14,8,80,50,161,62,58,47,27,0,94,47,44,123,124,104,49,14,9,86,34,80,52,0,0,427
530110413361,381,207,182,153,43,57,0,87,417,343,176,0,0,15,46,125,71,51,12,80,96,159,120,119,49,59,21,0,556,299,153,0,15,306,244,0,69,175,76,14,24,115,0,121,119,123,0,60,21,18,128,92,102,114,36,26,79,0,66,47,0,0,25,12,0,0,92,256,60,40,81,0,16,48,104,169,77,101,93,42,96,12,17,22,22,40,97,0,0,324
530110413362,136,93,25,0,0,0,0,0,92,87,75,0,0,7,7,0,66,0,0,0,7,13,48,13,60,13,20,7,120,45,82,0,0,241,0,0,0,13,0,0,0,0,0,11,0,0,0,0,0,0,0,55,11,0,0,106,29,0,29,0,0,75,46,10,0,0,0,0,0,0,0,33,0,0,28,10,0,138,47,24,52,0,0,0,11,57,0,0,15,5
530110413371,207,242,155,124,16,79,0,25,286,346,166,25,8,7,16,0,10,41,47,21,26,166,115,119,82,75,65,8,308,304,183,20,0,526,0,8,9,93,94,10,83,0,0,30,47,104,22,65,9,27,28,55,70,21,123,69,70,22,32,20,28,14,35,14,22,0,8,30,172,14,124,0,0,29,59,50,34,78,183,36,20,32,13,24,11,80,0,0,14,278
530110413372,205,150,86,94,38,28,0,0,278,122,201,30,0,19,0,18,34,37,0,0,44,60,87,95,0,123,54,67,229,158,12,98,37,285,11,12,18,65,38,42,113,17,0,56,29,40,0,40,0,0,18,157,10,27,23,22,30,33,11,0,0,41,29,11,0,30,21,20,0,0,15,0,0,0,157,69,47,32,52,44,0,21,29,2,0,38,0,15,48,191
530110414001,113,41,43,40,16,0,6,0,73,136,50,87,0,0,0,11,28,0,0,0,0,38,12,0,17,34,32,46,82,75,31,19,6,200,30,29,0,0,0,0,0,0,0,64,24,12,37,10,0,0,0,0,0,31,30,15,0,49,0,45,0,26,45,0,14,0,13,45,38,0,0,0,5,0,0,50,12,53,0,12,56,0,0,11,0,0,0,10,34,106
530110414002,287,322,127,168,41,14,4,73,197,331,362,73,0,0,50,99,26,27,0,20,39,114,62,146,117,67,123,50,257,416,161,40,39,670,110,0,25,107,0,25,26,0,0,0,0,134,82,33,13,0,41,66,15,77,26,89,117,120,22,96,47,88,73,32,0,0,178,64,40,41,65,13,79,0,52,82,83,82,60,75,136,48,18,80,91,71,0,0,107,281
530110414003,100,467,82,311,22,0,31,0,301,435,277,0,0,0,0,49,0,0,22,45,0,117,208,90,132,107,243,0,101,480,339,27,66,760,156,97,0,0,0,0,0,0,0,70,112,85,19,23,21,0,20,234,105,49,88,55,192,100,22,120,58,58,12,74,32,0,98,15,10,11,0,0,65,141,39,96,78,75,75,100,113,143,10,35,16,40,90,0,0,213
530110415001,25,215,61,85,23,9,0,14,232,104,68,0,0,0,8,25,0,16,24,14,33,51,50,54,63,22,58,14,109,192,55,7,41,281,14,27,30,28,11,27,0,0,0,49,15,11,56,12,23,11,0,97,38,23,0,24,80,20,0,26,14,9,18,0,0,0,44,7,0,64,12,12,0,49,81,31,29,50,20,29,29,0,13,18,21,7,0,0,0,172
530110415002,50,93,100,54,42,0,20,0,202,93,64,9,14,0,8,32,35,0,10,20,0,35,110,20,40,0,26,0,118,125,75,41,0,288,39,11,8,8,5,0,0,0,0,25,37,27,21,34,0,0,0,53,52,39,28,29,21,6,0,0,19,0,13,0,11,0,21,57,66,36,0,0,18,0,87,56,11,35,13,7,27,0,0,30,0,26,11,0,0,179
530110415003,79,182,41,9,19,1,0,0,36,137,158,0,8,15,10,0,0,10,0,0,54,55,35,10,4,89,41,0,135,144,31,10,11,240,19,0,0,43,19,0,0,10,0,10,0,10,2,0,0,0,0,0,47,0,23,10,100,33,19,0,7,10,34,67,9,0,10,11,28,6,10,23,0,0,0,11,8,1,10,30,35,0,53,27,51,29,26,15,0,38
530110416001,228,177,108,261,20,23,15,63,424,230,115,37,68,136,38,21,32,141,44,16,119,47,34,65,5,9,20,170,447,147,63,5,0,69,116,87,137,51,176,61,125,0,10,146,276,93,87,30,0,7,59,100,22,37,93,11,142,102,5,11,16,3,5,0,10,0,120,83,92,38,0,0,0,59,81,89,221,34,4,28,49,4,18,12,0,25,24,0,32,460
530110416002,222,173,54,148,0,4,0,45,178,231,147,46,16,5,21,11,33,67,0,20,20,66,52,98,119,6,21,80,181,222,78,36,4,246,33,71,29,0,0,50,35,127,10,30,16,16,0,54,88,0,70,86,2,16,26,157,7,56,0,10,0,38,62,25,0,0,0,23,68,34,11,0,0,46,38,45,56,73,54,68,56,9,10,0,12,23,0,0,40,118
530110417001,245,324,29,194,28,7,0,24,582,98,123,147,14,0,5,9,31,6,46,0,89,31,173,54,153,40,29,17,246,525,31,8,0,328,24,238,134,99,0,0,4,0,0,0,72,0,0,0,0,0,167,267,75,104,142,58,79,11,18,0,0,41,0,0,0,14,59,102,147,8,0,28,0,52,196,139,78,180,0,21,11,30,0,0,53,36,19,8,15,203
530110417002,342,260,129,26,45,31,0,168,304,285,76,78,48,34,51,25,59,28,6,16,166,79,112,100,31,0,0,88,403,196,134,0,12,240,26,55,72,147,135,122,36,0,0,99,63,4,18,26,31,13,135,59,159,98,85,38,95,76,19,44,0,11,6,0,14,0,86,93,19,42,0,0,7,81,90,105,38,14,41,47,49,11,9,6,25,0,26,0,0,180
530110418001,271,213,138,47,0,0,0,27,217,253,172,53,55,89,0,17,11,41,47,71,54,85,46,49,16,0,35,49,279,222,92,18,9,394,9,125,35,16,0,10,0,73,7,113,35,96,26,0,0,33,24,68,58,38,24,49,117,110,0,64,67,14,92,0,15,0,0,22,31,0,0,0,0,22,121,37,112,50,13,58,29,23,8,0,0,51,14,0,0,169
530110418002,102,104,26,83,108,32,36,7,238,162,84,0,8,7,0,18,26,18,50,46,59,103,54,31,7,58,6,42,80,255,78,16,20,326,36,113,16,0,0,0,0,0,0,119,123,38,26,11,28,15,35,80,32,48,96,16,31,50,1,0,0,11,0,7,0,13,40,42,17,0,13,0,0,19,32,111,36,0,28,38,12,0,24,0,6,23,7,0,13,231
530110418003,114,265,80,61,0,0,0,17,159,233,111,25,0,18,0,0,36,48,32,30,8,31,47,147,57,28,13,17,108,215,108,59,13,348,65,68,7,8,7,17,0,0,0,0,0,0,27,0,0,9,20,22,136,77,0,0,108,90,16,61,24,34,13,13,11,17,0,0,120,87,0,0,11,19,61,25,76,10,18,9,60,0,42,13,10,34,14,13,42,103
530110419001,243,226,61,24,2,2,0,0,205,182,171,11,47,54,42,29,15,0,32,7,77,18,56,32,56,50,32,105,173,206,29,29,16,309,10,23,67,0,4,0,145,0,0,18,3,41,10,0,0,0,8,80,99,17,34,8,80,53,7,13,3,14,39,13,30,18,9,9,9,2,14,0,0,11,40,53,45,23,30,54,28,4,28,10,13,39,29,30,20,93
530110419002,119,212,42,20,17,0,13,8,171,174,70,10,0,8,0,14,10,6,7,4,22,33,46,63,31,83,86,39,126,121,92,27,18,312,6,47,7,33,0,6,12,0,0,4,9,34,4,0,0,7,8,25,78,48,39,31,49,20,7,28,21,11,20,0,3,0,38,22,33,9,0,0,0,34,75,53,25,22,27,15,51,9,16,0,26,4,10,5,0,62
530110420001,115,78,67,33,10,9,0,9,133,78,92,18,13,7,0,10,24,4,9,4,19,21,16,76,24,47,20,25,110,121,34,6,16,240,0,0,8,16,18,0,26,4,0,37,17,14,0,0,0,15,33,47,49,23,38,16,25,17,5,10,0,27,6,6,0,4,8,15,24,6,0,9,0,22,17,28,15,17,13,17,12,13,9,15,39,0,18,6,10,81
530110420002,66,110,110,74,23,0,0,7,186,130,60,11,36,3,8,21,0,13,8,6,5,23,51,67,41,38,52,8,86,200,75,14,0,372,0,4,0,0,7,0,0,0,0,57,67,20,7,0,4,0,13,0,48,17,49,48,0,25,11,16,16,4,14,10,0,5,15,28,48,16,7,4,0,6,54,49,31,54,31,5,49,3,37,5,14,5,6,0,12,179
530110421001,115,187,60,36,25,0,0,39,100,188,96,27,15,5,0,7,0,4,20,0,35,9,95,7,41,77,81,20,110,156,96,12,29,388,0,28,0,0,7,0,0,0,0,0,10,26,0,0,0,0,46,35,29,33,33,57,27,37,12,20,35,0,30,0,9,32,0,0,31,0,9,7,0,22,97,69,34,0,78,24,10,19,26,27,4,7,0,5,29,67
530110421002,236,308,200,71,22,0,59,48,424,300,124,0,65,24,82,21,26,15,25,0,109,23,115,140,16,104,131,102,309,304,131,50,0,457,36,300,52,8,43,0,0,0,0,47,24,75,58,8,0,0,57,72,157,66,102,70,86,33,15,41,44,0,57,0,0,0,67,135,104,57,6,0,33,62,49,70,127,114,37,124,33,15,43,14,61,27,14,14,0,230
530110423001,249,137,91,28,13,0,0,13,237,134,134,12,38,54,15,7,4,56,38,16,79,21,55,19,11,38,55,97,159,176,17,13,56,272,10,39,36,22,9,36,38,0,56,84,12,33,0,0,0,0,25,96,87,12,32,10,23,18,6,0,0,44,9,5,0,0,42,0,19,66,19,0,10,28,50,30,0,101,73,25,12,19,25,35,28,34,28,0,25,131
530110423002,349,117,38,0,0,0,0,60,188,64,192,46,19,124,60,0,49,19,13,0,13,46,22,0,13,37,43,190,240,74,0,0,0,16,0,0,0,56,0,47,385,0,0,22,0,0,0,0,0,12,0,91,12,61,9,0,6,17,0,23,0,18,33,12,0,0,0,0,0,0,0,24,0,43,37,71,0,0,0,0,0,0,34,6,8,83,16,32,8,27
530110423003,294,208,191,8,0,44,0,0,243,185,317,63,72,28,56,33,0,12,17,10,6,9,59,80,21,84,195,162,262,262,44,15,0,328,89,26,0,0,0,42,260,0,0,8,38,37,0,11,0,0,0,18,72,74,59,15,84,20,13,16,0,41,9,49,14,0,51,81,0,76,0,0,45,0,12,141,70,7,89,18,39,6,9,11,51,35,71,46,0,214
530110424001,137,79,10,1,0,0,0,7,57,85,78,3,25,4,24,16,0,10,24,17,4,18,17,8,12,21,24,58,114,54,0,1,0,1,3,0,4,41,10,45,123,0,0,2,0,0,0,3,0,3,19,24,67,55,26,23,42,18,4,15,14,4,17,4,0,0,0,0,0,0,0,0,0,7,10,11,7,2,1,4,1,6,13,4,1,2,6,9,8,5
530110424002,646,93,7,0,0,0,0,19,270,195,262,57,81,53,58,12,11,143,12,5,34,55,22,7,74,78,44,226,470,50,0,0,0,0,0,0,0,2,13,43,688,0,0,0,0,3,4,0,0,0,15,63,36,30,75,35,20,21,7,31,6,44,45,28,6,26,0,0,0,0,0,0,0,14,38,38,18,9,15,25,56,38,11,10,23,56,51,9,33,3
530110425001,115,145,53,46,4,0,0,25,163,104,71,34,25,0,0,6,0,0,16,5,8,35,68,66,29,11,60,36,106,162,52,7,0,208,7,68,18,44,0,18,0,0,0,22,6,8,7,19,0,0,4,24,34,58,7,21,42,8,0,14,31,17,2,0,4,0,26,5,33,22,17,4,0,5,57,19,32,17,25,20,0,23,13,7,11,5,0,0,0,92
530110425002,264,205,47,24,0,0,0,39,301,138,62,6,23,55,10,18,30,19,44,11,28,114,45,34,32,26,45,66,312,138,24,0,0,117,11,31,31,29,13,234,74,0,0,12,32,4,12,0,0,17,34,101,70,33,56,21,31,27,9,6,0,9,5,11,4,0,6,4,14,16,0,0,0,28,61,37,4,47,18,46,4,8,26,4,10,18,8,13,0,82
530110426011,434,675,63,6,0,0,0,66,176,501,435,62,0,10,74,42,26,33,0,34,103,193,69,119,71,159,183,106,506,389,98,79,0,126,80,0,0,93,228,254,313,43,41,0,0,0,0,42,0,23,30,24,57,18,19,6,69,114,44,27,38,129,100,16,50,12,0,21,0,42,21,7,31,33,28,5,33,57,50,63,210,22,104,216,13,66,94,21,0,63
530110426021,338,294,40,82,0,0,0,69,247,252,186,13,31,16,17,12,12,16,76,0,103,200,93,44,33,25,63,45,403,205,56,45,0,247,74,22,138,81,88,104,0,0,0,83,0,17,0,17,0,0,92,118,57,103,20,107,51,59,67,21,0,15,13,0,0,0,0,0,154,0,0,0,0,80,59,15,115,0,18,0,9,0,51,16,0,82,41,15,0,166
530110426022,485,269,136,82,13,41,29,117,348,391,199,26,148,18,23,43,100,41,0,0,176,102,85,159,75,29,30,80,564,283,115,0,13,280,127,336,28,106,26,41,111,0,0,118,30,44,11,0,0,0,53,203,109,5,82,52,27,59,39,36,0,68,23,22,0,11,84,50,43,62,4,0,0,172,185,113,23,11,10,80,85,27,19,0,12,0,38,14,24,249
530110427001,486,351,90,15,14,19,0,34,372,392,177,116,180,62,28,29,9,39,6,35,77,87,202,39,29,25,12,133,487,214,112,0,29,181,51,251,172,73,75,66,106,0,0,27,16,60,0,14,0,0,12,63,100,211,12,32,68,23,107,38,25,9,32,0,19,0,112,54,27,0,13,13,0,26,148,126,99,12,74,36,96,52,113,0,48,0,52,16,0,145
530110427002,263,169,80,54,90,0,9,77,209,233,146,0,30,65,81,30,32,29,12,48,94,49,77,13,64,18,23,56,367,133,36,64,9,94,0,93,37,124,107,37,91,82,0,12,60,15,65,123,0,0,10,54,27,155,9,82,24,29,0,0,19,39,12,30,0,22,58,0,12,54,0,0,133,146,7,85,12,34,101,47,33,9,23,13,11,11,0,0,16,168
530110427003,211,200,39,39,21,0,0,26,171,206,107,32,23,41,12,0,0,9,37,67,69,94,73,27,0,15,11,13,200,176,101,20,0,180,53,96,26,34,26,11,84,0,0,62,33,20,0,0,30,0,28,154,40,60,19,58,50,28,9,0,85,0,0,0,0,0,35,27,0,0,47,33,0,32,112,69,8,27,73,27,24,54,8,11,1,47,0,20,2,53
530110428001,193,276,67,90,13,0,24,0,135,218,310,19,7,0,27,30,25,0,21,10,78,34,25,52,69,53,213,21,139,307,109,31,56,604,3,26,19,0,11,0,0,0,0,56,19,15,43,25,0,8,0,36,14,46,45,27,57,49,8,44,42,31,68,32,12,23,34,73,38,45,48,27,0,47,26,42,19,52,26,63,36,11,15,63,56,49,27,43,24,156
530110428002,192,371,47,3,3,0,0,24,152,269,171,18,24,0,0,8,0,24,14,62,97,55,109,10,52,58,85,44,200,299,73,0,0,464,17,80,3,35,8,9,0,0,0,28,6,15,0,2,0,23,8,59,20,53,64,43,64,100,7,28,27,73,35,31,10,0,17,0,26,0,0,0,0,6,16,50,60,25,23,184,92,21,18,20,0,95,0,0,8,65
530110429001,73,302,63,103,70,13,8,47,140,224,221,26,30,20,5,16,23,5,17,18,38,87,63,42,49,67,126,5,138,326,92,41,30,500,48,36,5,0,14,29,0,0,0,85,42,52,53,10,18,0,17,31,46,52,23,31,59,49,6,61,6,30,59,43,21,20,39,36,45,18,25,50,10,45,39,28,37,46,32,58,50,24,47,4,36,52,27,34,31,247
530110430001,56,148,27,19,13,37,5,0,83,80,142,0,0,16,0,0,6,9,0,12,32,11,52,73,36,44,14,13,55,128,71,33,5,275,17,12,0,0,0,0,0,1,0,14,4,22,30,9,0,13,0,20,0,37,24,4,22,30,0,16,9,14,10,32,0,10,0,29,53,9,10,9,0,17,7,14,43,22,4,16,29,4,9,9,17,19,15,23,24,79
530110430002,113,127,83,95,19,0,0,10,182,93,152,11,16,6,0,0,43,0,21,6,87,37,75,58,18,39,20,42,161,135,41,39,19,237,34,23,87,5,6,9,20,16,0,20,0,21,69,0,19,8,0,18,96,19,39,66,28,37,8,22,0,31,32,9,26,3,129,41,20,0,8,0,0,34,36,41,41,45,11,25,31,15,20,20,10,29,17,19,3,139
530110431001,203,194,114,70,0,0,0,0,191,238,152,36,65,15,22,0,0,0,41,0,21,67,149,77,36,23,29,43,242,125,133,38,0,490,25,0,0,0,10,38,18,0,0,54,36,68,0,0,0,13,0,31,13,73,41,68,44,47,23,54,0,0,0,18,0,36,0,70,71,23,0,0,0,0,116,28,44,58,89,80,32,0,0,19,18,39,75,15,32,143
530110431002,102,154,57,18,57,0,0,0,108,175,105,8,0,0,0,0,11,26,0,16,40,30,49,19,38,71,80,0,143,116,67,54,8,365,16,7,0,0,0,0,0,0,0,42,24,17,0,0,0,0,0,19,26,38,12,96,22,53,16,26,16,13,12,13,0,26,16,40,17,24,0,0,0,0,40,26,36,18,40,52,50,14,0,0,11,22,13,13,13,82
530110431003,76,244,45,38,8,0,0,0,71,176,164,0,12,0,15,0,0,0,9,34,16,22,52,57,20,35,139,0,70,106,162,48,25,318,27,31,29,6,0,0,0,0,0,28,0,0,31,8,0,0,18,38,32,0,37,19,38,101,6,11,9,16,73,13,33,10,24,0,0,0,9,8,0,14,11,12,23,0,6,78,29,23,13,15,46,67,32,56,11,51
530110431004,62,117,108,22,27,6,22,9,67,84,204,7,0,42,0,46,0,0,17,17,23,16,44,18,20,74,40,13,93,126,83,27,22,339,13,0,0,0,0,0,0,12,0,50,21,28,13,0,0,0,8,32,11,19,2,13,103,5,34,19,7,6,58,6,7,67,6,27,5,10,8,0,0,20,70,38,23,7,9,10,25,29,6,15,21,58,49,7,6,92
530599501001,26,22,0,7,0,0,0,0,7,22,26,0,0,0,0,26,0,0,0,0,0,0,0,7,10,12,0,12,26,17,0,0,0,55,0,0,0,0,0,0,0,0,0,0,10,0,0,0,0,0,0,0,7,0,0,0,0,15,10,0,0,0,26,0,0,0,0,7,0,0,0,0,0,0,0,0,7,0,0,0,12,0,10,0,0,0,0,0,0,0
530599502001,144,270,178,27,54,5,0,42,130,256,250,90,0,10,10,0,17,9,0,9,22,34,148,77,51,41,160,12,114,223,170,94,65,550,16,23,0,0,0,0,0,89,0,8,66,27,0,67,0,0,29,34,30,41,17,75,145,46,28,22,30,78,70,32,33,16,55,0,49,15,13,0,12,32,53,16,37,82,261,29,38,22,41,39,42,48,12,13,0,164
530599502002,72,266,45,45,29,23,12,4,109,263,116,16,12,33,9,31,2,14,4,0,21,37,63,63,35,68,84,14,30,179,132,98,39,441,0,4,0,0,0,0,0,47,0,22,24,79,22,9,16,3,4,10,27,59,38,44,83,29,27,40,13,40,31,18,3,4,14,44,22,48,31,7,0,14,27,15,81,63,22,65,96,16,48,3,14,32,11,0,6,101
530599502003,170,281,90,61,21,2,9,0,187,211,236,15,19,13,19,34,5,19,21,46,24,50,116,104,67,47,35,15,165,259,127,51,17,478,11,31,32,0,0,24,6,41,11,17,58,61,43,16,0,4,60,56,21,37,45,44,40,41,19,50,24,20,54,47,16,31,25,19,37,19,18,2,0,22,30,53,69,28,75,23,39,38,21,28,25,51,37,26,14,112
530599503001,89,167,54,60,11,19,0,0,108,113,179,33,0,15,20,0,47,10,7,33,8,43,71,19,49,21,24,48,48,151,61,34,58,263,7,27,24,0,9,25,0,45,0,6,12,37,38,10,28,17,0,5,28,18,18,36,7,12,12,23,12,16,50,31,0,0,14,52,20,13,0,0,11,0,6,5,47,22,37,29,19,8,17,84,16,21,3,0,28,96
530599503002,156,185,60,66,26,11,0,7,170,203,124,25,23,17,10,8,36,6,21,5,11,47,48,49,47,94,57,44,114,162,96,41,47,384,11,13,23,21,17,0,0,35,0,13,36,17,0,7,0,0,28,69,14,64,31,36,36,31,5,26,19,48,31,3,28,0,14,57,33,19,0,0,0,20,20,32,29,29,54,42,58,27,16,23,19,49,15,9,0,118
530599504001,63,132,71,40,18,7,0,0,137,104,90,6,17,0,26,7,0,6,0,0,7,42,50,43,75,47,5,6,45,127,78,38,37,276,0,15,0,0,0,0,0,36,4,6,7,19,0,17,0,0,0,0,6,27,35,14,42,51,0,18,44,32,0,8,0,0,21,0,20,44,31,31,0,9,6,31,56,35,18,38,22,11,76,12,10,0,0,0,0,61
530599504002,157,315,81,45,11,12,1,0,133,262,227,20,2,31,20,53,11,18,13,18,54,65,85,49,21,74,88,21,85,255,143,104,14,481,2,9,18,0,0,0,0,85,27,48,22,32,17,7,0,0,18,16,39,72,41,28,50,101,33,55,15,28,32,53,13,24,4,36,33,29,18,0,10,20,28,66,15,55,13,52,64,23,82,25,39,50,62,7,7,95
530599505001,68,144,64,84,21,0,0,0,111,130,140,12,11,19,10,0,55,10,0,0,18,31,82,37,50,29,17,31,63,59,119,65,44,296,0,15,7,0,0,0,0,54,9,75,24,8,0,14,0,0,0,25,85,69,25,7,9,115,0,26,9,10,69,13,0,22,55,13,0,26,0,0,0,8,60,24,6,0,0,35,0,0,15,22,24,54,9,16,9,85
530599505002,209,268,43,89,22,20,0,0,126,261,264,26,44,134,39,0,50,0,10,30,0,88,92,68,50,12,8,26,226,270,102,27,0,396,19,0,0,0,0,0,0,211,25,0,66,47,0,27,0,0,53,55,66,9,15,52,23,52,85,58,0,21,10,14,0,31,88,30,72,33,0,0,0,35,0,96,0,44,28,93,64,20,100,0,9,8,67,0,138,166
