TRACT,W0,W1,W2,W3,OCCP_1,OCCP_2,OCCP_4,OCCP_5,OCCP_6,OCCP_7
41001950100,649,349,194,28,418,141,87,102,70,0
41001950200,561,508,330,18,466,351,282,112,147,0
41001950300,651,303,178,53,349,112,152,85,237,0
41001950400,504,510,304,77,504,209,333,81,159,0
41001950500,427,360,252,0,379,256,75,166,29,0
41001950600,438,304,192,11,282,209,155,124,64,0
41003000101,347,871,519,49,927,250,272,168,245,0
41003000102,235,355,549,177,1006,358,378,0,211,0
41003000202,551,827,797,138,1967,545,442,29,318,0
41003000401,427,338,408,27,848,236,160,56,18,0
41003000402,623,738,767,85,1469,369,489,20,135,0
41003000500,551,322,443,56,862,281,138,72,61,0
41003000600,828,852,512,58,919,419,468,73,205,0
41003000900,794,1061,562,186,1805,511,533,106,135,0
41003001001,542,738,429,94,563,607,409,202,181,0
41003001002,344,545,312,158,1060,265,266,139,120,0
41003001101,271,582,387,135,910,675,436,15,169,0
41003001102,607,807,411,194,1045,529,555,100,237,0
41003010101,558,603,299,175,803,267,297,118,183,0
41003010102,640,648,1108,176,1817,521,519,268,155,0
41003010200,595,383,551,109,1216,276,320,135,139,0
41003010300,463,572,243,57,400,185,227,376,130,0
41003010400,457,548,362,149,775,214,361,265,232,0
41003010601,649,646,214,101,674,262,354,78,106,0
41003010602,212,314,55,52,378,345,270,31,57,0
41003010702,290,313,272,51,733,457,150,44,67,0
41003010800,253,543,567,136,1010,358,454,156,494,0
41003010900,698,878,621,277,1542,422,644,196,239,0
41005020101,424,390,247,26,769,32,213,40,13,0
41005020102,415,317,295,36,695,53,177,51,62,0
41005020201,618,814,588,13,1522,166,250,89,131,0
41005020202,288,302,245,142,714,115,252,33,125,0
41005020302,387,609,674,59,1745,185,287,59,95,0
41005020303,777,799,660,64,1634,187,407,65,138,0
41005020304,439,973,751,34,1805,177,374,115,149,0
41005020401,426,821,877,59,1713,260,517,94,246,0
41005020403,313,590,403,37,1232,65,274,20,36,0
41005020404,396,578,487,28,1271,98,305,0,108,0
41005020503,181,349,444,52,930,60,326,8,53,0
41005020504,557,1044,769,121,1715,389,868,70,174,0
41005020505,719,403,361,33,546,31,268,89,42,0
41005020506,497,509,337,26,808,149,168,43,51,0
41005020507,339,567,479,94,1065,299,329,10,83,0
41005020601,431,461,253,74,730,97,218,30,125,0
41005020602,416,788,491,201,1378,233,632,170,76,0
41005020700,338,566,528,77,1044,184,406,51,176,0
41005020800,512,1053,395,168,975,429,487,290,202,0
41005020900,458,525,458,180,930,256,586,243,199,0
41005021000,372,733,630,154,1357,485,643,134,338,0
41005021100,472,848,767,103,1225,351,624,260,318,0
41005021200,707,688,366,119,623,376,303,130,279,0
41005021300,761,768,538,397,1137,647,761,264,459,0
41005021400,619,664,579,227,1271,332,471,152,205,0
41005021500,748,486,575,152,1173,258,434,195,368,0
41005021601,656,691,743,282,1301,660,750,267,571,0
41005021602,444,728,643,141,1043,494,659,137,362,0
41005021700,843,926,944,64,1295,420,622,211,645,0
41005021801,604,610,722,206,1168,341,646,97,388,0
41005021802,673,522,600,48,750,459,449,155,320,0
41005021900,421,527,391,74,560,223,510,237,139,0
41005022000,699,918,669,346,1197,403,771,395,597,0
41005022101,847,795,741,228,1050,540,1026,248,314,0
41005022105,684,608,784,179,1151,435,852,73,593,0
41005022107,479,564,578,77,615,448,635,162,429,0
41005022108,242,501,517,34,466,375,440,266,419,0
41005022109,383,464,252,142,578,262,325,63,102,0
41005022110,313,445,743,103,1085,236,637,119,389,28
41005022201,1083,954,305,194,683,647,332,154,572,0
41005022205,534,510,463,115,1143,249,340,66,116,0
41005022206,508,990,761,223,1749,377,842,135,434,0
41005022207,281,672,911,144,2006,380,554,125,281,0
41005022208,458,1237,1002,282,2262,467,844,337,375,27
41005022301,654,663,422,117,882,343,288,170,274,0
41005022302,528,613,934,140,1078,536,582,345,574,0
41005022400,445,624,548,80,921,515,399,138,219,0
41005022501,233,444,518,72,601,276,431,141,200,0
41005022502,345,607,576,233,1026,290,524,241,423,0
41005022602,410,491,689,96,1112,268,515,188,223,0
41005022603,335,423,593,126,569,361,469,208,312,0
41005022605,543,1134,768,392,1262,520,963,840,411,0
41005022606,417,607,1013,67,1145,316,667,480,187,0
41005022702,571,1299,640,124,1866,168,640,100,138,0
41005022707,514,1344,1094,217,2067,524,872,334,432,0
41005022708,253,538,587,177,1207,502,437,214,216,0
41005022710,292,528,332,12,785,127,233,23,196,0
41005022800,1217,481,349,91,468,151,447,175,141,0
41005022901,389,459,571,212,842,375,611,335,298,0
41005022904,330,554,424,119,534,390,582,370,193,0
41005022905,494,544,387,197,697,315,414,246,373,0
41005022906,550,183,336,109,567,164,232,162,288,0
41005022907,363,534,363,145,464,250,485,278,174,0
41005023001,286,418,435,147,543,298,348,211,316,0
41005023002,302,557,483,52,791,275,358,88,158,0
41005023100,774,639,782,171,1113,368,594,354,238,0
41005023201,519,435,519,149,850,303,358,229,137,0
41005023202,513,704,1171,281,1819,668,1054,521,467,0
41005023300,474,529,699,155,1011,315,585,423,293,0
41005023401,363,700,513,166,767,227,678,256,398,0
41005023403,422,857,783,202,1040,520,652,303,559,0
41005023404,743,878,784,189,835,479,697,360,738,0
41005023500,621,778,484,297,700,267,607,642,356,0
41005023600,471,696,226,67,689,144,310,179,206,0
41005023700,445,564,643,129,1086,417,395,303,194,0
41005023800,579,702,644,336,1141,544,361,818,243,0
41005023901,412,757,754,126,986,378,598,326,601,0
41005023902,435,811,513,294,696,471,838,601,479,0
41005024000,347,279,349,27,326,116,257,101,176,0
41005024100,527,565,558,157,680,244,501,431,432,0
41005024200,784,811,965,179,980,534,637,363,833,17
41005024302,409,785,623,148,579,228,550,528,721,0
41005024303,469,517,378,63,447,302,396,186,221,0
41005024304,338,388,184,61,413,219,169,122,131,0
41005024401,354,379,512,78,670,379,431,135,218,0
41005024402,620,891,653,89,1499,164,598,117,261,13
41005980000,0,22,0,0,15,28,12,0,0,0
41007950100,471,648,359,40,648,351,235,112,123,5
41007950200,536,788,505,69,661,422,388,205,163,21
41007950300,314,749,246,38,493,280,354,114,122,6
41007950400,571,421,320,162,297,356,442,159,366,0
41007950500,688,915,433,126,664,526,652,178,347,3
41007950600,370,371,370,174,285,538,290,238,221,38
41007950700,326,358,337,70,487,213,303,88,110,0
41007950900,1073,716,425,40,398,650,637,180,314,0
41007951100,808,771,464,90,818,402,482,208,100,0
41007951200,497,508,247,20,362,254,189,242,141,0
41007951300,348,383,342,26,628,285,200,106,133,43
41007990000,0,0,0,0,0,0,0,0,0,0
41009970201,441,614,303,44,296,258,324,224,270,0
41009970202,240,372,358,98,344,293,403,146,371,0
41009970300,757,678,272,50,401,177,263,209,361,0
41009970400,374,235,288,93,360,110,207,122,174,0
41009970500,801,1054,553,178,941,385,607,430,487,9
41009970600,673,756,606,366,1153,231,698,307,758,0
41009970700,520,685,387,129,372,490,380,202,469,0
41009970800,530,937,1047,262,1156,1036,706,276,623,0
41009970900,720,515,773,157,929,354,500,171,354,0
41009971000,496,802,519,275,914,413,691,242,557,0
41009971100,425,570,427,77,626,244,375,230,185,0
41011000101,482,232,115,12,151,154,53,53,70,0
41011000102,395,101,258,66,316,86,70,62,199,0
41011000103,355,290,318,0,477,173,177,54,126,0
41011000200,425,209,284,113,376,361,180,179,171,0
41011000300,464,517,347,165,556,529,282,218,205,0
41011000401,303,471,332,82,561,363,201,113,253,1
41011000402,570,719,298,31,598,212,402,121,112,0
41011000502,545,353,262,42,442,120,226,83,130,5
41011000503,351,351,274,127,285,357,435,188,159,8
41011000505,1007,429,251,110,114,543,357,30,421,15
41011000506,266,307,240,48,194,328,202,164,44,0
41011000600,479,371,180,92,429,271,253,92,129,0
41011000701,695,701,580,144,736,597,323,162,353,0
41011000702,213,576,311,0,180,518,453,124,70,0
41011000800,431,293,493,11,412,293,287,225,162,0
41011000901,792,421,336,45,316,326,169,130,141,0
41011000902,695,391,469,17,376,333,258,84,268,0
41011001001,1047,539,110,128,122,430,283,77,84,0
41011001002,1093,205,402,0,324,318,247,67,96,0
41011001101,565,376,64,21,186,125,72,210,97,0
41011001102,740,485,203,31,280,219,203,139,139,0
41011990101,0,0,0,0,0,0,0,0,0,0
41013950101,338,330,249,344,771,243,438,247,252,0
41013950102,670,850,458,65,549,646,331,150,402,0
41013950200,709,577,488,155,576,476,259,323,507,0
41013950301,386,483,490,48,765,400,227,340,97,0
41013950302,459,517,310,55,327,263,292,166,365,0
41013950401,328,453,193,8,170,115,157,259,173,0
41013950402,447,345,198,22,279,52,148,184,76,0
41015950100,990,344,238,46,302,282,200,157,20,0
41015950201,765,372,311,178,452,311,386,262,103,0
41015950202,455,204,265,0,286,190,183,52,28,0
41015950301,635,786,601,18,526,585,331,305,160,0
41015950302,872,745,621,58,497,511,347,316,366,0
41015950401,606,389,315,47,498,215,236,92,87,0
41015950402,848,142,102,0,139,56,78,29,35,2
41015990101,0,0,0,0,0,0,0,0,0,0
41017000100,336,212,261,32,566,110,117,60,70,0
41017000201,580,526,248,32,285,132,116,194,168,0
41017000202,495,446,167,63,449,156,326,86,50,0
41017000301,833,428,592,48,678,208,516,185,136,0
41017000302,828,596,487,111,597,578,257,317,326,48
41017000401,556,638,672,236,1121,744,566,213,423,0
41017000403,560,220,145,0,290,15,82,28,32,0
41017000404,351,263,139,67,358,79,153,43,88,0
41017000501,679,252,348,50,484,124,220,84,111,0
41017000502,652,649,365,107,872,297,494,148,68,0
41017000601,153,210,352,13,416,157,202,153,109,0
41017000602,373,307,355,18,619,321,216,170,45,0
41017000603,886,429,379,45,828,163,390,107,132,0
41017000701,490,520,451,77,512,279,323,218,242,0
41017000702,476,541,649,179,901,602,526,295,123,50
41017000800,839,1059,760,226,1349,626,840,323,445,0
41017000901,333,847,472,126,588,519,554,305,437,0
41017000902,177,648,344,81,535,312,189,224,181,0
41017001002,379,270,304,51,622,137,101,62,199,0
41017001003,580,748,737,186,1093,382,634,153,336,0
41017001004,419,570,1381,126,1387,606,1318,834,257,0
41017001005,803,440,485,85,848,401,266,76,253,0
41017001101,568,1263,868,240,1548,515,626,252,361,0
41017001102,679,591,828,310,1466,340,744,213,232,0
41017001200,920,944,1022,263,1614,593,1196,375,439,0
41017001301,720,779,752,216,2095,304,526,0,190,0
41017001302,1233,1180,1087,136,1841,875,710,133,164,0
41017001401,763,883,597,94,1487,372,569,58,100,0
41017001402,65,246,257,24,639,141,86,0,7,0
41017001501,480,504,665,36,764,587,455,107,306,0
41017001502,250,521,308,54,731,276,372,31,39,0
41017001601,630,744,661,122,1142,295,660,234,170,0
41017001602,319,205,379,36,440,261,284,122,72,0
41017001701,687,860,633,90,1064,443,580,243,275,0
41017001702,304,552,462,122,692,493,444,278,103,55
41017001801,700,807,545,179,910,417,768,225,222,0
41017001802,587,679,476,115,736,610,528,290,98,0
41017001901,159,321,179,30,346,191,109,103,61,0
41017001903,688,791,796,376,1241,629,1281,418,120,0
41017001904,521,496,533,204,870,523,453,79,287,0
41017002001,209,126,163,14,475,31,47,39,60,0
41017002002,603,1560,1306,256,2044,1077,1218,320,634,0
41017002101,451,554,683,121,922,462,661,160,377,0
41017002102,404,142,317,33,445,82,322,124,37,0
41017002103,589,673,806,224,2186,474,473,127,106,0
41019010000,516,418,192,0,316,87,256,84,108,0
41019020000,856,492,355,44,290,312,340,146,130,13
41019030000,592,589,438,67,484,348,388,266,247,7
41019040000,599,249,235,35,202,146,208,144,165,0
41019050001,779,598,507,112,711,293,528,255,407,0
41019050003,613,509,264,34,247,594,288,87,54,0
41019050004,679,344,451,62,432,306,364,148,204,0
41019060000,596,455,272,122,514,127,500,200,207,0
41019070000,736,769,549,113,800,229,488,228,397,0
41019080001,738,255,379,0,503,232,148,126,61,0
41019080002,777,459,539,116,914,150,440,255,148,0
41019090001,1006,636,501,0,551,544,398,55,205,0
41019090002,249,111,98,0,191,19,81,3,38,0
41019100000,545,423,317,7,414,276,261,143,65,0
41019110000,478,467,166,81,372,130,191,115,185,0
41019120001,444,393,220,124,398,206,245,136,172,0
41019120002,780,782,645,22,526,458,466,192,266,0
41019130001,262,416,149,149,273,149,294,61,409,11
41019130002,608,417,179,57,255,147,213,101,356,0
41019140000,1103,702,450,113,647,389,397,171,363,0
41019150001,593,597,265,240,703,519,654,313,277,0
41019150002,291,478,328,14,456,211,250,94,203,0
41019160001,531,266,317,99,267,435,186,88,262,0
41019160002,917,594,413,100,530,318,342,138,406,0
41019170000,588,495,387,47,257,219,324,324,345,0
41019180000,690,716,370,119,453,620,295,233,262,0
41019190000,1203,379,207,100,276,260,319,97,346,0
41019200000,922,697,338,54,443,316,332,264,403,0
41019210000,939,664,226,29,499,206,151,183,176,0
41019990000,0,0,0,0,0,0,0,0,0,0
41021960100,395,242,217,12,224,227,98,111,117,0
41023960100,461,329,132,29,280,130,163,192,33,0
41023960201,342,143,175,41,163,176,68,175,56,0
41023960202,623,463,468,94,511,331,284,159,162,0
41025960101,291,467,255,17,174,327,300,147,140,0
41025960102,547,409,309,5,480,355,95,6,215,0
41025960200,297,283,255,39,337,151,95,185,117,0
41027950100,391,616,523,93,841,381,258,685,348,0
41027950201,392,453,409,157,634,252,310,263,212,0
41027950202,302,569,428,189,1122,392,396,167,43,15
41027950301,393,588,452,49,759,406,322,81,163,0
41027950302,274,358,321,174,649,276,242,148,221,0
41027950400,353,558,602,321,891,567,424,779,358,0
41029000100,278,354,215,50,262,359,342,179,144,0
41029000201,516,482,225,178,256,384,654,101,308,0
41029000202,255,759,361,64,311,490,255,278,374,0
41029000203,448,482,479,94,436,487,357,144,349,0
41029000300,527,1231,478,149,661,695,809,410,436,0
41029000403,676,395,563,58,698,289,448,138,134,0
41029000404,531,645,583,94,1143,168,456,123,278,0
41029000405,630,429,447,229,621,434,802,114,224,13
41029000406,725,446,606,106,746,522,381,286,99,0
41029000501,384,717,222,39,575,303,224,91,185,0
41029000502,933,886,471,178,669,517,729,252,206,0
41029000603,454,636,421,62,927,157,351,64,96,0
41029000604,557,350,467,146,842,268,444,122,184,0
41029000605,738,676,392,8,536,213,388,110,95,0
41029000606,707,277,128,83,362,92,159,15,74,0
41029000701,426,681,592,225,958,605,735,108,282,0
41029000702,623,617,657,198,941,588,739,41,185,0
41029000800,633,1371,668,142,1034,813,593,356,554,0
41029000901,450,330,321,126,577,73,382,52,230,0
41029000902,650,571,965,325,1246,761,883,466,463,0
41029001001,908,745,821,189,740,624,653,480,535,0
41029001002,291,660,543,155,644,680,506,121,588,0
41029001100,805,488,681,179,830,519,674,89,311,0
41029001200,334,706,618,102,726,462,606,178,210,0
41029001301,494,464,497,223,663,436,612,229,502,0
41029001303,542,450,575,318,614,491,651,558,565,19
41029001304,719,593,577,151,1400,270,420,96,119,4
41029001401,512,451,997,80,456,360,1053,321,538,0
41029001402,169,376,23,0,205,50,84,13,38,0
41029001403,847,593,393,84,479,128,414,89,315,0
41029001500,932,806,456,87,1269,361,307,18,101,0
41029001601,923,457,696,92,506,595,428,135,303,0
41029001602,875,1018,663,129,1484,346,580,234,336,0
41029001701,570,542,149,138,442,503,187,15,205,0
41029001702,701,450,758,1,1035,330,617,150,87,0
41029001801,880,638,585,0,984,493,319,0,12,0
41029001802,787,491,668,0,961,97,482,35,237,0
41029001900,320,470,256,41,636,532,264,39,63,0
41029002000,321,519,263,10,644,273,196,18,11,0
41029002100,758,481,368,78,1029,192,160,51,63,0
41029002200,739,993,412,62,1493,207,359,79,274,0
41029002300,356,242,118,26,356,73,102,19,74,0
41029002400,282,344,176,41,403,185,184,42,69,0
41029002500,349,368,320,77,795,100,160,201,29,0
41029002600,467,376,283,16,346,200,169,205,102,3
41029002701,598,593,123,65,392,105,135,91,180,0
41029002702,972,411,299,67,451,281,98,254,337,0
41029002800,834,693,375,32,473,281,412,226,210,0
41029002901,1038,345,390,35,299,174,284,78,157,0
41029002902,598,676,314,35,573,178,123,209,248,0
41029003001,802,509,380,48,682,263,282,93,100,0
41029003002,866,728,451,122,716,353,364,302,259,0
41031940000,210,289,143,64,360,141,257,48,116,0
41031960100,175,202,140,46,220,109,111,115,131,0
41031960201,492,523,192,139,216,296,426,226,224,0
41031960202,667,725,822,102,1101,498,659,150,176,0
41031960301,777,642,452,77,579,505,196,134,383,0
41031960303,151,88,25,17,74,10,41,34,47,0
41031960304,147,317,262,110,380,207,239,236,494,0
41031960305,141,343,164,36,240,115,119,106,198,0
41033360100,520,212,79,0,142,41,123,16,48,0
41033360300,814,770,513,153,763,368,469,473,261,0
41033360400,763,590,393,98,895,343,223,108,162,0
41033360500,916,716,511,366,849,698,516,296,323,0
41033360601,559,453,286,0,199,270,232,36,244,0
41033360602,516,681,251,49,767,79,177,22,234,0
41033360701,427,892,417,108,358,1019,539,152,343,0
41033360703,511,456,299,17,268,277,303,139,72,0
41033360704,459,426,476,22,431,395,365,123,201,0
41033360800,996,557,616,21,932,375,221,127,240,0
41033360900,486,413,139,47,338,194,133,36,83,0
41033361000,835,647,319,164,560,435,310,127,410,34
41033361101,733,734,719,51,895,638,747,120,246,0
41033361102,555,818,278,94,385,648,270,138,218,0
41033361201,801,437,403,39,404,407,349,65,132,0
41033361202,544,408,366,70,384,441,342,64,322,0
41033361301,828,439,314,79,629,214,254,78,160,0
41033361302,421,703,226,77,405,221,241,178,207,0
41033361400,601,239,307,13,220,149,301,41,198,0
41033361500,580,229,218,30,467,50,81,95,54,0
41033361601,1196,600,243,66,292,349,290,84,399,0
41033361602,787,431,361,27,459,112,181,188,112,0
41035970100,737,513,224,4,218,200,262,188,161,0
41035970201,552,340,23,6,178,52,121,43,19,0
41035970202,599,500,186,36,247,276,154,69,167,0
41035970300,420,602,390,8,394,83,292,316,228,0
41035970400,237,172,156,22,182,56,155,121,76,47
41035970500,330,182,179,5,150,54,190,129,76,0
41035970600,101,236,170,45,250,182,113,176,62,0
41035970700,228,339,254,7,368,161,150,154,132,17
41035970800,375,245,287,82,438,257,191,196,121,4
41035970901,317,480,164,63,443,179,88,94,124,0
41035970902,441,297,226,33,339,196,322,48,192,0
41035971000,369,277,392,22,549,132,104,105,150,0
41035971100,643,749,800,87,1163,413,545,147,291,17
41035971200,403,430,195,29,275,186,168,81,261,0
41035971300,1007,835,507,35,539,306,516,370,241,32
41035971400,461,897,784,49,970,328,536,323,473,38
41035971500,748,703,291,0,409,176,340,272,226,0
41035971600,658,577,183,33,186,307,286,30,210,34
41035971700,543,560,137,69,267,338,237,118,265,32
41035971800,456,458,206,14,334,162,227,34,113,0
41035971900,609,539,273,63,442,262,234,101,236,0
41035972000,591,667,434,38,724,280,334,88,330,29
41037960100,539,459,243,6,325,187,152,178,146,0
41037960200,834,682,587,37,819,451,350,159,270,0
41039000100,1135,607,433,60,779,347,264,192,136,0
41039000200,575,530,688,216,853,413,501,455,432,16
41039000300,327,359,365,20,451,162,241,120,103,0
41039000402,362,376,488,101,941,238,220,275,311,0
41039000403,662,621,962,139,848,698,731,309,434,0
41039000404,466,410,474,134,620,479,455,337,147,0
41039000500,423,351,174,13,142,168,179,165,50,0
41039000702,701,377,139,24,210,186,171,68,79,0
41039000705,924,601,351,55,546,524,178,57,129,0
41039000706,696,601,165,16,361,209,286,95,110,152
41039000707,1388,431,231,87,357,298,378,29,101,0
41039000708,597,251,179,65,346,214,146,110,50,0
41039000800,277,179,157,40,203,94,115,149,54,0
41039000902,591,516,550,117,755,278,418,342,264,0
41039000903,742,835,415,83,623,399,520,393,196,0
41039000904,467,492,299,75,368,273,354,47,142,0
41039001001,509,228,198,81,417,245,151,191,97,0
41039001002,604,502,547,77,778,288,387,179,176,0
41039001101,581,963,625,183,946,317,615,423,579,0
41039001102,459,346,584,113,555,255,528,199,257,0
41039001201,565,624,302,177,505,341,312,475,163,0
41039001202,660,592,422,62,627,308,532,142,84,0
41039001301,448,481,399,40,502,297,196,188,259,0
41039001302,565,509,631,291,572,622,488,690,366,0
41039001400,360,338,220,42,255,253,142,188,88,0
41039001500,1324,523,181,14,151,294,190,186,217,0
41039001600,704,557,574,208,748,396,503,423,358,0
41039001700,851,663,501,99,758,367,423,219,240,0
41039001801,445,636,843,170,855,416,740,296,417,0
41039001803,386,709,490,67,507,361,468,314,325,18
41039001804,288,403,474,174,681,399,316,259,223,0
41039001902,621,646,1019,61,623,605,440,317,642,0
41039001903,250,387,385,104,257,437,336,178,295,0
41039001904,497,847,581,294,623,752,631,494,532,0
41039002001,416,367,510,51,547,268,409,143,236,0
41039002002,857,685,495,50,701,437,533,82,308,0
41039002101,396,366,329,103,278,248,560,53,251,0
41039002103,329,765,531,125,576,588,563,155,496,0
41039002104,317,468,336,13,321,407,296,41,154,0
41039002201,684,640,415,105,806,318,414,83,341,0
41039002203,461,584,613,156,1392,371,235,86,235,0
41039002204,621,461,422,95,967,189,264,43,120,0
41039002301,707,534,347,112,483,224,702,147,228,0
41039002302,442,575,599,163,780,235,550,377,184,0
41039002401,424,550,542,117,971,181,359,319,199,0
41039002403,611,503,584,25,744,272,458,132,143,0
41039002404,483,575,500,103,594,312,504,170,142,0
41039002501,459,548,639,156,627,548,548,234,521,0
41039002504,236,485,265,209,601,395,410,126,269,0
41039002505,483,673,672,37,621,392,458,64,635,0
41039002506,353,378,759,99,780,123,670,110,281,0
41039002600,529,1015,975,38,1080,350,748,257,555,0
41039002700,427,603,404,182,498,493,562,184,367,0
41039002800,392,628,749,172,943,636,564,226,296,10
41039002902,867,500,363,88,689,350,526,137,239,0
41039002903,585,443,255,60,579,194,186,63,134,0
41039002904,907,832,490,125,1388,245,432,90,38,0
41039003000,836,786,358,125,979,350,283,158,172,0
41039003101,841,753,776,182,1551,467,634,234,255,0
41039003103,301,383,354,75,625,297,358,110,139,0
41039003104,843,1030,325,262,1140,779,434,61,395,0
41039003201,363,484,397,47,475,292,330,124,228,0
41039003202,361,841,407,170,862,455,607,120,350,0
41039003301,253,563,419,78,545,340,402,189,208,0
41039003302,613,380,524,105,530,508,445,263,269,0
41039003400,481,733,647,127,537,745,396,220,621,0
41039003500,449,576,524,147,846,454,435,114,339,0
41039003600,614,645,417,148,841,190,505,69,184,0
41039003700,380,503,268,127,859,426,327,47,92,4
41039003801,188,952,341,75,730,668,418,29,138,0
41039003802,561,827,436,83,1136,752,419,26,96,0
41039003900,771,718,518,46,752,537,434,72,225,0
41039004000,670,417,274,51,797,166,161,41,61,0
41039004100,381,795,456,81,1073,273,239,178,271,0
41039004200,321,923,301,65,673,420,413,155,296,0
41039004300,1079,877,639,234,864,677,564,525,714,0
41039004403,540,1079,594,218,1018,615,461,255,405,0
41039004404,447,596,299,58,876,107,273,72,92,0
41039004405,516,683,689,71,1388,278,374,113,81,0
41039004406,315,402,405,125,553,392,464,249,404,8
41039004407,460,637,431,46,536,179,303,45,447,0
41039004501,292,694,414,32,629,305,456,85,116,0
41039004502,328,829,473,102,1141,402,478,61,253,0
41039004600,378,385,298,153,612,321,287,110,104,0
41039004700,313,719,512,108,1263,303,449,100,211,0
41039004800,338,872,753,161,1844,504,785,144,194,0
41039004900,341,728,521,146,1829,373,446,46,83,0
41039005000,550,1097,672,36,1746,513,227,123,54,0
41039005100,468,637,328,83,710,319,323,104,132,0
41039005200,340,281,278,14,773,86,73,60,61,0
41039005300,303,504,234,38,828,104,139,14,124,0
41039005400,676,621,868,133,1838,435,273,116,158,23
41039990000,0,0,0,0,0,0,0,0,0,0
41041950100,535,652,159,83,201,510,267,144,56,0
41041950303,411,316,110,37,203,245,151,42,68,0
41041950304,771,531,327,71,494,418,294,145,40,0
41041950401,390,271,416,46,244,423,366,33,97,0
41041950402,450,336,173,70,277,373,169,28,56,0
41041950601,627,434,277,36,385,214,313,162,93,0
41041950602,533,414,247,31,549,291,306,94,72,0
41041950800,863,510,227,40,451,150,212,131,157,0
41041950900,528,388,360,98,398,449,290,97,388,0
41041951000,337,337,234,51,375,153,220,33,42,0
41041951100,293,317,127,31,226,132,162,74,72,0
41041951200,436,379,174,37,437,99,218,83,36,0
41041951300,395,419,194,42,274,165,138,143,212,0
41041951400,420,471,269,7,472,257,162,172,227,0
41041951500,684,519,186,47,430,214,211,128,62,0
41041951600,933,631,192,80,450,228,228,275,139,0
41041951700,621,430,90,33,316,224,92,65,18,0
41041951800,617,450,398,58,435,309,281,188,198,0
41041990100,0,0,0,0,0,0,0,0,0,0
41043020101,475,775,748,233,1389,463,356,201,411,19
41043020102,277,459,422,37,476,126,380,162,99,0
41043020103,258,334,282,116,463,204,256,175,223,0
41043020200,206,411,165,50,323,165,208,78,109,0
41043020300,823,774,880,414,1508,709,867,148,488,0
41043020400,512,783,493,129,794,318,318,298,239,0
41043020500,495,708,456,70,546,588,502,172,185,0
41043020601,850,482,417,0,310,135,554,76,180,0
41043020602,517,717,571,181,818,573,592,170,403,0
41043020700,669,640,849,120,1020,338,639,190,472,18
41043020801,286,369,343,42,262,295,237,62,230,0
41043020802,553,1134,587,58,641,368,512,373,658,0
41043030100,694,734,773,107,1186,396,501,394,340,0
41043030201,441,398,415,53,517,195,118,298,176,0
41043030202,340,476,305,124,846,214,204,181,300,0
41043030300,283,348,235,65,345,140,267,177,123,0
41043030401,983,812,639,103,771,411,575,340,692,0
41043030403,469,411,357,32,236,385,171,252,307,0
41043030404,581,637,426,12,288,336,264,242,362,0
41043030500,577,511,510,80,684,367,362,212,300,0
41043030600,611,863,760,289,1344,500,877,278,689,0
41043030700,476,529,639,81,845,250,392,231,282,0
41043030801,647,709,528,120,646,525,356,224,747,0
41043030802,506,544,270,134,517,342,273,168,318,0
41043030903,932,1087,725,117,1273,483,503,116,639,0
41043030904,468,664,537,100,664,355,435,300,358,0
41043030905,403,561,323,44,369,296,312,266,207,0
41043030906,532,490,515,39,458,336,418,250,273,2
41045940000,0,0,0,0,0,0,0,0,0,0
41045970200,706,503,476,114,585,472,355,522,228,0
41045970300,668,628,296,108,453,300,253,308,464,0
41045970400,609,892,265,111,386,290,323,220,648,19
41045970500,477,679,454,80,303,306,373,385,425,0
41045970600,465,585,504,82,692,299,273,268,213,0
41045970700,176,254,196,24,363,126,96,111,90,0
41045970900,286,459,364,44,379,249,154,258,205,0
41047000200,546,578,388,32,1152,338,333,50,109,30
41047000300,523,826,485,102,613,592,338,331,416,0
41047000400,488,755,488,88,617,443,592,482,346,0
41047000501,235,358,435,101,317,505,254,320,141,0
41047000502,606,824,460,114,592,428,351,443,496,0
41047000600,531,1053,526,75,669,367,710,375,221,0
41047000702,396,382,258,18,363,358,214,59,122,17
41047000703,264,286,345,33,286,203,292,152,155,0
41047000900,538,852,711,136,1198,888,612,227,284,0
41047001000,499,692,391,95,423,324,499,305,408,0
41047001100,561,444,857,217,1132,620,668,194,285,0
41047001200,536,658,494,26,955,304,274,84,187,0
41047001300,551,691,622,59,1191,193,334,195,187,0
41047001401,894,657,843,157,1139,541,401,269,364,0
41047001402,749,479,860,164,936,458,714,319,246,0
41047001501,439,630,630,102,808,272,443,200,370,0
41047001502,443,668,722,256,732,616,689,371,439,0
41047001503,442,570,640,232,664,461,416,404,496,0
41047001601,698,898,874,337,890,726,691,708,557,0
41047001603,678,858,218,499,856,747,918,716,633,0
41047001605,378,726,499,126,383,552,379,264,478,0
41047001606,393,653,621,162,477,558,386,536,538,0
41047001607,349,459,485,138,183,756,401,656,263,0
41047001608,386,475,606,164,617,447,301,393,496,0
41047001701,836,786,684,161,622,833,652,370,483,0
41047001702,372,843,389,266,645,653,583,259,507,0
41047001703,291,622,494,178,627,379,478,581,377,30
41047001801,607,1032,619,203,500,655,582,895,524,0
41047001802,360,943,1273,334,1188,856,1019,683,761,0
41047001803,512,435,259,100,401,508,356,59,112,0
41047002001,450,535,1013,40,1315,384,664,47,457,23
41047002002,469,1134,444,75,1210,518,298,123,147,23
41047002101,347,495,252,47,328,226,361,107,211,0
41047002102,960,973,526,172,1154,623,748,183,409,0
41047002201,160,503,156,49,656,240,188,35,88,0
41047002202,783,1032,580,203,1470,350,720,290,263,0
41047002301,396,606,504,120,793,323,564,117,193,0
41047002303,560,1323,909,195,1462,791,986,255,233,0
41047002304,716,986,940,154,1663,505,696,111,394,11
41047002400,430,568,566,62,1186,133,317,110,174,0
41047002502,616,543,746,241,762,269,640,536,455,4
41047002503,528,827,775,40,1003,630,532,205,187,0
41047002504,393,360,607,112,911,406,397,233,56,0
41047002600,159,195,251,75,347,162,141,190,138,0
41047002701,779,630,754,142,1305,306,547,267,242,0
41047002702,384,400,494,19,758,246,284,100,127,0
41047002800,582,499,469,119,1027,252,496,213,166,0
41047010100,117,201,149,51,282,79,120,122,85,0
41047010201,318,402,238,58,265,206,174,187,238,0
41047010202,590,961,957,163,1056,584,829,526,635,0
41047010303,242,514,329,254,535,297,551,514,354,0
41047010304,311,582,514,315,571,902,651,736,667,0
41047010305,161,460,427,154,472,610,479,352,338,0
41047010307,1482,672,325,192,784,529,344,120,441,0
41047010308,594,214,443,138,407,329,333,285,472,0
41047010309,440,507,586,148,182,381,374,512,905,0
41047010400,615,502,429,52,896,276,257,295,97,0
41047010501,544,613,713,294,1205,417,569,350,133,36
41047010502,938,757,679,151,817,693,593,141,424,0
41047010503,437,490,524,97,845,182,264,194,221,0
41047010600,433,326,278,39,238,160,126,168,198,0
41047010701,851,1095,1108,120,1299,465,995,287,701,0
41047010702,993,766,659,210,960,514,653,625,231,0
41047010801,487,609,791,267,1401,543,478,111,539,0
41047010802,422,688,906,237,1154,360,786,482,422,0
41049970101,302,633,415,149,279,295,215,616,648,0
41049970102,378,485,448,70,357,362,146,186,375,0
41049970200,465,392,449,28,545,244,312,245,75,0
41051000101,424,810,366,0,1197,128,163,34,37,0
41051000102,547,553,608,55,1396,181,173,92,91,0
41051000201,550,369,569,142,1135,461,246,35,145,0
41051000202,434,589,606,47,1159,166,338,51,196,0
41051000301,526,781,679,163,1477,405,785,147,302,0
41051000302,639,676,1191,182,2624,328,461,59,73,0
41051000401,217,634,618,48,1290,312,285,29,102,0
41051000402,276,698,573,100,1176,312,348,153,144,0
41051000501,238,685,646,174,1425,464,416,112,251,0
41051000502,303,896,647,132,1383,397,388,137,516,0
41051000601,412,847,648,176,1008,382,504,451,519,0
41051000602,402,645,896,174,1066,677,524,268,691,0
41051000701,468,817,693,67,1671,288,366,93,195,0
41051000702,492,611,693,275,1555,469,801,159,193,0
41051000801,308,865,1039,44,1782,285,568,136,135,0
41051000802,438,696,878,196,1627,487,459,110,287,0
41051000901,293,1102,541,83,1547,318,251,59,138,0
41051000902,334,650,1098,155,1685,475,745,117,314,0
41051001000,533,1075,794,248,2267,488,601,88,192,0
41051001101,480,1112,377,39,1280,365,337,106,107,0
41051001102,176,321,201,39,595,53,112,45,44,0
41051001202,297,447,560,249,1404,267,322,33,56,0
41051001203,182,554,645,0,984,231,485,133,218,0
41051001204,162,794,634,95,1205,457,411,25,123,0
41051001301,368,727,754,86,1512,402,406,52,187,0
41051001302,203,668,571,59,1640,152,252,69,161,0
41051001400,415,959,1200,137,2584,424,569,104,266,0
41051001500,304,407,799,38,1630,151,244,23,42,0
41051001601,1033,562,892,183,1878,330,307,392,115,0
41051001602,313,587,590,264,1207,591,437,166,498,0
41051001702,359,510,541,170,1060,365,477,46,254,0
41051001703,312,871,507,78,1621,238,299,76,121,0
41051001704,202,283,621,78,937,267,187,52,477,0
41051001801,501,711,717,170,1456,468,379,100,243,0
41051001802,433,668,481,70,1367,300,270,60,78,0
41051001900,450,539,865,118,2072,111,303,51,145,0
41051002001,149,685,464,14,840,311,363,43,49,0
41051002002,320,1190,666,0,1452,480,429,243,163,0
41051002101,119,444,318,0,743,116,202,97,77,26
41051002102,225,1086,508,11,1036,207,360,18,119,0
41051002203,421,1307,593,149,1651,343,750,77,64,0
41051002303,743,1068,463,7,1138,275,393,77,218,12
41051002401,180,411,395,129,1209,98,290,27,186,0
41051002402,860,758,507,64,1053,255,313,102,140,0
41051002501,373,624,621,121,1627,241,288,36,113,0
41051002502,387,1003,869,91,1881,339,591,138,110,0
41051002600,297,325,444,77,1044,200,183,25,45,0
41051002701,276,408,420,106,1247,72,224,23,49,0
41051002702,602,605,542,47,1114,268,415,57,75,0
41051002801,220,483,513,32,1200,115,357,8,21,0
41051002802,264,419,495,152,1161,188,327,40,120,0
41051002901,342,601,1001,121,1391,491,938,36,180,0
41051002902,422,866,1075,119,2128,548,709,78,366,0
41051002903,683,578,740,130,1079,503,481,118,188,0
41051003000,550,732,716,123,1399,305,561,142,334,0
41051003100,439,491,899,184,2213,187,469,38,163,0
41051003200,289,535,742,183,1819,396,416,68,78,0
41051003301,259,501,499,150,1041,354,400,65,72,0
41051003302,268,409,527,156,1688,339,239,122,141,0
41051003401,355,597,596,89,1560,202,332,36,137,0
41051003402,264,978,657,167,1587,589,681,137,292,0
41051003501,327,539,796,149,1514,304,381,70,230,0
41051003502,156,520,436,163,1400,421,134,80,152,0
41051003601,238,841,902,102,1905,236,463,234,106,0
41051003602,479,946,921,117,2547,800,358,134,154,0
41051003603,146,220,273,40,569,69,206,21,46,0
41051003701,628,550,545,123,1328,380,380,80,211,0
41051003702,201,377,264,133,920,259,238,62,62,0
41051003801,326,597,497,117,972,299,245,61,88,0
41051003802,219,435,640,184,1181,427,465,110,226,0
41051003803,274,695,823,179,1786,238,628,57,200,0
41051003902,231,521,472,107,1278,196,338,82,107,0
41051003903,348,561,283,121,819,422,225,51,146,0
41051003904,384,418,708,177,1584,376,158,104,321,0
41051004002,292,683,667,158,1618,754,548,100,208,11
41051004003,777,982,921,137,1471,735,543,215,546,0
41051004102,558,1000,604,136,1584,221,340,63,476,0
41051004103,318,635,575,107,1210,233,466,156,205,10
41051004104,345,435,382,52,620,197,343,21,322,0
41051004200,419,924,673,146,1504,339,360,207,375,0
41051004300,93,260,112,16,373,66,110,12,0,0
41051004500,223,857,635,56,1509,289,283,61,109,0
41051004601,436,588,557,38,1365,222,217,0,120,0
41051004602,233,243,382,50,794,97,190,0,55,0
41051004700,421,1545,481,38,1745,327,405,20,126,0
41051004800,597,1190,270,24,990,155,415,0,179,0
41051004901,506,1091,542,19,1426,326,427,17,41,0
41051004902,532,861,182,42,675,326,358,112,122,0
41051005001,369,1628,395,0,1751,65,546,9,123,0
41051005002,114,622,130,20,520,57,173,0,61,0
41051005101,911,1126,604,57,1971,169,242,11,53,0
41051005102,748,916,437,0,1402,143,176,0,33,0
41051005103,1038,948,195,0,314,379,331,101,76,0
41051005201,548,516,411,0,658,260,237,73,106,0
41051005202,311,1207,460,0,1240,121,494,122,111,0
41051005500,754,757,266,47,813,222,228,16,111,0
41051005601,799,1009,212,27,835,151,424,0,29,0
41051005602,318,274,282,48,449,510,387,100,140,0
41051005701,52,114,75,20,319,0,35,76,36,0
41051005702,786,1122,485,22,1669,213,320,45,82,0
41051005800,724,1053,693,33,1680,108,329,72,116,0
41051005901,184,544,439,46,1040,104,399,6,72,0
41051005902,1039,953,525,0,1428,237,252,18,49,0
41051005903,602,504,642,74,1250,175,482,109,105,0
41051006001,131,310,267,24,694,88,154,31,39,0
41051006002,300,235,366,52,836,101,216,71,48,0
41051006100,311,235,453,17,989,13,191,9,64,0
41051006200,388,284,526,98,1254,157,296,20,55,0
41051006300,326,690,571,91,2001,235,345,71,133,0
41051006402,604,813,863,199,2257,157,510,70,239,0
41051006403,214,778,506,236,1366,392,560,101,232,5
41051006404,541,602,430,72,1094,89,318,69,102,0
41051006501,567,945,912,61,1810,267,485,139,184,0
41051006502,432,914,574,168,2132,224,608,60,139,0
41051006601,368,333,395,16,1027,45,200,6,60,0
41051006602,422,1418,563,129,2027,551,555,152,141,0
41051006701,317,418,461,129,1144,308,309,63,67,0
41051006702,406,520,450,16,914,215,219,72,93,0
41051006801,317,415,299,33,609,184,148,28,122,0
41051006802,340,462,559,81,1249,308,316,64,34,0
41051006900,262,429,384,12,929,68,254,15,27,0
41051007001,269,939,830,40,2336,93,524,18,93,0
41051007002,203,358,459,58,1094,184,142,20,0,0
41051007100,488,438,206,70,425,253,249,87,67,0
41051007201,693,420,405,75,484,276,215,113,195,0
41051007202,327,580,420,222,662,217,571,202,369,0
41051007300,61,82,22,46,68,22,96,38,42,0
41051007400,354,636,348,110,842,484,331,42,156,0
41051007500,355,796,767,134,1362,452,459,172,433,0
41051007600,264,785,271,39,951,399,239,142,71,0
41051007700,175,307,268,76,443,396,165,85,186,0
41051007800,190,232,294,37,334,279,141,90,91,0
41051007900,433,737,485,141,937,355,405,204,451,0
41051008001,341,250,654,126,766,297,347,89,164,0
41051008002,341,314,240,228,470,275,408,128,324,0
41051008100,973,1127,810,239,1125,1112,687,184,772,0
41051008201,471,360,311,95,709,249,284,91,187,0
41051008203,692,711,788,193,1236,585,485,90,701,0
41051008204,198,157,425,82,286,274,172,160,370,0
41051008301,354,736,434,130,736,398,503,171,289,0
41051008302,400,456,450,285,934,713,390,284,220,0
41051008400,494,461,504,278,573,680,418,135,573,0
41051008500,299,513,565,107,811,239,388,195,396,14
41051008600,326,654,435,164,849,400,450,94,330,0
41051008700,251,680,840,158,982,270,749,457,318,0
41051008800,351,651,543,50,970,246,367,126,233,0
41051008902,358,428,613,143,622,646,522,198,372,0
41051008903,271,299,801,219,1326,453,459,300,187,0
41051008904,373,523,485,195,1019,509,213,207,387,0
41051009001,255,638,584,212,606,754,562,326,628,0
41051009002,339,738,587,93,386,514,555,321,416,16
41051009101,492,769,586,201,779,818,475,389,271,0
41051009102,437,743,765,340,1511,479,511,326,825,0
41051009202,674,631,436,137,715,434,478,223,690,0
41051009203,294,646,335,109,552,388,290,161,154,0
41051009204,299,606,670,144,557,628,440,378,287,0
41051009301,645,1026,550,99,704,421,519,173,448,0
41051009302,369,692,572,106,1172,329,596,226,346,0
41051009400,1423,616,681,203,1321,775,355,140,228,0
41051009501,690,760,393,123,534,360,586,172,406,0
41051009502,516,648,389,103,597,218,433,118,305,0
41051009603,428,408,271,178,182,410,540,87,395,0
41051009604,489,830,426,202,484,872,402,422,493,0
41051009605,434,993,363,263,1138,430,540,120,944,0
41051009606,674,544,434,267,671,522,506,403,454,0
41051009701,530,703,710,74,660,277,508,94,471,0
41051009703,507,511,505,138,533,802,468,72,471,0
41051009704,264,595,260,105,385,410,141,153,596,0
41051009801,383,487,486,181,456,479,420,105,471,0
41051009803,866,927,588,213,884,993,483,354,520,0
41051009804,286,407,346,141,358,351,439,146,321,0
41051009903,687,830,649,300,1360,611,725,321,346,0
41051009904,297,603,439,162,724,377,301,238,365,0
41051009905,276,429,438,63,581,234,322,159,212,0
41051009906,321,436,433,119,896,368,455,81,219,0
41051009907,627,781,484,159,1083,257,516,208,402,0
41051010001,908,947,459,289,837,685,715,145,484,0
41051010002,688,633,581,197,779,436,803,123,400,0
41051010101,575,667,715,136,785,783,435,251,266,0
41051010102,282,682,607,252,731,589,679,375,304,0
41051010200,532,729,1026,403,1574,696,683,558,568,0
41051010303,510,640,708,290,817,704,548,330,519,0
41051010304,440,526,463,120,365,468,489,454,266,0
41051010305,370,465,618,108,671,138,430,155,355,0
41051010306,246,481,791,182,776,435,782,355,384,0
41051010402,461,528,809,319,1263,513,419,284,547,0
41051010405,611,898,701,233,793,676,708,451,592,0
41051010407,517,439,641,360,982,414,634,382,545,0
41051010408,418,1037,720,145,922,763,731,378,896,0
41051010410,587,714,681,31,777,437,627,47,405,0
41051010411,366,558,278,70,431,293,236,306,219,0
41051010412,245,248,421,203,572,278,349,142,292,0
41051010413,254,561,957,135,1189,307,518,278,421,0
41051010500,273,496,556,94,886,181,315,143,250,0
41051010601,603,572,53,0,404,88,157,0,40,0
41051010602,509,505,64,0,257,252,236,0,103,0
41051980000,0,0,0,0,0,0,0,0,0,0
41053005100,213,367,248,46,590,253,180,69,290,0
41053005203,440,907,761,155,1284,807,550,118,354,77
41053005204,481,465,396,193,693,367,637,98,153,0
41053005205,937,1170,938,190,2055,625,603,147,202,0
41053005206,455,437,201,44,364,331,132,61,168,0
41053005301,1190,1006,826,126,1703,520,691,173,74,0
41053005302,276,213,218,77,452,154,211,215,85,0
41053020202,1232,1004,682,167,1084,855,467,172,547,0
41053020203,314,335,337,140,660,362,197,152,377,0
41053020204,747,502,376,240,870,490,261,208,198,0
41053020303,323,455,551,85,580,666,762,174,247,0
41053020304,880,946,731,343,1180,859,759,175,474,0
41053020305,455,935,982,520,1155,1065,1081,712,590,0
41053020306,248,137,275,78,474,87,92,130,205,0
41053020400,924,721,609,191,1022,482,495,453,355,0
41053020500,956,720,912,106,1200,539,498,535,465,0
41055950100,302,300,203,21,287,130,103,145,124,0
41057960101,559,335,177,36,234,129,193,49,126,0
41057960102,426,192,220,20,163,211,141,133,33,0
41057960200,561,392,362,13,335,218,231,115,181,5
41057960300,375,409,243,28,468,217,202,177,170,0
41057960401,322,391,371,35,633,188,138,152,124,0
41057960402,737,589,477,65,387,536,360,126,287,0
41057960500,279,305,321,24,260,206,202,119,108,0
41057960600,571,332,174,31,417,104,169,97,81,0
41057960700,493,290,336,34,366,338,118,202,78,0
41057960800,460,424,223,95,331,402,234,129,127,0
41057990100,0,0,0,0,0,0,0,0,0,0
41059940000,351,370,229,112,393,321,220,134,135,3
41059950100,656,491,559,24,667,656,245,161,224,0
41059950201,387,467,385,209,455,430,338,159,296,0
41059950202,529,531,149,60,142,279,355,223,249,0
41059950300,345,485,259,59,438,353,196,297,90,0
41059950400,658,376,530,263,788,550,433,116,196,0
41059950500,737,423,738,66,814,609,392,209,154,0
41059950601,417,545,403,96,389,328,331,193,154,0
41059950602,478,360,406,30,563,157,240,44,185,0
41059950700,267,350,300,87,250,306,291,104,247,0
41059950800,699,609,837,13,711,201,319,518,380,0
41059950900,334,630,597,11,582,424,644,412,514,0
41059951000,892,525,673,214,819,435,482,318,434,1
41059951100,558,872,679,233,780,258,553,712,559,0
41059951201,377,578,503,370,662,498,664,523,685,0
41059951202,205,639,609,136,390,473,481,366,418,0
41059951300,357,689,289,101,376,253,371,265,340,0
41059951400,341,280,278,57,401,250,160,60,116,0
41061970100,597,350,374,56,344,269,199,196,251,0
41061970200,481,352,470,70,479,322,372,190,216,0
41061970300,334,284,227,66,350,165,223,160,150,0
41061970400,485,341,354,20,362,305,188,106,154,0
41061970500,445,436,422,63,285,278,280,202,275,0
41061970600,320,638,529,95,784,304,429,186,235,0
41061970700,366,563,238,125,389,592,164,85,208,5
41061970800,701,475,398,104,552,280,351,97,322,0
41063960100,396,338,230,13,437,101,139,81,61,0
41063960200,184,480,164,29,238,157,183,196,119,0
41063960300,569,439,446,88,681,318,318,171,84,0
41065970100,572,553,431,113,756,318,315,216,133,0
41065970200,367,478,261,120,583,289,211,212,177,0
41065970300,301,411,293,105,553,282,192,254,90,0
41065970400,321,506,320,43,466,296,309,216,85,0
41065970500,579,519,253,139,360,280,399,160,267,0
41065970600,411,424,318,97,510,180,257,147,179,0
41065970700,243,197,252,46,332,140,171,304,218,0
41065970800,800,595,372,113,705,211,290,310,194,0
41067030103,382,1156,777,117,1630,313,470,86,467,0
41067030104,345,607,616,127,1335,235,389,101,134,0
41067030105,363,719,432,48,983,279,360,63,171,0
41067030106,402,357,601,75,1621,71,219,22,69,0
41067030200,429,1203,850,177,1881,478,596,116,504,0
41067030300,399,752,626,146,1444,321,459,90,170,0
41067030401,746,879,521,27,974,314,513,99,150,0
41067030402,628,678,768,98,1364,166,849,22,103,0
41067030501,633,922,642,81,1613,351,462,254,143,0
41067030502,331,807,580,55,1471,199,453,143,239,0
41067030600,822,772,828,44,1417,389,373,77,284,0
41067030700,195,306,171,19,354,147,201,72,151,0
41067030801,836,1027,815,301,1662,211,679,260,501,0
41067030803,1359,549,522,193,1056,381,724,170,79,0
41067030805,537,741,450,100,967,266,494,49,165,0
41067030806,169,424,450,82,790,194,324,92,129,0
41067030900,277,1048,835,175,1388,655,883,205,359,0
41067031005,406,873,705,212,1265,351,599,481,178,57
41067031007,212,314,517,85,1010,97,458,61,94,0
41067031008,448,697,489,193,1291,356,467,164,273,0
41067031009,306,583,998,133,1764,162,708,91,120,0
41067031010,496,265,220,86,505,246,164,0,57,0
41067031011,297,680,459,21,690,358,358,364,161,0
41067031012,317,289,542,112,801,497,431,152,175,0
41067031100,292,451,393,128,706,386,341,133,255,0
41067031201,388,514,374,59,675,319,321,280,232,0
41067031202,420,740,656,22,706,505,380,269,248,16
41067031301,296,522,289,54,501,182,379,142,243,16
41067031302,205,946,712,144,1499,468,629,105,345,0
41067031402,179,490,499,120,784,387,357,129,183,9
41067031403,390,946,605,69,1181,187,352,314,204,0
41067031404,641,564,831,283,1449,802,605,138,204,0
41067031504,535,894,1002,278,1366,942,1112,365,369,0
41067031506,252,607,554,66,925,152,467,120,205,0
41067031507,548,859,751,74,1511,289,481,145,213,0
41067031509,341,1789,1417,188,3142,578,765,158,250,17
41067031511,227,417,392,57,848,118,186,37,87,0
41067031514,668,1415,644,155,2036,308,755,22,123,0
41067031515,266,365,831,117,1876,190,329,21,141,0
41067031516,134,511,663,136,1731,173,248,73,88,0
41067031517,240,712,597,133,1386,237,211,108,282,0
41067031518,166,390,411,208,1081,195,322,58,105,0
41067031519,221,1156,868,184,2909,97,245,49,155,0
41067031520,64,646,1061,151,2886,196,369,55,161,0
41067031606,494,655,663,417,1083,682,596,346,468,0
41067031612,209,614,638,192,1108,649,384,362,165,0
41067031614,209,667,631,265,1600,343,425,160,675,0
41067031615,361,712,596,93,972,329,398,219,298,0
41067031616,335,839,460,96,1018,340,453,229,189,0
41067031617,248,962,1147,133,2091,296,842,175,394,0
41067031618,491,837,861,199,1433,287,595,57,509,0
41067031619,259,540,467,214,692,479,343,375,286,0
41067031620,279,715,697,61,1204,248,446,98,194,0
41067031621,315,604,560,184,1133,214,558,60,206,0
41067031622,233,534,501,75,1169,165,202,105,122,0
41067031623,406,475,666,95,1039,246,676,48,482,0
41067031624,264,646,531,242,1109,549,559,190,184,0
41067031625,524,1475,771,224,1732,443,626,178,307,0
41067031626,226,891,452,57,1064,359,602,25,152,0
41067031703,243,496,604,357,814,597,839,439,530,0
41067031705,311,743,612,256,822,600,344,295,382,0
41067031706,395,872,555,253,1131,348,524,209,424,0
41067031707,372,718,676,125,1353,508,558,108,300,0
41067031708,327,278,349,141,364,367,302,166,223,0
41067031804,232,876,881,224,1839,439,620,380,589,0
41067031806,498,757,572,223,1528,460,438,183,236,0
41067031807,570,614,282,128,791,272,378,59,172,0
41067031813,386,931,990,94,1997,243,746,97,176,0
41067031814,194,490,450,228,1219,314,527,40,189,0
41067031816,239,554,545,101,976,147,549,14,150,0
41067031817,168,402,380,176,976,247,359,78,102,0
41067031818,162,833,533,46,1146,141,622,28,376,0
41067031819,117,482,450,57,857,116,480,0,45,0
41067031820,212,574,424,59,979,151,318,64,55,0
41067031821,355,246,490,188,1120,341,580,16,236,0
41067031904,264,274,419,106,812,102,397,99,155,0
41067031909,100,591,1013,243,1873,554,567,123,477,0
41067031911,450,760,738,272,1641,654,877,191,247,0
41067031912,231,560,779,51,1281,316,456,108,183,0
41067031913,152,250,338,112,672,140,187,20,146,0
41067031914,1661,430,492,13,655,92,514,60,202,0
41067031915,147,842,629,105,1550,269,248,77,314,0
41067031916,273,343,721,70,1264,303,348,6,93,0
41067031917,461,353,524,136,1332,186,391,39,275,0
41067031918,277,717,663,82,1374,313,364,77,239,0
41067032001,733,575,812,222,907,729,723,143,235,0
41067032003,350,968,430,96,662,611,462,210,389,0
41067032004,162,342,271,56,418,126,276,147,150,0
41067032005,230,936,809,145,892,741,623,186,516,0
41067032104,271,658,575,272,1336,295,872,116,281,0
41067032107,161,243,203,120,559,295,167,36,91,0
41067032108,278,503,645,87,1339,133,460,73,149,0
41067032109,154,307,438,78,948,141,342,37,45,7
41067032110,99,331,340,37,598,130,214,167,127,0
41067032111,165,291,477,203,993,276,224,108,123,0
41067032112,591,803,1079,171,1509,299,1150,63,355,39
41067032201,184,777,626,97,1366,190,477,91,232,0
41067032202,286,333,637,59,802,91,449,213,111,0
41067032301,132,166,109,80,149,39,121,131,59,0
41067032302,330,644,943,44,2032,230,418,164,244,0
41067032404,600,885,756,320,1488,876,655,473,346,0
41067032407,161,560,852,218,1447,947,610,199,213,0
41067032409,256,597,452,206,431,477,540,286,420,0
41067032410,346,280,418,215,641,546,291,231,260,0
41067032411,278,417,660,122,1022,302,448,175,300,0
41067032412,279,389,645,196,1152,326,469,155,405,0
41067032413,99,312,299,288,844,129,526,42,206,0
41067032414,146,531,885,211,2381,124,335,105,235,0
41067032501,225,420,267,90,430,273,149,93,252,0
41067032502,272,378,307,60,518,127,304,174,159,0
41067032503,336,300,545,142,663,551,381,224,339,0
41067032603,532,728,866,309,1761,400,461,354,374,0
41067032604,601,655,862,249,979,505,761,469,421,0
41067032606,797,841,312,229,995,450,179,341,385,0
41067032608,153,384,419,31,632,117,336,151,107,0
41067032609,70,456,313,90,711,186,177,140,135,0
41067032610,105,320,387,122,533,229,321,127,234,0
41067032611,336,1157,246,73,1046,56,320,122,68,0
41067032612,226,794,289,210,1518,319,428,131,10,0
41067032700,576,919,595,249,1434,205,811,256,209,9
41067032800,102,171,183,29,228,110,81,124,93,0
41067032901,280,836,653,140,1118,613,465,337,609,0
41067032903,238,344,339,62,183,476,213,162,494,0
41067032904,127,400,471,275,641,323,497,450,764,0
41067033000,502,808,619,135,1184,376,623,374,135,0
41067033101,288,403,356,97,811,346,302,144,101,0
41067033102,285,415,436,204,571,370,432,271,527,21
41067033201,700,521,333,62,403,370,199,281,231,0
41067033202,281,314,319,99,596,300,402,93,372,0
41067033301,476,703,777,357,1636,541,623,191,490,0
41067033302,472,650,628,308,1581,478,478,120,259,0
41067033400,289,207,251,106,500,138,194,118,158,0
41067033500,341,556,387,89,865,245,303,210,224,0
41067033600,270,216,308,63,418,112,147,135,182,0
41069960100,319,242,103,22,186,123,95,67,13,0
41071030101,622,938,849,141,1801,316,647,81,136,0
41071030102,718,1115,1295,144,1814,546,1061,413,601,31
41071030201,613,779,403,337,895,901,726,576,442,0
41071030202,367,1061,1011,56,1132,703,704,507,663,0
41071030302,131,299,238,152,453,159,191,84,152,0
41071030303,409,419,485,183,697,405,437,144,187,0
41071030304,473,789,645,267,949,735,591,301,560,0
41071030400,702,754,1144,307,1285,649,489,740,668,0
41071030501,630,552,489,91,835,578,487,217,564,0
41071030502,813,528,379,205,656,709,545,199,301,0
41071030601,546,476,247,89,325,241,334,19,333,0
41071030602,745,1090,456,233,971,306,645,404,331,0
41071030702,1029,668,987,228,1038,820,611,486,507,0
41071030703,643,717,238,108,790,265,274,84,189,0
41071030704,579,451,400,91,843,112,304,274,202,0
41071030801,946,612,411,217,631,476,553,60,538,0
41071030802,322,538,230,148,544,530,348,322,474,0
41071030900,421,508,443,162,625,422,441,182,255,0
41071031000,384,436,491,188,702,333,239,465,358,6
