"TAZ","HHINC1","HHINC2","HHINC3","HHINC4","HHINC5","HHINC6","HHINC7","HHINC8","HHSIZE1","HHSIZE2","HHSIZE3","HHSIZE4","HHWORK0","HHWORK1","HHWORK2","HHWORK3","HHWCHILD","HHWOCHILD"
100,0,0,1,0,4,3,6,0,3,8,3,0,4,6,4,0,1,13
101,0,0,1,0,4,1,7,0,3,8,1,1,4,4,5,0,1,12
102,1,1,10,1,24,14,30,4,20,33,10,22,23,31,26,5,24,61
103,0,0,4,0,13,7,14,1,9,16,3,11,11,13,13,2,12,27
104,0,0,3,0,9,5,11,1,6,11,6,6,8,12,8,1,7,22
105,0,0,1,0,7,2,5,1,3,7,2,4,4,6,5,1,4,12
106,0,0,1,0,5,1,3,0,2,7,0,1,2,6,2,0,1,9
107,0,0,1,0,4,1,7,0,6,5,1,1,5,4,4,0,1,12
108,0,0,0,3,7,0,0,0,0,7,0,3,3,4,3,0,2,8
109,2,2,2,7,6,3,1,1,3,10,6,5,7,9,7,1,3,21
110,1,1,1,2,2,1,1,0,1,4,2,2,2,3,3,1,2,7
111,0,14,14,14,12,14,0,0,14,26,14,14,14,27,27,0,14,54
112,14,15,15,23,21,14,9,5,28,61,12,15,31,41,37,7,25,91
113,46,55,58,89,86,50,37,23,72,220,67,85,117,157,139,31,128,316
114,19,22,22,37,34,19,14,9,43,78,28,27,46,63,56,11,43,133
115,13,16,18,27,28,15,10,7,38,56,21,19,35,48,42,9,36,98
116,23,25,27,42,42,24,17,10,51,91,30,38,55,76,65,14,58,152
117,13,10,7,29,39,14,7,0,50,31,17,21,32,42,37,8,35,84
118,31,25,17,76,96,35,16,0,105,81,53,57,78,104,94,20,103,193
119,12,9,7,27,37,12,6,0,17,41,22,30,28,39,36,7,51,59
120,1,1,12,2,30,16,37,4,11,30,17,45,29,36,32,6,59,44
121,0,0,1,0,3,3,6,0,2,5,0,6,3,4,6,0,5,8
122,0,0,0,1,3,1,1,0,1,2,1,2,2,2,2,0,3,3
123,13,10,7,30,40,14,6,0,21,48,20,31,32,43,37,8,48,72
124,9,5,5,16,20,7,3,0,14,24,15,12,17,23,21,4,28,37
125,21,26,26,43,44,26,18,10,78,74,28,34,58,74,67,15,65,149
126,1,0,1,0,0,0,1,1,2,1,1,0,1,1,2,0,0,4
127,3,0,0,3,7,1,0,0,1,1,9,3,3,7,4,0,8,6
128,0,0,0,0,1,0,1,0,2,0,0,0,1,1,0,0,0,2
129,0,0,1,0,3,1,6,0,1,3,1,6,2,4,3,2,4,7
130,1,1,0,4,3,0,0,0,0,5,3,1,1,4,4,0,5,4
131,4,5,7,9,10,4,3,2,5,17,10,12,12,14,15,3,15,29
132,1,2,1,2,6,1,2,0,3,8,1,3,5,5,5,0,4,11
133,2,1,2,2,4,1,2,0,2,8,1,3,3,5,6,0,4,10
134,1,1,2,1,1,2,3,0,3,5,0,3,2,5,3,1,3,8
135,0,1,2,1,1,2,1,1,2,7,0,0,2,4,3,0,0,9
136,6,7,4,10,7,11,3,2,11,23,6,10,12,20,15,3,13,37
137,14,28,0,36,56,1,5,4,38,43,22,41,31,58,43,12,53,91
138,11,25,1,32,43,8,7,5,31,50,23,28,28,54,39,11,40,92
139,8,20,8,18,34,0,1,3,14,25,20,33,20,37,28,7,49,43
140,19,14,17,17,20,28,7,12,16,38,30,50,33,40,45,16,70,64
141,0,0,0,0,1,0,0,0,0,1,0,0,0,0,1,0,1,0
142,0,0,0,0,0,0,0,0,0,0,0,0,0,0,0,0,0,0
143,0,0,0,0,0,0,0,0,0,0,0,0,0,0,0,0,0,0
144,0,0,0,0,0,0,0,0,0,0,0,0,0,0,0,0,0,0
145,3,4,5,6,4,4,1,0,9,8,4,6,8,9,9,1,5,22
146,2,2,0,0,0,0,0,2,0,4,2,0,0,4,2,0,2,4
147,2,2,2,0,2,0,0,0,0,1,2,5,3,3,2,0,2,6
148,0,6,0,4,1,6,1,4,4,11,4,3,6,9,7,0,7,15
149,1,14,2,5,1,9,3,3,9,15,3,11,11,14,12,1,12,26
150,1,5,1,2,0,3,1,1,3,6,1,4,4,5,4,1,4,10
151,4,5,6,6,7,6,0,0,1,20,5,8,11,13,9,1,8,26
152,0,15,17,0,26,10,11,3,14,30,16,22,21,29,25,7,26,56
153,10,21,12,5,20,9,16,9,17,44,19,22,35,41,23,3,29,73
154,0,9,7,0,15,4,4,1,7,24,2,7,9,16,12,3,8,32
155,2,0,6,1,2,5,0,0,0,9,1,6,3,8,5,0,5,11
156,16,2,32,16,27,22,7,0,17,52,15,38,36,52,31,3,44,78
157,5,8,9,10,9,7,2,0,6,23,11,10,15,19,15,1,9,41
158,0,0,0,0,0,0,0,0,0,0,0,0,0,0,0,0,0,0
159,6,6,8,8,8,8,1,0,3,18,5,19,14,16,14,1,15,30
160,3,4,5,6,5,3,0,0,3,11,4,8,8,8,8,2,10,16
161,5,7,8,9,10,8,1,0,11,15,5,17,15,17,15,1,19,29
162,35,41,55,57,53,44,8,0,87,109,47,50,92,98,92,11,64,229
163,15,15,24,19,51,30,9,8,29,60,41,41,54,57,53,7,56,115
164,1,0,1,0,2,2,0,0,1,1,2,2,2,2,2,0,2,4
165,5,4,5,5,13,7,2,2,7,15,12,9,13,15,13,2,13,30
166,20,19,27,24,60,40,12,8,27,79,49,55,64,73,66,7,80,130
167,0,0,3,0,2,3,0,0,0,5,0,3,3,0,5,0,0,8
168,0,0,0,0,2,0,0,0,0,2,0,0,1,0,1,0,0,2
169,1,2,1,2,1,1,1,0,2,3,2,2,2,3,3,1,3,6
170,2,5,3,9,12,4,2,0,4,19,4,10,9,10,15,3,15,22
171,8,20,13,30,34,15,4,0,32,41,22,29,31,37,43,13,31,93
172,0,2,2,2,1,1,1,0,2,3,2,2,2,2,4,1,4,5
173,16,11,16,12,15,22,6,8,19,35,14,38,27,32,36,11,38,68
174,6,3,4,4,4,7,1,2,5,11,4,11,9,9,10,3,8,23
175,9,6,9,8,10,14,4,5,6,28,16,15,16,20,22,7,15,50
176,17,11,17,12,17,26,6,9,21,49,18,27,30,35,39,11,33,82
177,3,2,5,2,0,5,0,0,3,6,3,5,5,5,5,2,5,12
178,2,0,2,0,1,7,0,0,0,7,2,3,3,6,3,0,3,9
179,1,1,0,2,3,4,7,0,5,8,1,4,4,8,5,1,5,13
180,0,0,0,0,3,0,4,0,0,4,0,3,1,3,3,0,3,4
181,0,0,0,0,0,0,0,0,0,0,0,0,0,0,0,0,0,0
182,0,1,1,2,1,1,0,0,0,3,0,3,1,2,3,0,3,3
183,1,1,0,2,2,4,0,0,2,5,1,2,3,5,2,0,3,7
184,1,2,1,1,0,3,1,0,1,2,1,5,2,4,3,0,4,5
185,4,6,2,7,4,13,6,3,3,18,6,18,9,20,13,3,18,27
186,3,5,1,6,4,8,3,1,6,11,3,11,6,14,9,2,11,20
187,0,0,0,0,0,0,0,0,0,0,0,0,0,0,0,0,0,0
188,6,10,8,16,21,13,28,6,16,57,17,18,25,45,31,7,21,87
189,0,12,61,35,23,24,12,0,35,24,48,60,35,72,60,0,72,95
18904,0,0,1,1,1,0,0,0,1,0,1,1,1,1,1,0,1,2
190,0,1,2,2,2,1,1,0,2,2,2,3,2,4,3,0,3,6
191,0,1,1,3,0,0,0,0,0,3,1,1,1,1,3,0,1,4
192,0,0,1,4,2,1,1,1,0,6,1,3,4,3,3,0,2,8
193,0,0,2,2,3,2,0,1,0,5,3,2,4,4,2,0,3,7
194,0,0,2,0,0,0,0,0,0,0,2,0,0,0,2,0,0,2
195,32,38,95,122,106,64,30,24,129,192,87,103,134,223,141,13,185,326
196,0,0,8,3,4,3,0,0,0,6,6,6,3,9,6,0,9,9
197,22,27,67,84,74,44,21,17,68,111,84,93,94,153,100,9,151,205
198,23,29,73,87,78,47,22,18,59,136,72,110,99,164,106,8,159,218
199,6,7,20,24,24,13,5,4,38,39,15,11,26,46,29,2,28,75
200,0,0,0,0,0,0,0,0,0,0,0,0,0,0,0,0,0,0
201,0,0,0,0,0,0,0,0,0,0,0,0,0,0,0,0,0,0
202,0,0,0,0,0,0,0,0,0,0,0,0,0,0,0,0,0,0
203,0,0,0,0,0,0,0,0,0,0,0,0,0,0,0,0,0,0
204,0,0,0,0,0,0,0,0,0,0,0,0,0,0,0,0,0,0
205,0,0,1,2,0,0,0,1,1,1,1,1,1,2,1,0,2,2
206,0,0,0,0,0,0,0,0,0,0,0,0,0,0,0,0,0,0
207,0,0,0,0,0,0,0,0,0,0,0,0,0,0,0,0,0,0
208,0,0,0,0,0,0,0,0,0,0,0,0,0,0,0,0,0,0
209,0,0,0,0,0,0,0,0,0,0,0,0,0,0,0,0,0,0
210,0,0,12,37,1,0,0,11,17,24,11,9,15,29,16,1,12,49
211,0,0,3,9,0,0,0,2,4,5,2,3,4,6,4,0,3,11
212,0,0,0,0,0,0,0,0,0,0,0,0,0,0,0,0,0,0
213,0,0,1,5,0,0,0,0,4,1,1,0,1,4,1,0,0,6
214,6,4,6,4,11,10,2,2,16,11,8,10,14,13,18,0,16,29
215,18,19,24,22,57,34,11,8,32,77,31,53,60,66,60,7,67,126
216,1,0,0,1,2,1,0,0,0,2,2,1,2,2,1,0,2,3
217,0,0,0,0,0,0,0,0,0,0,0,0,0,0,0,0,0,0
218,0,0,0,0,0,0,0,0,0,0,0,0,0,0,0,0,0,0
219,0,0,0,0,0,0,0,0,0,0,0,0,0,0,0,0,0,0
220,0,0,0,0,0,0,0,0,0,0,0,0,0,0,0,0,0,0
221,3,3,5,4,11,6,1,1,9,12,5,8,11,12,10,1,13,21
222,61,62,89,80,193,70,21,19,119,193,120,163,188,204,186,17,272,323
223,27,4,17,16,55,46,23,4,21,75,35,61,61,67,59,5,72,120
224,18,2,12,10,32,30,14,2,25,41,19,35,38,41,38,3,47,73
225,0,0,0,0,0,0,0,0,0,0,0,0,0,0,0,0,0,0
226,5,0,3,2,9,7,4,0,6,7,8,9,10,10,10,0,15,15
227,2,0,2,2,10,5,2,0,3,7,7,6,7,8,8,0,10,13
228,16,2,10,9,35,26,14,2,26,44,21,23,37,38,36,3,39,75
229,59,130,139,68,96,60,9,0,217,245,42,57,177,192,176,16,84,477
230,0,0,0,0,0,0,0,0,0,0,0,0,0,0,0,0,0,0
231,0,0,0,0,0,0,0,0,0,0,0,0,0,0,0,0,0,0
232,31,8,71,26,62,36,45,4,100,88,50,45,89,96,90,8,78,205
233,3,1,16,3,4,0,7,0,22,6,3,3,11,12,10,1,6,28
234,1,0,1,2,0,0,0,0,2,1,1,0,1,2,1,0,1,3
235,3,11,5,10,15,5,2,0,14,17,9,11,15,23,12,1,17,34
236,6,19,9,16,30,10,4,0,21,38,22,13,29,38,25,2,33,61
237,1,2,2,7,1,0,0,0,4,3,5,1,4,7,2,0,5,8
238,3,5,5,14,0,0,0,0,14,6,5,2,8,11,8,0,6,21
239,8,20,12,29,16,6,3,0,21,28,17,28,29,39,24,2,43,51
240,20,25,29,76,0,0,0,0,38,43,36,33,45,62,40,3,82,68
241,0,0,0,0,0,0,0,0,0,0,0,0,0,0,0,0,0,0
242,0,0,0,0,0,0,0,0,0,0,0,0,0,0,0,0,0,0
243,24,3,50,25,45,32,12,0,30,56,39,66,57,79,50,5,85,106
244,18,2,42,19,35,26,9,0,15,52,29,55,45,63,39,4,66,85
245,6,20,9,17,27,9,5,0,20,33,13,27,27,38,25,3,37,56
246,5,17,7,13,22,10,3,0,17,34,10,16,23,32,20,2,24,53
247,7,5,15,8,17,10,4,0,26,20,7,13,19,26,18,3,22,44
248,0,0,0,0,0,0,0,0,0,0,0,0,0,0,0,0,0,0
249,28,3,57,28,49,37,14,0,47,68,39,62,65,90,55,6,91,125
250,36,4,75,34,66,48,17,0,54,120,36,70,83,117,72,8,86,194
251,50,53,7,33,16,72,43,12,109,98,26,53,74,101,83,28,71,215
252,18,21,3,12,5,25,16,4,12,39,14,39,27,36,31,10,46,58
253,22,23,3,16,6,29,18,5,49,35,17,21,31,42,37,12,32,90
254,61,62,10,41,17,80,49,15,61,115,60,99,85,117,100,33,130,205
255,0,0,0,0,0,0,0,0,0,0,0,0,0,0,0,0,0,0
256,28,24,44,30,88,76,60,21,86,126,67,92,94,130,111,36,149,222
257,10,9,18,11,35,28,22,8,19,27,38,57,36,49,43,13,91,50
258,14,13,24,16,46,41,32,11,45,67,36,49,50,69,59,19,79,118
259,32,25,51,34,96,84,64,22,62,167,69,110,102,143,122,41,141,267
260,31,34,5,19,7,43,25,8,19,69,23,61,43,60,52,17,71,101
261,0,2,1,0,4,1,1,0,1,6,1,1,2,5,2,0,2,7
262,0,4,5,0,6,2,2,1,2,14,0,4,5,7,6,2,4,16
263,0,7,8,0,13,4,4,1,7,23,0,7,10,12,12,3,7,30
264,0,4,4,0,5,2,3,2,4,9,2,5,5,7,6,2,6,14
265,2,0,5,6,8,9,11,11,11,27,4,10,13,19,16,4,12,40
266,7,16,7,3,15,5,10,6,13,37,3,16,24,28,15,2,17,52
267,2,3,3,0,5,2,3,2,5,8,0,7,10,7,3,0,5,15
268,3,6,2,1,9,2,4,3,4,16,5,5,11,12,6,1,9,21
269,14,24,20,22,19,0,22,10,15,72,23,21,61,40,27,3,29,102
270,2,2,2,4,3,1,2,4,2,10,1,7,7,7,5,1,7,13
271,0,0,2,0,0,0,2,0,0,0,0,4,2,2,0,0,2,2
272,3,0,6,12,11,17,23,20,12,37,16,27,24,31,28,9,31,61
273,1,0,1,3,2,3,5,4,3,9,2,5,5,7,5,2,4,15
274,2,0,4,11,8,13,15,15,7,46,5,10,17,24,21,6,14,54
275,2,0,4,8,9,13,17,14,8,40,8,11,17,23,21,6,14,53
276,0,0,0,0,1,2,3,5,0,8,0,3,2,4,5,0,3,8
277,1,0,2,4,3,6,7,7,2,15,3,10,8,12,8,2,10,20
278,0,0,0,0,1,0,0,0,0,1,0,0,0,1,0,0,0,1
279,0,0,1,0,1,2,1,0,1,2,1,1,1,2,2,0,1,4
280,0,0,0,0,0,0,0,0,0,0,0,0,0,0,0,0,0,0
281,0,0,0,0,1,0,0,0,0,1,0,0,0,1,0,0,0,1
282,0,0,0,0,0,0,0,0,0,0,0,0,0,0,0,0,0,0
283,0,0,0,0,0,0,0,0,0,0,0,0,0,0,0,0,0,0
284,0,0,0,0,0,0,0,0,0,0,0,0,0,0,0,0,0,0
285,0,0,0,0,0,0,0,0,0,0,0,0,0,0,0,0,0,0
286,34,26,53,35,97,85,64,23,56,143,94,124,107,143,126,41,189,228
287,4,1,4,2,8,6,5,2,5,15,2,10,7,12,11,2,10,22
288,0,1,0,0,0,0,0,0,0,1,0,0,1,0,0,0,0,1
289,0,1,0,0,0,0,0,0,0,1,0,0,1,0,0,0,0,1
290,1,0,2,1,2,4,2,0,0,5,5,2,2,5,4,1,6,6
291,0,1,1,0,0,0,0,0,0,0,1,1,1,0,1,0,0,2
292,18,8,13,11,13,6,2,2,13,34,15,11,22,32,18,1,12,61
293,30,13,23,17,18,9,4,3,18,54,20,25,37,51,28,1,31,86
294,0,0,0,0,3,0,0,0,0,2,1,0,0,2,1,0,1,2
295,75,32,55,44,46,25,12,9,80,111,44,63,94,129,71,4,92,206
296,0,0,0,0,1,0,0,0,0,1,0,0,0,0,1,0,0,1
297,48,19,38,29,19,10,0,0,67,38,10,48,48,77,38,0,58,105
298,4,1,6,4,4,1,0,0,3,8,3,6,7,9,4,0,10,10
299,95,61,46,65,53,38,5,2,67,124,65,109,103,142,105,15,167,198
300,60,28,45,38,40,21,10,6,97,81,26,44,76,110,58,4,55,193
301,61,28,46,37,38,22,9,7,82,80,39,47,79,107,59,3,69,179
302,4,1,3,2,1,2,0,0,6,2,2,3,5,5,3,0,4,9
303,0,0,0,0,0,0,0,0,0,0,0,0,0,0,0,0,0,0
304,101,45,41,50,23,17,4,0,70,64,54,93,89,97,85,10,130,151
305,4,3,3,2,0,0,0,0,1,5,3,3,5,4,3,0,4,8
306,36,15,13,18,8,6,1,0,24,37,15,21,30,35,29,3,31,66
307,16,18,7,16,16,14,0,0,17,20,18,32,18,31,31,7,45,42
308,34,33,17,29,23,18,1,0,48,45,23,39,33,54,55,13,57,98
309,25,17,18,16,7,2,1,0,22,25,16,23,18,30,31,7,33,53
310,6,6,2,3,3,1,1,0,11,5,2,4,8,7,6,1,6,16
311,59,49,31,40,29,11,10,0,71,60,38,60,58,80,76,15,93,136
312,41,52,16,33,43,10,15,0,51,66,36,57,67,74,62,7,78,132
313,3,3,0,1,1,0,0,0,3,3,1,1,5,3,0,0,0,8
314,7,6,0,3,0,0,0,1,5,9,1,2,7,7,3,0,2,15
315,8,10,3,5,7,2,3,0,16,11,5,6,13,13,11,1,9,29
316,13,18,5,10,16,3,5,0,41,13,7,9,22,25,21,2,14,56
317,14,14,4,9,14,3,4,0,29,19,10,4,19,22,19,2,13,49
318,3,1,0,3,2,1,0,0,5,4,1,0,3,3,4,0,1,9
319,0,0,0,0,0,0,0,0,0,0,0,0,0,0,0,0,0,0
320,0,0,0,0,0,0,0,0,0,0,0,0,0,0,0,0,0,0
321,12,6,0,7,0,0,0,1,17,8,1,0,10,10,6,0,4,22
322,41,24,3,26,0,0,0,8,87,14,0,1,45,45,11,1,2,100
323,0,0,0,0,0,0,0,0,0,0,0,0,0,0,0,0,0,0
324,0,0,0,0,0,0,0,0,0,0,0,0,0,0,0,0,0,0
325,0,0,0,0,0,0,0,0,0,0,0,0,0,0,0,0,0,0
326,0,0,0,0,0,0,0,0,0,0,0,0,0,0,0,0,0,0
327,0,0,0,0,0,0,0,0,0,0,0,0,0,0,0,0,0,0
328,0,0,0,0,0,0,0,0,0,0,0,0,0,0,0,0,0,0
329,14,8,0,7,0,0,0,2,27,4,0,0,14,14,3,0,0,31
330,1,1,0,0,0,0,0,1,0,2,0,1,1,2,0,0,1,2
331,10,2,2,2,1,0,0,0,7,7,2,1,7,8,1,1,5,12
332,0,0,0,0,0,0,0,0,0,0,0,0,0,0,0,0,0,0
333,43,9,15,3,4,0,3,0,22,23,15,17,35,33,7,2,31,46
334,27,9,7,6,0,0,2,2,23,18,8,4,24,22,5,2,14,39
335,8,1,2,0,1,0,0,0,4,4,2,2,5,6,1,0,3,9
336,58,15,23,4,6,0,5,0,43,19,27,22,50,47,11,3,39,72
337,87,20,32,6,7,0,7,0,44,45,26,44,70,66,18,5,64,95
338,35,7,12,2,1,0,2,0,17,11,7,24,26,26,5,2,23,36
339,1,0,1,0,1,0,0,0,1,2,0,0,2,1,0,0,1,2
340,0,0,0,0,0,0,0,0,0,0,0,0,0,0,0,0,0,0
341,1,1,1,1,1,1,1,0,2,3,1,1,3,2,2,0,2,5
342,0,0,0,0,0,0,0,0,0,0,0,0,0,0,0,0,0,0
343,50,30,10,20,17,3,0,0,50,42,18,20,40,50,35,5,37,93
344,0,0,0,0,0,0,0,0,0,0,0,0,0,0,0,0,0,0
345,2,3,0,0,0,0,0,0,2,2,1,0,1,3,1,0,0,5
346,71,46,16,29,25,4,0,0,75,59,27,30,58,74,52,7,57,134
347,162,104,48,71,72,19,8,0,219,148,55,62,144,184,136,20,103,381
348,142,89,33,57,45,9,0,0,147,115,49,64,113,142,105,15,108,267
349,36,21,9,13,12,2,0,0,34,29,12,18,27,37,26,3,43,50
350,33,23,27,22,42,15,13,1,30,49,32,65,52,69,48,7,80,96
351,18,14,24,14,27,12,8,0,24,37,24,32,34,45,34,4,56,61
352,5,5,6,4,9,4,2,0,7,11,8,9,10,14,9,2,17,18
353,9,7,8,6,13,4,4,0,13,17,9,12,17,19,14,1,20,31
354,20,14,20,14,28,10,8,1,34,28,20,33,34,45,32,4,60,55
355,31,22,28,22,43,15,14,1,43,57,19,57,52,69,48,7,65,111
356,28,23,28,21,40,16,12,1,32,57,30,50,51,64,47,7,71,98
357,34,26,32,28,50,17,15,1,44,70,32,57,60,76,58,9,75,128
358,27,15,31,35,96,30,11,12,39,81,52,85,82,89,80,6,109,148
359,57,38,13,22,19,4,0,0,29,37,32,55,45,57,44,7,94,59
360,0,0,0,0,0,0,0,1,0,0,1,0,0,1,0,0,0,1
361,0,0,0,0,0,0,0,0,0,0,0,0,0,0,0,0,0,0
362,0,0,0,0,0,0,0,0,0,0,0,0,0,0,0,0,0,0
363,0,0,0,0,0,0,0,0,0,0,0,0,0,0,0,0,0,0
364,0,0,0,0,0,0,0,0,0,0,0,0,0,0,0,0,0,0
365,16,68,44,88,48,29,3,5,163,85,28,25,101,123,71,6,57,244
366,61,34,41,76,69,14,23,0,184,84,38,12,88,147,79,4,49,269
367,22,13,15,27,24,5,9,0,43,44,11,17,32,54,28,1,24,91
368,9,35,21,46,24,15,2,2,105,27,9,13,51,63,37,3,18,136
369,0,0,0,0,0,0,0,0,0,0,0,0,0,0,0,0,0,0
370,7,28,18,36,20,12,1,2,60,30,16,18,43,50,29,2,26,98
371,3,14,10,20,11,6,1,0,25,22,15,3,23,26,15,1,22,43
372,1,4,7,11,6,4,1,1,6,17,5,7,12,15,8,0,15,20
373,13,53,79,106,54,50,11,19,79,122,81,103,128,158,91,8,150,235
374,2,11,7,16,10,4,0,0,4,21,8,17,17,21,12,0,17,33
375,2,10,7,13,7,3,0,0,9,12,8,13,14,17,11,0,21,21
376,55,31,36,68,61,12,21,0,48,100,58,78,79,132,70,3,112,172
377,21,11,13,25,25,4,11,0,21,30,20,39,30,53,26,1,47,63
378,5,2,3,1,0,2,2,0,3,9,0,3,7,5,3,0,8,7
379,98,40,71,51,49,11,4,0,190,71,30,33,161,89,66,8,75,249
380,135,58,34,34,19,32,10,0,230,50,21,21,161,89,64,8,37,285
381,34,14,27,16,15,4,1,0,49,27,22,13,54,32,23,2,33,78
382,0,0,0,0,0,0,0,0,0,0,0,0,0,0,0,0,0,0
383,0,2,0,0,0,0,0,0,0,1,0,1,0,0,2,0,1,1
384,28,16,38,24,11,6,0,6,67,39,14,9,37,46,46,0,23,106
385,21,24,27,35,19,22,21,17,50,75,30,31,53,65,68,0,56,130
386,5,5,32,8,47,22,26,13,43,54,25,36,51,50,51,6,51,107
387,72,70,30,35,192,10,13,7,108,167,69,85,215,117,86,11,123,306
388,94,38,68,45,48,11,4,0,89,100,51,68,153,84,63,8,121,187
389,206,89,51,50,29,48,15,0,194,139,67,88,244,133,98,13,188,300
390,80,34,19,19,12,18,5,0,89,51,28,19,94,52,37,4,46,141
391,45,43,18,20,120,5,9,4,42,94,45,83,132,75,52,5,108,156
392,7,25,24,38,18,25,3,0,32,61,17,30,40,65,34,1,42,98
393,11,36,35,55,28,36,6,0,44,71,34,58,57,98,50,2,64,143
394,29,97,100,148,75,103,18,0,161,205,100,104,157,265,141,7,224,346
395,2,5,5,8,4,6,1,0,8,13,4,6,9,15,7,0,8,23
396,15,60,86,114,58,54,13,21,96,147,68,110,140,171,102,8,158,263
397,8,29,45,58,29,27,6,10,54,72,39,47,71,86,51,4,76,136
398,12,31,32,53,62,69,31,12,48,119,56,79,94,103,85,20,96,206
399,28,57,39,83,147,174,93,26,105,291,80,171,188,201,200,58,195,452
400,3,7,7,13,24,26,15,7,16,46,9,31,31,30,32,9,36,66
401,3,9,22,26,39,40,36,28,28,88,33,54,60,62,63,18,67,136
402,4,16,37,44,61,64,56,46,39,150,55,84,96,101,102,29,117,211
403,5,17,45,51,72,75,66,56,72,161,55,99,114,119,119,35,131,256
404,6,0,20,20,23,16,13,0,14,49,13,22,35,31,29,3,37,61
405,13,0,38,45,54,34,27,0,38,97,38,38,75,65,63,8,70,141
406,35,27,43,58,79,63,30,32,87,148,56,76,129,114,110,14,110,257
407,63,47,79,105,139,112,55,59,159,298,91,111,232,206,196,25,165,494
408,1,0,1,3,0,2,1,2,2,5,1,2,4,3,3,0,2,8
409,13,9,15,20,26,24,11,13,21,65,18,27,47,42,38,4,32,99
410,7,7,9,14,18,14,7,7,27,36,8,12,29,27,24,3,17,66
411,0,0,0,0,9,0,28,9,0,19,9,18,9,28,9,0,18,28
412,0,0,0,0,3,0,9,0,0,0,9,3,6,3,3,0,9,3
413,35,82,35,106,202,129,355,58,108,431,178,285,216,413,291,82,377,625
414,0,0,0,0,0,0,0,0,0,0,0,0,0,0,0,0,0,0
415,6,9,3,10,7,17,4,3,4,34,9,12,13,25,17,4,17,42
416,1,2,3,0,2,2,2,1,2,3,1,7,6,5,2,0,6,7
417,0,0,2,1,4,1,0,1,0,7,2,0,4,4,1,0,1,8
418,3,3,9,3,13,5,4,5,3,30,9,3,16,20,8,1,7,38
419,0,0,0,1,0,0,0,1,0,1,0,1,1,0,1,0,0,2
420,2,0,0,0,0,0,0,0,0,0,0,2,2,0,0,0,2,0
421,12,59,22,34,76,44,34,24,63,105,59,78,176,68,61,0,124,181
422,0,3,1,3,4,1,1,3,0,9,0,7,10,3,3,0,7,9
423,28,0,5,32,45,60,76,143,25,157,44,163,127,124,124,14,182,207
424,32,0,7,39,52,71,89,155,64,215,59,107,141,143,144,17,132,313
425,22,4,2,12,28,5,23,12,33,57,8,10,34,35,35,4,17,91
426,35,5,4,22,48,10,43,22,32,119,16,22,60,60,62,7,26,163
427,46,48,22,73,87,64,111,53,161,211,52,80,162,161,162,19,102,402
428,36,8,4,26,49,13,44,23,33,78,42,50,64,64,67,8,76,127
429,0,0,0,0,0,0,0,0,0,0,0,0,0,0,0,0,0,0
430,18,19,9,30,35,26,44,21,25,73,38,66,64,63,67,8,105,97
431,29,5,3,20,40,8,36,18,33,73,32,21,50,51,52,6,44,115
432,10,10,68,17,84,42,52,25,81,122,48,57,98,99,98,13,82,226
433,1,2,13,3,15,8,9,4,12,23,12,8,18,17,18,2,16,39
434,48,54,66,88,50,55,49,43,145,179,61,68,133,158,161,1,127,326
435,87,64,122,96,54,40,23,33,222,166,58,73,150,180,187,2,127,392
436,28,16,39,23,12,5,0,5,54,32,26,16,37,40,47,4,35,93
437,1,1,1,3,1,2,1,1,1,4,1,5,3,5,3,0,6,5
438,3,2,3,5,5,3,2,3,9,6,8,3,7,8,11,0,8,18
439,9,10,59,16,79,39,47,22,73,88,57,63,91,90,90,10,114,167
440,67,102,14,57,31,30,62,9,145,124,40,63,215,84,72,1,95,277
441,7,9,1,5,3,3,6,1,28,6,1,0,21,8,6,0,1,34
442,75,69,65,56,83,67,47,51,257,138,56,62,297,114,100,2,112,401
443,0,0,0,0,0,0,0,2,0,0,2,0,0,2,0,0,2,0
444,0,0,0,0,0,0,0,0,0,0,0,0,0,0,0,0,0,0
445,8,40,16,23,43,29,23,17,86,92,10,11,115,44,39,1,17,182
446,28,82,25,45,69,48,49,25,132,207,17,15,213,84,71,3,22,349
447,1,0,0,0,1,0,0,0,0,1,0,1,1,1,0,0,1,1
448,0,0,0,2,0,0,0,0,0,0,0,2,0,0,2,0,2,0
449,2,2,4,6,3,2,0,0,4,3,4,8,8,5,6,0,6,13
450,1,0,0,1,3,0,0,0,2,0,1,2,1,1,3,0,1,4
451,1,1,2,3,1,1,0,0,4,3,0,2,2,3,4,0,2,7
452,0,0,0,0,1,0,0,0,0,1,0,0,0,1,0,0,0,1
453,169,161,161,111,37,19,0,0,226,289,97,46,423,111,101,23,101,557
454,9,7,7,6,1,0,0,0,10,11,5,4,20,5,4,1,5,25
455,0,0,0,0,0,0,0,0,0,0,0,0,0,0,0,0,0,0
456,0,0,0,0,0,0,0,0,0,0,0,0,0,0,0,0,0,0
457,0,0,0,0,0,0,0,0,0,0,0,0,0,0,0,0,0,0
458,0,0,0,0,0,0,0,0,0,0,0,0,0,0,0,0,0,0
459,0,0,0,0,0,0,0,0,0,0,0,0,0,0,0,0,0,0
460,0,0,0,1,0,0,0,0,0,0,1,0,0,0,1,0,1,0
461,5,5,4,9,3,3,0,0,9,11,4,5,8,14,6,1,10,19
462,3,3,1,4,1,1,0,0,3,3,3,4,4,6,3,0,6,7
463,0,0,0,0,0,0,0,0,0,0,0,0,0,0,0,0,0,0
464,0,0,0,0,0,0,0,0,0,0,0,0,0,0,0,0,0,0
465,0,0,0,0,0,0,0,0,0,0,0,0,0,0,0,0,0,0
466,0,0,0,0,0,0,0,0,0,0,0,0,0,0,0,0,0,0
467,0,0,0,0,0,0,0,0,0,0,0,0,0,0,0,0,0,0
468,28,14,1,15,0,0,0,4,23,18,3,18,26,29,6,1,21,41
469,0,0,0,0,0,0,0,0,0,0,0,0,0,0,0,0,0,0
470,1,1,0,0,0,0,0,0,1,1,0,0,1,1,0,0,0,2
471,0,0,0,0,0,0,0,0,0,0,0,0,0,0,0,0,0,0
472,0,0,0,0,0,0,0,0,0,0,0,0,0,0,0,0,0,0
473,10,6,3,4,9,2,1,0,7,11,11,6,12,12,10,1,16,19
474,16,10,6,10,9,2,1,1,9,19,9,18,18,21,14,2,24,31
475,25,18,13,14,28,4,4,0,40,30,17,19,33,38,32,3,32,74
476,14,9,7,7,13,1,1,0,13,13,12,14,16,19,16,1,25,27
477,0,0,0,0,1,0,0,0,1,0,0,0,0,1,0,0,0,1
478,7,4,0,3,0,0,0,1,5,5,4,1,8,6,1,0,6,9
479,0,0,0,0,0,0,0,0,0,0,0,0,0,0,0,0,0,0
480,0,0,0,0,0,0,0,0,0,0,0,0,0,0,0,0,0,0
481,0,0,0,0,0,0,0,0,0,0,0,0,0,0,0,0,0,0
482,0,0,0,0,0,0,0,0,0,0,0,0,0,0,0,0,0,0
483,0,0,0,0,0,0,0,0,0,0,0,0,0,0,0,0,0,0
484,0,0,0,0,0,0,0,0,0,0,0,0,0,0,0,0,0,0
485,0,0,0,0,0,0,0,0,0,0,0,0,0,0,0,0,0,0
486,0,0,0,0,0,0,0,0,0,0,0,0,0,0,0,0,0,0
487,5,2,3,2,3,0,0,0,9,2,2,2,3,6,5,1,4,11
488,40,33,18,31,22,17,1,0,59,39,28,36,34,56,58,14,58,104
489,25,39,29,34,15,7,1,1,48,52,26,25,33,52,53,13,45,106
490,8,7,7,5,1,0,0,0,5,8,8,7,5,9,12,2,12,16
491,4,3,3,1,5,0,0,0,3,8,1,4,4,5,7,0,7,9
492,3,23,14,14,8,3,0,1,20,16,7,23,14,23,23,6,36,30
493,2,20,12,14,10,3,0,1,23,21,9,9,12,23,23,4,13,49
494,25,87,50,78,44,15,4,7,56,87,60,107,72,119,98,21,149,161
495,6,17,14,16,9,7,1,1,21,26,11,13,17,27,23,4,25,46
496,2,2,4,4,1,4,0,0,8,2,3,4,5,7,5,0,3,14
497,15,17,27,23,14,14,7,0,35,28,19,35,35,51,28,3,50,67
498,13,30,30,29,15,14,5,1,38,40,28,31,38,55,38,6,52,85
499,42,29,20,23,44,6,6,0,53,65,20,32,53,62,49,6,49,121
500,10,7,5,7,15,1,1,0,10,17,6,13,15,15,15,1,15,31
501,4,7,2,7,3,2,0,0,9,4,8,4,7,12,5,1,11,14
502,33,32,19,52,28,16,3,0,49,62,33,39,52,80,46,5,58,125
503,20,22,11,34,15,10,2,0,26,37,21,30,34,49,28,3,46,68
504,17,18,14,31,13,10,2,0,34,29,24,18,30,45,27,3,41,64
505,15,16,29,25,12,14,6,0,25,33,26,33,33,52,29,3,50,67
506,14,17,26,24,11,13,6,0,22,41,18,30,32,49,27,3,45,66
507,25,27,15,41,33,6,8,2,43,56,23,35,45,68,40,4,50,107
508,37,29,19,45,16,40,4,0,43,67,38,42,52,59,75,4,63,127
509,15,12,7,18,5,18,1,0,15,29,13,19,21,25,29,1,27,49
510,5,6,7,20,14,9,1,0,13,22,13,14,18,20,23,1,18,44
511,8,10,13,29,22,13,1,1,20,35,16,26,27,31,37,2,32,65
512,12,16,19,42,34,18,2,2,32,49,28,36,38,47,57,3,54,91
513,5,8,8,20,17,8,1,0,16,22,10,19,19,22,25,1,22,45
514,36,28,18,43,17,35,3,0,35,69,24,52,49,58,70,3,62,118
515,55,41,27,64,24,51,5,0,72,82,45,68,73,83,105,6,106,161
516,20,23,30,15,69,59,11,14,52,98,39,52,66,77,93,5,82,159
517,13,15,17,9,43,38,7,8,25,48,31,46,41,48,58,3,69,81
518,29,31,37,83,72,35,5,4,67,115,42,72,82,95,113,6,95,201
519,7,10,13,24,19,11,1,1,19,33,13,21,23,27,33,3,29,57
520,0,0,0,0,0,0,0,0,0,0,0,0,0,0,0,0,0,0
521,0,0,0,0,0,0,0,0,0,0,0,0,0,0,0,0,0,0
522,0,0,1,2,0,0,0,0,2,1,0,0,0,2,1,0,1,2
523,1,1,3,11,4,1,0,0,5,12,1,3,5,7,9,0,5,16
524,14,17,20,10,47,45,8,10,26,60,36,49,48,53,66,4,73,98
525,4,4,4,2,12,12,2,2,8,20,2,12,12,14,16,0,14,28
526,8,8,11,4,28,21,4,4,18,30,21,19,24,28,34,2,29,59
527,0,0,1,0,1,4,0,0,0,3,1,2,2,2,2,0,2,4
528,0,1,3,0,4,5,1,0,2,11,1,0,3,5,6,0,0,14
529,0,8,20,3,30,31,14,2,20,46,22,20,29,34,43,2,34,74
530,0,10,23,5,35,36,16,3,19,53,20,36,34,41,50,3,51,77
531,16,20,23,11,58,48,9,11,17,89,29,61,53,62,77,4,74,122
532,0,1,7,0,10,10,6,0,1,14,7,12,10,11,13,0,15,19
533,0,3,6,1,11,13,8,0,10,18,5,9,11,16,15,0,15,27
534,0,0,2,1,4,4,1,0,0,6,2,4,4,4,4,0,3,9
535,0,0,0,0,0,1,1,0,0,0,0,2,0,2,0,0,1,1
536,0,5,13,2,19,19,7,1,13,21,18,14,18,22,25,1,28,38
537,0,4,10,2,16,14,6,2,13,18,7,16,14,18,21,1,24,30
538,0,25,56,13,90,87,39,7,56,122,49,90,88,100,122,7,159,158
539,32,26,17,39,15,33,2,0,47,51,30,36,46,52,63,3,54,110
540,43,33,20,49,20,42,4,0,42,78,39,52,57,66,83,5,88,123
541,21,24,15,38,31,4,7,2,35,44,17,46,41,62,35,4,54,88
542,28,33,20,54,41,6,11,3,31,51,31,83,59,85,47,5,97,99
543,44,61,26,56,54,42,12,5,51,102,61,86,78,118,88,16,114,186
544,7,23,17,27,25,12,16,8,28,50,27,30,42,58,34,1,47,88
545,1,3,2,3,2,1,2,1,3,6,1,5,5,7,3,0,5,10
546,0,1,1,1,2,0,1,0,2,1,1,2,2,3,1,0,2,4
547,4,11,9,16,15,7,7,5,20,24,11,19,22,35,17,0,22,52
548,3,11,8,14,10,3,6,3,19,19,6,14,17,27,14,0,17,41
549,2,0,0,0,0,0,0,0,1,1,0,0,1,1,0,0,0,2
550,3,11,9,11,13,6,8,3,12,29,9,14,20,30,14,0,19,45
551,1,3,2,3,6,1,3,1,6,9,2,3,7,9,4,0,4,16
552,0,2,2,3,1,1,2,0,4,3,1,3,5,4,2,0,3,8
553,0,3,3,4,2,3,1,1,7,6,3,1,7,6,4,0,3,14
554,3,9,8,9,9,5,7,3,25,17,5,6,16,24,13,0,9,44
555,0,6,2,3,1,0,0,0,3,4,3,2,5,4,3,0,4,8
556,1,5,3,6,8,3,3,1,3,15,4,8,11,13,6,0,12,18
557,1,5,5,5,6,3,5,2,5,15,5,7,9,15,8,0,9,23
558,1,5,4,6,5,2,4,1,7,11,6,4,11,11,6,0,7,21
559,0,3,1,4,3,1,1,0,3,7,2,1,4,7,2,0,3,10
560,4,18,11,17,13,8,10,5,13,43,12,18,26,39,20,1,23,63
561,2,3,3,3,5,2,3,1,7,8,0,7,9,9,4,0,5,17
562,2,3,3,3,1,0,0,2,2,6,0,6,6,3,4,1,2,12
563,4,15,9,15,13,7,9,4,32,34,7,3,25,32,19,0,7,69
564,0,0,0,0,1,0,0,1,1,0,0,1,1,0,1,0,1,1
565,0,3,0,0,0,0,0,0,0,3,0,0,3,0,0,0,1,2
566,15,25,29,37,21,6,10,14,102,48,2,5,74,48,31,4,6,151
567,5,7,5,6,5,0,6,2,2,24,4,6,18,11,7,0,7,29
568,5,9,10,9,4,0,10,4,12,26,6,7,26,14,10,1,11,40
569,3,6,9,9,8,2,1,5,22,15,3,3,21,13,8,1,8,35
570,6,11,11,12,10,1,2,5,31,18,4,5,27,19,11,1,7,51
571,5,7,9,12,6,1,3,5,37,9,0,2,23,15,9,1,2,46
572,14,26,26,35,25,9,12,13,70,63,10,17,62,60,35,3,26,134
573,7,12,16,18,10,2,6,9,37,25,6,12,39,23,16,2,18,62
574,14,23,27,34,17,4,7,14,37,58,17,28,67,43,27,3,47,93
575,9,10,13,16,8,1,3,12,29,32,7,4,35,22,14,1,12,60
576,2,1,1,1,1,0,0,1,2,0,5,0,4,2,1,0,2,5
577,7,9,9,13,8,1,3,5,15,28,5,7,25,18,11,1,11,44
578,3,4,8,8,5,1,1,4,20,13,1,0,15,12,7,0,0,34
579,1,2,5,3,3,0,2,1,8,8,0,1,9,5,3,0,2,15
580,5,11,8,8,8,0,8,4,5,28,7,12,24,16,11,1,15,37
581,5,13,0,5,9,14,4,0,8,37,4,1,23,16,10,1,6,44
582,5,14,0,2,8,15,5,0,8,22,10,9,23,16,9,1,11,38
583,6,16,0,4,11,15,5,0,17,24,4,12,27,18,11,1,16,41
584,6,9,6,7,9,2,7,2,12,22,8,6,23,15,9,1,12,36
585,11,16,13,18,13,0,17,7,20,53,16,6,45,29,19,2,23,72
586,0,6,6,8,7,6,7,4,14,22,4,4,20,14,9,1,7,37
587,1,12,12,19,20,10,12,11,30,48,11,8,45,29,21,2,18,79
588,1,10,10,14,13,6,9,8,11,43,6,11,34,22,14,1,14,57
589,0,6,6,9,8,4,5,4,1,28,5,8,20,13,8,1,12,30
590,1,8,7,10,12,5,7,5,7,29,8,11,25,16,13,1,14,41
591,0,5,5,8,8,5,4,4,7,22,2,8,20,12,7,0,11,28
592,1,8,7,10,9,5,7,5,14,27,5,6,25,15,10,2,9,43
593,4,16,5,9,17,14,7,3,18,38,9,10,34,24,15,2,15,60
594,0,2,2,5,8,2,2,2,7,11,1,4,13,6,4,0,4,19
595,3,21,24,31,33,18,19,19,49,76,15,28,80,51,33,4,33,135
596,2,14,17,18,26,18,14,10,21,49,19,30,54,36,26,3,41,78
597,5,14,15,21,25,15,13,10,23,65,11,19,52,40,23,3,22,96
598,3,24,2,4,45,72,18,23,34,101,23,33,63,82,38,8,42,149
599,20,35,10,22,60,27,12,9,29,100,23,43,54,61,76,4,50,145
600,10,15,4,9,28,14,4,3,17,44,11,15,24,27,34,2,17,70
601,0,4,8,4,5,8,6,1,9,13,8,6,10,17,8,1,8,28
602,0,1,4,2,2,2,3,1,4,5,4,2,5,6,3,1,4,11
603,0,0,0,2,0,0,0,0,2,0,0,0,2,0,0,0,0,2
604,0,2,3,0,0,2,5,0,3,0,4,5,3,6,3,0,6,6
605,0,3,15,6,7,9,10,2,17,22,9,4,17,23,10,2,8,44
606,1,1,7,5,4,6,3,0,6,13,2,6,10,12,5,0,9,18
607,13,4,4,31,15,37,13,2,19,61,13,26,39,54,22,4,30,89
608,19,6,6,46,22,48,18,3,43,64,20,41,56,75,31,6,50,118
609,7,2,2,19,8,19,9,1,15,30,4,18,23,30,12,2,23,44
610,9,3,3,24,9,28,10,2,14,40,14,20,30,39,16,3,33,55
611,0,1,12,6,6,7,7,1,4,21,10,5,12,19,8,1,8,32
612,0,18,25,13,37,60,22,17,30,111,15,36,63,85,36,8,40,152
613,2,12,2,2,24,41,10,13,26,43,16,21,35,46,21,4,26,80
614,8,3,6,3,9,5,15,7,15,24,11,6,19,22,13,2,12,44
615,4,1,1,8,7,10,5,1,5,17,10,5,12,17,7,1,7,30
616,2,1,1,7,2,6,3,0,3,10,2,7,8,10,4,0,8,14
617,6,2,2,3,3,2,1,1,4,11,1,4,9,7,4,0,2,18
618,3,2,2,1,1,0,0,1,2,6,1,1,3,6,1,0,1,9
619,3,1,3,2,4,2,0,0,5,5,3,2,6,7,2,0,2,13
620,53,30,39,42,26,23,16,14,68,76,43,56,100,87,50,6,84,159
621,40,39,27,31,29,13,6,0,86,58,19,22,77,65,38,5,33,152
622,63,58,41,46,45,21,9,0,111,99,29,44,118,100,57,8,64,219
623,3,1,4,3,5,1,0,0,3,3,4,7,7,6,4,0,8,9
624,0,2,0,0,0,0,0,0,2,0,0,0,0,2,0,0,0,2
625,3,3,2,3,2,1,0,0,2,11,0,1,5,6,2,1,3,11
626,2,0,0,0,0,0,0,0,0,0,0,2,0,0,2,0,2,0
627,2,2,4,4,4,0,0,0,5,7,0,4,7,6,2,1,4,12
628,5,5,2,4,3,2,0,0,5,4,4,8,10,7,4,0,12,9
629,17,19,11,11,15,8,2,0,36,42,3,2,39,26,16,2,3,80
630,11,28,4,5,11,13,0,0,34,34,1,3,46,11,12,3,3,69
631,71,26,25,22,33,27,8,7,65,78,31,45,73,98,40,8,53,166
632,18,9,6,6,7,7,1,1,9,13,20,13,18,24,11,2,25,30
633,0,0,0,0,0,0,0,0,0,0,0,0,0,0,0,0,0,0
634,25,9,8,7,13,9,3,2,22,26,14,14,25,34,14,3,21,55
635,38,14,12,12,15,15,4,3,37,33,19,24,39,49,21,4,37,76
636,0,2,0,0,3,0,0,0,2,0,2,1,3,1,1,0,2,3
637,32,84,10,17,30,38,0,0,82,120,8,1,134,34,34,9,1,210
638,0,0,0,0,0,0,0,0,0,0,0,0,0,0,0,0,0,0
639,27,9,8,8,15,11,2,2,23,27,9,23,26,38,15,3,33,49
640,18,6,6,7,9,9,2,1,18,21,6,13,18,27,11,2,19,39
641,14,6,5,4,6,5,1,1,11,11,11,9,15,18,8,1,18,24
642,61,24,20,20,29,25,7,8,64,58,29,43,64,86,36,8,72,122
643,3,10,1,1,5,4,0,0,10,9,2,3,16,4,3,1,5,19
644,0,0,0,0,0,0,0,0,0,0,0,0,0,0,0,0,0,0
645,78,67,71,50,15,9,0,0,107,87,35,61,184,48,46,12,83,207
646,43,44,35,5,36,12,0,3,86,50,22,20,60,78,33,7,35,143
647,35,35,29,4,28,10,0,2,64,30,14,35,48,64,26,5,40,103
648,50,51,41,7,42,14,0,3,92,81,9,26,68,92,39,9,31,177
649,43,42,35,5,33,13,0,2,80,55,18,20,58,75,34,6,39,134
650,41,37,41,27,9,4,0,0,77,70,11,1,100,26,26,7,3,156
651,47,42,43,31,9,5,0,0,55,74,17,31,115,28,27,7,42,135
652,96,85,89,62,20,11,0,0,125,124,48,66,229,61,58,15,103,260
653,53,45,47,34,11,5,0,0,74,67,24,30,124,33,30,8,49,146
654,0,0,0,0,3,0,0,0,1,1,0,1,1,1,1,0,1,2
655,0,0,0,0,0,0,0,0,0,0,0,0,0,0,0,0,0,0
656,2,3,5,7,14,3,9,1,10,21,6,7,12,18,12,2,9,35
657,2,0,0,0,0,0,0,0,2,0,0,0,2,0,0,0,2,0
658,0,0,0,1,0,0,1,0,0,1,0,1,0,0,2,0,1,1
659,7,15,25,28,66,17,35,7,65,86,21,28,59,77,57,7,38,162
660,1,2,3,3,11,2,5,1,6,7,5,10,9,10,9,0,9,19
661,0,1,1,3,8,1,7,1,4,16,1,1,7,9,6,0,3,19
662,1,2,2,2,6,2,3,1,7,10,1,1,5,8,6,0,2,17
663,1,1,1,1,6,1,2,0,3,4,2,4,4,5,4,0,4,9
664,0,1,2,2,7,1,3,0,7,4,2,3,4,7,5,0,3,13
665,0,2,3,2,6,1,3,0,6,5,6,0,4,8,5,0,4,13
666,1,6,6,6,13,3,9,1,16,12,10,7,12,17,14,2,10,35
667,0,0,1,1,4,3,4,1,4,3,4,3,6,7,1,0,3,11
668,0,1,2,0,3,1,0,1,3,3,1,1,3,3,2,0,2,6
669,21,19,13,4,51,20,16,10,29,64,28,33,46,60,43,5,39,115
670,26,40,4,21,10,11,26,2,30,55,18,37,81,31,28,0,45,95
671,5,6,5,3,17,6,5,3,28,11,6,5,15,19,15,1,10,40
672,68,22,52,32,12,14,0,0,102,85,8,5,82,72,42,4,12,188
673,19,28,17,22,19,11,10,2,17,39,30,42,55,46,25,2,68,60
674,20,29,19,25,24,11,9,2,37,54,19,29,58,50,27,4,46,93
675,36,52,32,43,41,20,17,6,98,79,23,47,103,88,50,6,76,171
676,18,25,17,22,20,11,8,2,28,55,18,22,51,45,24,3,27,96
677,22,32,20,25,24,11,9,3,43,62,19,22,61,53,29,3,35,111
678,25,36,22,28,26,13,12,4,43,69,29,25,70,59,33,4,54,112
679,1,1,1,1,0,1,0,0,3,1,1,0,2,2,1,0,1,4
680,24,9,20,12,4,6,0,0,37,23,7,8,31,28,15,1,17,58
681,5,6,4,6,5,2,2,0,9,10,4,7,12,11,6,1,8,22
682,1,0,0,1,0,0,0,0,1,1,0,0,1,0,1,0,0,2
683,2,0,1,1,2,0,0,0,2,2,2,0,3,2,1,0,1,5
684,1,1,4,1,4,1,1,1,4,6,3,1,6,5,3,0,1,13
685,6,3,4,5,3,2,2,1,8,11,2,5,10,11,5,0,6,20
686,8,4,5,5,4,3,3,1,9,9,4,11,14,12,7,0,14,19
687,87,50,64,69,42,39,28,23,126,115,84,77,168,143,81,10,162,240
688,7,3,4,5,5,2,2,1,8,9,8,4,13,11,5,0,9,20
689,5,2,4,5,3,2,1,1,4,10,6,3,10,9,4,0,5,18
690,6,3,3,3,1,2,1,1,6,6,5,3,10,6,4,0,4,16
691,3,2,2,2,0,0,0,2,0,9,2,0,5,3,3,0,2,9
692,3,2,3,3,1,1,1,0,3,6,2,3,6,5,3,0,3,11
693,9,3,7,0,9,2,14,8,12,23,10,7,20,17,13,2,12,40
694,8,18,21,18,58,24,20,12,25,98,22,34,65,59,46,9,42,137
695,6,10,10,10,31,12,11,7,28,47,10,12,35,34,24,4,20,77
696,1,1,1,1,10,4,1,1,1,12,1,6,6,8,6,0,7,13
697,11,9,14,9,13,6,7,4,18,28,13,14,25,29,17,2,22,51
69701,5,5,7,5,7,3,3,2,9,15,6,7,13,15,8,1,11,26
698,29,35,52,33,50,19,27,19,86,115,40,23,79,120,57,8,59,205
699,17,20,30,18,30,13,16,13,45,73,27,12,46,71,35,5,35,122
700,11,11,19,11,17,7,9,7,27,37,18,10,28,42,20,2,20,72
701,29,10,10,16,15,14,16,8,53,37,17,11,36,53,26,3,27,91
702,21,7,3,10,8,11,9,5,24,29,10,11,22,34,16,2,22,52
703,25,4,15,13,18,13,30,13,45,50,24,12,38,60,29,4,24,107
704,7,0,14,4,13,4,27,11,27,40,6,7,22,39,17,2,12,68
705,33,23,55,29,54,19,56,29,57,150,42,49,87,134,67,10,77,221
706,3,4,5,2,6,1,3,1,7,12,3,3,9,11,5,0,6,19
707,10,0,18,5,15,5,32,12,27,41,13,16,30,44,20,3,21,76
708,6,1,4,5,5,3,8,3,18,10,5,2,13,15,6,1,5,30
709,20,11,8,21,18,8,11,1,53,29,13,3,38,42,14,4,8,90
710,20,11,17,27,40,16,15,13,57,66,25,11,58,60,34,7,34,125
711,30,20,13,38,23,16,21,3,80,54,17,13,65,70,22,7,25,139
712,14,9,5,16,11,6,9,1,33,23,9,6,27,31,10,3,16,55
713,8,13,22,20,46,16,3,19,72,49,16,10,51,56,34,6,25,122
714,27,17,19,14,29,17,10,14,57,52,21,17,51,65,27,4,31,116
715,13,21,29,31,71,23,5,29,61,92,32,37,77,83,53,9,54,168
716,14,2,10,14,27,8,13,9,16,49,18,14,34,37,22,4,24,73
717,25,0,18,24,45,16,29,16,40,97,19,17,60,64,42,7,31,142
718,31,15,11,11,7,11,13,7,26,54,20,6,36,53,15,2,18,88
719,31,13,9,3,2,9,10,3,18,34,15,13,25,43,11,1,21,59
720,21,9,9,22,14,5,11,19,26,64,11,9,38,41,27,4,14,96
721,40,18,13,12,9,15,17,11,55,47,20,13,44,65,23,3,22,113
722,33,13,13,30,21,15,23,26,42,87,23,22,60,67,40,7,39,135
723,37,8,11,8,10,26,28,5,40,55,21,17,48,49,31,5,25,108
724,53,11,17,9,15,34,38,6,106,48,13,16,64,69,43,7,24,159
725,14,4,4,5,7,10,10,2,10,29,10,7,19,23,12,2,12,44
726,36,7,9,6,10,26,30,4,36,58,20,14,43,47,32,6,24,104
727,50,10,14,9,12,33,37,5,55,76,23,16,60,63,40,7,36,134
728,9,1,2,2,4,8,6,2,6,15,4,9,13,13,7,1,13,21
729,10,6,11,4,12,4,4,4,38,17,0,0,23,23,9,0,1,54
730,0,1,0,0,0,1,0,2,2,1,0,1,1,2,1,0,0,4
731,2,0,0,0,2,0,2,0,2,1,3,0,2,4,0,0,1,5
732,0,0,0,0,0,0,0,0,0,0,0,0,0,0,0,0,0,0
733,8,5,10,4,16,3,3,4,10,17,14,12,20,24,8,1,24,29
734,32,24,39,17,7,13,10,2,73,38,15,18,54,61,25,4,21,123
735,24,13,26,13,33,9,9,11,34,46,23,35,51,59,24,4,55,83
736,0,0,0,0,0,0,0,0,0,0,0,0,0,0,0,0,0,0
737,10,5,11,5,12,4,4,4,14,18,9,14,21,23,9,2,22,33
738,52,37,58,27,13,21,15,3,78,80,30,38,86,97,38,5,60,166
739,60,43,72,34,14,25,17,5,107,98,40,25,100,115,48,7,58,212
740,35,25,42,18,7,15,10,2,71,52,17,14,59,65,27,3,30,124
741,0,0,0,0,0,0,0,0,0,0,0,0,0,0,0,0,0,0
742,0,0,0,0,0,0,0,0,0,0,0,0,0,0,0,0,0,0
743,17,10,21,9,27,6,6,9,31,44,18,12,40,45,18,2,33,72
744,0,0,0,0,0,0,0,0,0,0,0,0,0,0,0,0,0,0
745,35,20,41,18,51,13,14,18,84,85,24,17,77,92,36,5,44,166
746,56,32,66,28,80,21,22,26,166,94,39,32,124,140,58,9,67,264
747,1,0,1,0,0,0,0,0,0,2,0,0,0,1,1,0,0,2
748,0,0,1,0,0,1,0,1,0,2,1,0,2,1,0,0,0,3
749,1,0,0,1,4,1,1,0,0,6,1,1,2,5,1,0,2,6
750,1,0,3,1,4,0,0,0,1,4,2,2,5,3,1,0,4,5
751,1,1,1,1,2,1,1,1,2,5,0,2,3,5,1,0,2,7
752,0,0,0,0,0,0,0,0,0,0,0,0,0,0,0,0,0,0
753,14,7,5,5,2,1,1,0,8,5,8,14,8,10,7,10,25,10
754,0,1,1,2,3,1,1,2,4,3,3,1,5,5,1,0,4,7
755,141,65,38,44,37,14,12,0,115,144,59,33,113,190,41,7,96,255
756,59,29,18,19,16,5,5,0,63,48,29,11,49,81,19,2,33,118
757,27,11,7,9,6,2,2,0,28,16,10,10,20,35,8,1,12,52
758,91,40,23,28,24,8,7,0,99,85,22,15,71,120,26,4,33,188
759,5,2,2,2,1,0,1,0,5,7,0,1,4,8,1,0,0,13
760,35,22,15,42,29,18,23,3,92,64,23,8,73,79,25,10,30,157
761,32,35,31,37,17,4,5,13,95,54,19,6,67,77,23,7,29,145
762,15,15,14,16,6,2,3,5,39,23,9,5,29,34,10,3,12,64
763,7,10,7,11,4,0,0,2,26,10,3,2,15,19,5,2,5,36
764,22,22,25,26,12,3,4,8,43,49,18,12,49,52,16,5,32,90
765,7,3,1,1,3,0,0,0,4,7,4,0,5,7,3,0,0,15
766,16,33,34,60,66,41,28,20,86,115,47,50,112,126,52,8,86,212
767,0,0,0,0,0,0,0,0,0,0,0,0,0,0,0,0,0,0
768,6,12,13,22,25,15,10,7,85,25,0,0,42,47,21,0,0,110
769,9,18,16,29,33,23,13,10,66,56,8,21,58,65,25,3,23,128
76902,1,1,1,2,2,1,1,0,4,3,1,1,3,4,2,0,1,8
770,5,9,8,16,22,12,8,5,24,28,14,19,31,37,15,2,28,57
771,13,27,28,51,57,36,23,16,85,94,34,38,93,108,44,6,65,186
772,7,13,13,25,28,18,12,8,37,55,20,12,47,53,21,3,30,94
773,12,11,12,13,6,1,3,4,29,17,12,4,24,27,8,3,12,50
774,20,20,23,25,10,3,4,8,72,30,8,3,44,48,16,5,13,100
775,0,0,0,0,0,0,0,0,0,0,0,0,0,0,0,0,0,0
776,0,0,0,0,0,0,0,0,0,0,0,0,0,0,0,0,0,0
777,11,13,11,13,6,2,2,3,27,28,0,6,25,26,8,2,8,53
778,0,0,0,0,0,0,0,0,0,0,0,0,0,0,0,0,0,0
779,0,0,0,0,0,0,0,0,0,0,0,0,0,0,0,0,0,0
780,23,5,5,12,11,11,14,7,46,27,10,5,27,41,18,2,16,72
781,29,7,3,15,10,16,11,5,44,34,10,8,27,44,22,3,18,78
782,32,7,4,15,12,17,13,7,51,38,7,11,31,48,24,4,19,88
783,3,3,3,3,5,2,2,2,19,3,1,0,8,12,3,0,1,22
784,23,4,24,56,61,24,25,16,57,77,51,48,87,100,40,6,78,155
785,3,0,3,8,9,3,3,2,11,11,6,3,11,14,6,0,7,24
786,4,0,6,9,14,6,4,2,13,17,9,6,18,19,7,1,13,32
787,6,1,6,16,19,6,6,5,15,33,4,13,26,27,11,1,19,46
788,3,0,3,7,8,3,3,3,4,10,13,3,11,15,4,0,6,24
789,2,5,4,9,13,7,4,4,13,24,4,7,17,23,7,1,7,41
790,3,9,8,13,15,12,7,4,15,33,11,12,26,32,12,1,24,47
791,20,5,25,52,60,23,25,14,68,72,43,41,84,97,38,5,68,156
792,13,4,11,6,1,2,0,0,23,4,4,6,11,11,5,10,8,29
793,6,0,5,12,16,5,5,3,23,20,8,1,20,22,8,2,9,43
794,1,1,1,2,1,3,1,0,3,3,4,0,4,4,2,0,0,10
795,3,3,1,0,8,2,1,1,6,7,2,4,5,8,6,0,2,17
796,6,5,2,0,21,6,4,2,14,12,11,9,12,18,15,1,14,32
797,2,3,2,0,7,1,1,0,2,5,1,8,5,6,5,0,7,9
798,2,3,7,3,10,7,3,6,8,18,4,11,14,21,6,0,8,33
799,0,0,1,0,6,3,0,1,3,5,3,0,3,4,4,0,4,7
800,0,0,2,0,5,2,0,0,5,4,0,0,2,5,2,0,2,7
801,1,0,0,0,6,0,1,0,1,6,0,1,3,3,2,0,1,7
802,3,1,2,0,8,2,1,0,1,4,6,6,5,5,7,0,8,9
803,0,1,0,0,3,0,1,2,1,1,0,5,3,2,2,0,5,2
804,47,28,56,25,69,18,19,22,92,137,26,29,106,120,51,7,46,238
805,6,7,5,1,18,7,5,2,13,24,5,9,14,22,14,1,11,40
806,4,2,1,0,8,4,2,2,5,11,2,5,6,11,6,0,6,17
807,0,0,1,0,0,0,0,0,0,1,0,0,1,0,0,0,0,1
808,0,0,1,1,2,1,3,2,2,4,1,3,5,4,1,0,3,7
809,0,2,0,0,4,2,0,0,2,4,0,2,3,3,2,0,3,5
810,3,1,1,0,2,0,0,0,1,5,0,1,3,1,3,0,1,6
811,4,3,2,0,9,4,3,1,4,15,1,6,8,10,7,1,4,22
812,6,5,4,1,15,7,4,2,12,22,3,7,13,15,15,1,12,32
813,2,1,2,1,5,2,2,2,5,6,5,1,6,9,2,0,3,14
814,11,7,14,0,24,34,26,18,40,59,19,16,49,61,22,2,28,106
815,5,7,12,5,21,12,8,13,17,36,10,20,30,39,13,1,22,61
816,0,0,0,0,0,0,1,2,0,3,0,0,0,1,2,0,0,3
817,1,0,2,0,3,4,4,2,4,7,0,5,5,8,3,0,3,13
818,1,1,1,0,4,2,1,1,2,5,3,1,4,6,1,0,2,9
819,2,1,3,0,4,8,7,6,8,11,5,7,13,13,5,0,8,23
820,5,3,5,0,11,13,11,6,16,26,0,12,19,27,8,0,9,45
821,4,2,3,6,2,1,3,4,3,12,5,5,8,10,6,1,6,19
822,4,1,1,3,2,1,4,4,3,13,3,1,9,7,4,0,2,18
823,4,3,1,7,4,1,2,4,3,13,5,5,8,12,5,1,6,20
824,0,0,0,0,0,0,0,0,0,0,0,0,0,0,0,0,0,0
825,0,0,0,0,0,0,0,0,0,0,0,0,0,0,0,0,0,0
826,16,0,0,4,13,9,3,0,4,13,13,15,12,13,15,5,18,27
827,21,26,11,43,42,13,5,0,19,43,34,65,42,48,55,16,83,78
828,29,61,70,8,91,10,0,15,56,75,46,107,61,117,83,23,143,141
829,8,12,34,11,46,13,7,0,8,37,26,60,28,54,38,11,79,52
830,14,17,52,15,70,20,9,0,37,53,34,73,43,81,57,16,87,110
831,7,15,22,18,37,12,4,0,13,41,23,38,27,39,38,11,46,69
832,8,11,36,11,45,14,6,0,14,32,26,59,29,52,39,11,72,59
833,3,2,3,2,6,5,1,1,3,11,4,5,6,7,8,2,6,17
834,4,6,4,4,7,8,2,2,7,9,8,13,11,11,12,3,19,18
835,12,8,10,8,14,18,4,6,6,33,14,27,21,24,27,8,35,45
836,0,0,0,0,0,0,0,0,0,0,0,0,0,0,0,0,0,0
837,0,0,0,0,0,0,0,0,0,0,0,0,0,0,0,0,0,0
838,0,0,0,0,0,0,0,0,0,0,0,0,0,0,0,0,0,0
839,0,0,0,0,0,0,0,0,0,0,0,0,0,0,0,0,0,0
840,4,4,2,5,13,7,23,2,12,37,4,7,12,24,19,5,7,53
841,6,0,0,6,6,6,13,13,0,24,13,13,13,18,19,0,19,31
842,68,61,59,49,73,58,42,46,137,258,33,28,265,102,87,2,40,416
843,7,8,11,5,28,23,5,5,18,27,16,31,24,29,37,2,42,50
844,1,1,0,0,0,0,0,0,0,1,1,0,0,0,2,0,0,2
845,1,1,1,1,4,1,0,0,3,4,1,1,3,3,3,0,2,7
846,0,0,0,0,0,0,0,0,0,0,0,0,0,0,0,0,0,0
847,0,0,0,0,0,0,0,0,0,0,0,0,0,0,0,0,0,0
848,44,64,39,52,51,25,20,7,94,79,48,81,126,106,62,8,117,185
849,0,6,7,9,12,7,4,4,10,24,6,9,26,14,9,0,14,35
850,2,0,0,0,0,0,1,0,0,2,1,0,2,1,0,0,1,2
851,0,0,0,0,0,0,0,0,0,0,0,0,0,0,0,0,0,0
852,28,29,23,23,21,9,4,0,43,46,15,33,56,47,31,3,41,96
853,3,4,4,3,3,1,1,1,7,8,3,2,10,6,4,0,4,16
854,0,0,3,3,6,1,0,0,4,7,1,1,1,7,4,1,1,12
855,1,0,0,0,0,0,1,0,0,1,0,1,0,1,1,0,1,1
856,0,0,1,2,0,2,2,0,1,2,2,2,2,3,2,0,2,5
857,0,1,1,1,1,1,0,0,1,3,0,1,1,3,1,0,1,4
858,0,0,1,1,0,1,0,0,2,0,0,1,1,1,1,0,1,2
859,0,0,1,1,0,1,0,0,2,0,0,1,1,1,1,0,1,2
860,0,0,0,0,0,0,0,0,0,0,0,0,0,0,0,0,0,0
861,0,0,0,0,1,0,0,1,0,1,0,1,0,0,2,0,1,1
862,0,2,0,0,0,0,1,0,0,2,0,1,2,0,1,0,1,2
863,2,4,3,2,6,4,1,2,4,7,7,6,8,9,7,0,8,16
864,0,0,4,0,0,0,0,0,0,4,0,0,0,0,4,0,0,4
865,0,0,1,1,0,1,1,1,0,1,1,3,1,3,1,0,2,3
866,0,0,0,0,0,0,1,1,1,0,0,1,1,0,1,0,1,1
867,0,0,0,2,2,1,5,0,2,5,2,1,2,5,3,0,2,8
868,0,2,0,2,0,0,0,0,0,4,0,0,0,4,0,0,2,2
869,0,0,3,0,3,1,1,1,1,6,1,1,3,3,2,1,1,8
870,0,5,1,2,5,4,3,2,4,12,3,3,12,6,4,0,2,20
871,0,3,0,0,2,0,0,0,0,5,0,0,5,0,0,0,0,5
872,64,29,48,40,39,22,10,8,56,73,48,83,83,113,61,3,121,139
873,2,0,2,6,3,8,9,9,5,8,8,18,9,15,12,3,18,21
874,3,0,3,7,5,9,12,10,7,20,12,10,12,17,16,4,15,34
875,0,6,7,0,11,4,5,1,9,17,3,5,9,12,10,3,8,26
876,0,19,20,0,31,12,12,4,19,45,15,19,24,36,29,9,25,73
877,0,6,6,0,11,4,6,0,0,29,0,4,7,13,11,2,6,27
878,0,0,0,0,0,0,0,0,0,0,0,0,0,0,0,0,0,0
879,0,0,0,0,0,0,1,0,0,1,0,0,1,0,0,0,0,1
880,2,14,2,5,2,9,3,3,9,16,3,12,12,14,12,2,12,28
881,0,0,10,2,3,2,5,0,5,10,5,2,7,10,5,0,5,17
882,0,0,0,0,0,0,0,0,0,0,0,0,0,0,0,0,0,0
883,0,0,0,0,0,0,0,0,0,0,0,0,0,0,0,0,0,0
884,5,2,3,2,0,2,0,0,5,5,2,2,6,6,2,0,2,12
885,1,0,0,0,1,0,0,0,2,0,0,0,0,2,0,0,0,2
886,0,4,0,0,0,0,0,0,4,0,0,0,4,0,0,0,0,4
887,1,2,1,2,2,1,0,0,1,5,2,1,2,3,3,1,2,7
888,5,12,7,18,24,9,2,0,13,35,12,17,19,24,27,7,23,54
889,0,0,0,0,0,0,0,0,0,0,0,0,0,0,0,0,0,0
890,0,0,0,1,0,2,2,0,0,3,0,2,2,1,2,0,2,3
891,0,0,0,0,0,0,0,0,0,0,0,0,0,0,0,0,0,0
892,0,0,0,0,0,0,0,0,0,0,0,0,0,0,0,0,0,0
893,2,8,5,6,5,3,3,2,6,15,2,11,9,16,9,0,9,25
894,0,0,0,0,1,0,0,0,0,1,0,0,0,1,0,0,0,1
895,49,28,56,64,177,56,20,21,78,162,93,138,149,162,147,13,195,276
896,0,0,0,0,1,0,0,0,0,1,0,0,0,1,0,0,0,1
897,2,0,0,0,0,0,0,0,0,1,0,1,1,1,0,0,1,1
898,0,0,0,0,0,0,0,0,0,0,0,0,0,0,0,0,0,0
899,0,0,7,7,5,7,0,0,7,5,7,7,13,6,7,0,6,20
900,0,8,8,8,10,4,4,4,21,13,4,8,13,20,13,0,8,38
901,34,7,9,7,9,22,27,3,24,62,22,10,43,42,28,5,27,91
902,29,9,13,26,25,11,20,19,48,76,16,12,52,58,36,6,20,132
903,0,0,0,0,0,0,0,0,0,0,0,0,0,0,0,0,0,0
904,3,0,0,0,0,0,0,0,0,0,1,2,0,1,2,0,1,2
905,0,0,0,0,1,0,0,0,0,1,0,0,0,1,0,0,0,1
906,3,0,0,3,1,5,3,0,3,6,3,3,5,7,3,0,5,10
907,0,0,0,0,0,0,0,0,0,0,0,0,0,0,0,0,0,0
908,0,0,0,0,0,0,0,0,0,0,0,0,0,0,0,0,0,0
909,0,0,0,0,0,0,0,0,0,0,0,0,0,0,0,0,0,0
910,0,0,12,0,27,15,34,5,15,29,10,39,24,35,29,5,46,47
911,0,0,11,0,20,13,26,4,7,17,15,35,20,26,24,4,46,28
912,0,2,13,2,32,19,47,4,15,42,17,45,32,41,40,6,59,60
913,15,12,18,33,66,30,33,3,28,73,42,67,56,75,65,14,99,111
914,5,5,3,14,23,6,3,0,5,20,15,19,15,23,18,3,31,28
915,3,3,3,7,7,7,3,0,3,10,3,17,10,10,10,3,16,17
916,13,10,7,31,41,16,6,0,17,40,15,52,33,45,38,8,69,55
917,31,23,16,66,90,34,14,0,30,81,52,111,72,96,87,19,142,132
918,15,11,8,33,47,17,7,0,12,44,30,52,38,48,43,9,78,60
919,5,4,3,17,19,7,2,0,13,15,15,14,15,21,18,3,19,38
920,9,7,5,19,23,9,5,0,27,18,17,15,20,27,25,5,27,50
921,0,0,0,0,0,1,0,0,0,1,0,0,0,1,0,0,0,1
922,18,23,23,37,37,18,14,9,28,82,32,37,46,64,55,14,50,129
923,16,20,21,32,32,21,13,8,18,82,28,35,43,58,52,10,46,117
924,26,0,0,7,20,13,0,0,7,26,0,33,13,26,20,7,26,40
925,13,4,0,8,18,5,4,0,8,9,11,24,12,19,17,4,27,25
926,18,55,0,64,101,0,11,9,56,83,44,75,55,106,76,21,92,166
927,9,19,21,2,27,3,0,4,16,14,18,37,19,35,24,7,49,36
928,12,15,6,22,22,6,3,0,13,25,15,33,22,27,28,9,44,42
929,10,20,24,2,36,3,0,4,14,26,22,37,21,42,29,7,48,51
930,29,35,14,57,52,19,7,0,56,43,42,72,56,66,70,21,108,105
931,0,0,0,0,0,0,0,0,0,0,0,0,0,0,0,0,0,0
932,6,15,9,22,31,10,3,0,14,32,15,35,23,31,32,10,39,57
933,7,4,7,7,6,13,3,3,6,18,4,22,13,15,18,4,25,25
934,0,0,0,0,0,0,0,0,0,0,0,0,0,0,0,0,0,0
935,7,15,20,2,24,2,0,3,13,22,11,27,17,29,22,5,34,39
936,13,17,53,16,76,19,9,0,47,69,32,55,44,85,58,16,82,121
937,10,13,41,13,57,13,6,0,30,37,30,56,33,63,45,12,79,74
938,14,10,13,11,13,23,5,7,12,24,22,38,24,29,33,10,51,45
939,0,0,0,0,0,0,0,0,0,0,0,0,0,0,0,0,0,0
940,0,0,0,0,0,0,0,0,0,0,0,0,0,0,0,0,0,0
941,0,0,0,0,0,0,0,0,0,0,0,0,0,0,0,0,0,0
942,3,0,8,2,5,3,2,0,2,10,5,6,8,9,6,0,8,15
943,10,10,13,12,33,18,6,4,9,35,16,46,33,36,34,3,54,52
944,18,20,26,23,56,36,11,9,25,68,37,69,61,67,63,8,95,104
945,0,2,1,2,2,1,0,0,2,5,0,1,2,4,2,0,2,6
946,3,0,0,0,0,0,0,0,3,0,0,0,3,0,0,0,0,3
947,2,5,4,9,10,2,1,1,4,13,11,6,8,13,11,2,8,26
948,20,19,26,23,61,35,11,8,38,70,34,61,63,70,63,7,80,123
949,3,1,1,1,6,1,1,0,6,2,3,3,4,4,6,0,6,8
950,1,0,0,0,0,0,0,0,1,0,0,0,1,0,0,0,0,1
951,2,2,3,3,2,1,1,1,4,5,5,1,5,6,3,1,3,12
1200,1,2,9,1,20,15,27,4,14,37,10,18,20,28,25,6,17,62
1201,0,0,3,0,4,2,5,1,6,6,1,2,4,5,5,1,3,12
1202,0,3,0,3,9,0,3,0,5,10,0,3,5,10,3,0,2,16
1203,1,6,3,5,12,2,3,0,3,15,2,12,9,13,9,1,10,22
1204,1,8,3,5,12,2,4,0,9,18,2,6,11,14,9,1,8,27
1205,1,3,1,4,10,1,3,0,5,11,3,4,5,10,8,0,5,18
1206,0,0,1,1,4,3,4,3,2,3,2,9,4,7,5,0,10,6
1207,0,0,0,0,0,1,1,0,1,1,0,0,1,1,0,0,1,1
1208,0,0,0,0,0,0,1,0,0,1,0,0,1,0,0,0,0,1
1209,1,13,1,6,2,10,5,3,10,22,2,7,14,13,13,1,7,34
1210,0,11,1,4,4,5,4,1,5,16,4,5,8,12,10,0,8,22
1211,1,1,4,7,11,11,20,12,1,56,3,7,21,27,18,1,7,60
1212,2,0,6,6,17,11,28,15,11,45,9,20,25,35,22,3,22,63
1213,0,0,0,1,1,0,4,1,0,2,4,1,4,2,1,0,1,6
1214,0,0,1,1,4,3,6,4,4,9,5,1,5,8,5,1,3,16
1215,0,0,1,3,3,3,7,3,3,4,5,8,7,8,5,0,9,11
1216,0,3,1,6,9,1,3,0,5,4,6,8,6,10,7,0,9,14
1217,0,0,0,0,0,0,1,2,2,0,1,0,2,1,0,0,1,2
1218,1,0,2,2,6,5,11,5,4,19,1,8,9,13,9,1,9,23
1219,0,0,0,0,0,0,0,1,0,0,0,1,1,0,0,0,0,1
1220,0,0,5,0,9,6,13,2,8,14,5,8,10,11,11,3,10,25
1221,0,0,3,0,6,3,9,1,3,12,4,3,6,8,6,2,5,17
1222,2,1,1,2,6,3,6,0,3,12,3,3,7,7,6,1,5,16
1223,1,0,2,2,4,3,6,1,3,9,4,3,5,8,5,1,6,13
1224,0,0,1,1,2,1,3,0,2,2,1,3,2,4,2,0,4,4
1225,0,0,0,0,5,2,7,0,4,6,0,4,5,5,4,0,3,11
1226,0,0,1,0,3,4,7,0,1,7,3,4,4,7,4,0,4,11
1227,0,0,2,2,4,3,5,0,3,9,1,3,4,6,5,1,5,11
1228,0,0,0,0,3,1,1,0,0,0,0,5,3,1,1,0,2,3
1229,4,4,3,3,0,4,1,0,5,7,3,4,10,6,3,0,5,14
1230,0,0,3,0,3,3,6,0,0,8,5,2,4,4,6,1,3,12
1231,1,1,1,1,1,3,0,0,1,2,0,5,3,3,2,0,1,7
1232,9,7,5,5,0,8,5,2,6,18,4,13,20,14,7,0,12,29
1233,5,2,2,4,1,4,2,0,2,10,4,4,8,8,4,0,5,15
1234,0,0,0,0,2,0,1,0,0,1,1,1,1,1,1,0,1,2
1235,0,0,2,0,2,3,5,0,0,9,3,0,3,4,5,0,2,10
1236,0,1,2,0,4,2,5,1,1,5,3,6,4,5,4,2,4,11
1237,1,1,1,1,0,0,0,0,0,1,2,1,1,3,0,0,1,3
1238,0,0,2,0,7,4,7,0,4,8,5,3,5,7,7,1,4,16
1239,0,0,1,0,6,1,4,0,1,7,0,4,2,5,5,0,4,8
1240,0,0,0,0,0,0,8,5,5,8,0,0,5,8,0,0,5,8
1241,0,0,0,0,1,0,2,0,0,2,0,1,2,0,1,0,0,3
1242,1,4,2,5,10,1,4,0,7,7,6,7,8,11,7,1,9,18
1243,0,2,2,2,5,0,3,0,2,8,2,2,5,4,5,0,3,11
1244,0,3,1,3,6,0,1,0,3,7,0,4,4,6,4,0,4,10
1245,0,0,1,1,4,0,0,0,2,2,0,2,1,4,1,0,2,4
1246,0,6,0,2,3,0,0,0,3,6,0,2,3,6,2,0,3,8
1247,0,0,0,0,0,0,0,0,0,0,0,0,0,0,0,0,0,0
1248,0,0,0,0,5,0,0,0,0,0,0,5,5,0,0,0,5,0
1249,0,1,2,1,3,0,0,1,2,2,0,4,2,4,2,0,2,6
1250,0,0,0,0,2,1,4,4,0,8,2,1,4,5,2,0,1,10
1251,3,7,8,4,4,7,3,0,10,12,10,4,13,13,9,1,8,28
1252,8,37,31,20,14,40,16,3,49,86,17,17,60,64,40,5,27,142
1253,1,5,3,2,1,3,1,0,4,8,2,2,6,7,3,0,3,13
1254,0,0,3,0,1,0,0,1,1,1,3,0,2,1,2,0,2,3
1255,1,5,3,1,8,1,5,3,7,13,3,4,9,10,7,1,7,20
1256,1,5,5,4,2,5,3,0,5,13,5,2,9,8,8,0,5,20
1257,2,6,4,3,6,5,4,1,6,16,4,5,11,12,7,1,7,24
1258,0,0,2,2,0,0,0,0,2,2,0,0,2,2,0,0,0,4
1259,0,5,2,2,1,3,2,0,3,7,3,2,5,7,3,0,3,12
1260,0,0,0,0,0,0,0,0,0,0,0,0,0,0,0,0,0,0
1261,0,0,0,0,0,0,0,0,0,0,0,0,0,0,0,0,0,0
1262,0,0,0,0,0,0,0,0,0,0,0,0,0,0,0,0,0,0
1263,0,1,0,0,0,0,0,0,1,0,0,0,0,1,0,0,0,1
1264,1,3,0,1,6,6,2,0,4,11,3,1,8,7,4,0,3,16
1265,1,2,2,5,8,4,2,1,5,11,4,5,11,8,6,0,5,20
1266,10,5,10,0,9,5,16,9,13,29,13,9,25,21,16,2,14,50
1267,2,4,1,5,3,1,0,0,1,12,1,2,4,7,5,0,2,14
1268,0,0,0,0,1,0,0,1,1,1,0,0,1,1,0,0,1,1
1269,5,6,6,2,14,5,1,0,9,13,10,7,15,14,9,1,13,26
1270,0,4,2,1,1,4,1,0,3,6,2,2,4,7,2,0,2,11
1271,0,0,2,2,0,0,2,0,4,2,0,0,2,2,2,0,0,6
1272,2,5,5,0,2,0,2,0,2,10,2,2,7,7,2,0,2,14
1273,1,4,1,2,2,4,1,1,5,8,1,2,9,4,3,0,4,12
1274,0,0,0,0,0,0,0,0,0,0,0,0,0,0,0,0,0,0
1276,16,8,8,3,14,6,2,0,17,26,7,7,22,22,12,1,9,48
1277,9,3,4,1,5,3,0,0,7,12,3,3,9,8,8,0,3,22
1278,0,0,1,0,2,0,1,0,0,4,0,0,3,1,0,0,0,4
1279,0,0,1,0,0,0,1,0,1,0,1,0,1,0,1,0,0,2
1280,0,0,0,0,0,0,0,0,0,0,0,0,0,0,0,0,0,0
1281,2,1,0,5,6,3,1,0,6,9,2,1,7,8,3,0,3,15
1282,5,2,2,3,9,4,1,0,4,19,2,1,10,11,5,0,4,22
1283,0,0,0,0,0,0,0,0,0,0,0,0,0,0,0,0,0,0
1284,2,1,0,0,0,1,0,0,1,1,0,2,2,1,0,1,1,3
1285,1,0,0,0,0,0,0,0,0,1,0,0,0,1,0,0,0,1
1286,11,8,6,10,23,12,5,2,11,55,5,6,30,29,17,1,8,69
1287,0,0,0,0,1,0,0,0,0,1,0,0,1,0,0,0,0,1
1288,3,3,1,9,15,10,3,1,9,27,4,5,16,17,11,1,9,36
1289,1,1,1,1,0,1,0,0,1,2,1,1,2,2,1,0,1,4
1290,11,17,9,33,82,39,17,17,46,107,31,41,82,85,51,7,53,172
1291,7,13,9,9,47,18,13,19,55,51,12,17,54,49,30,2,22,113
1292,12,11,5,30,58,31,9,5,37,73,26,25,59,61,37,4,42,119
1293,17,18,15,20,49,33,15,16,40,70,32,41,75,66,39,3,48,135
1294,0,0,0,0,0,0,0,0,0,0,0,0,0,0,0,0,0,0
1295,0,0,0,0,0,2,1,0,1,0,0,2,1,2,0,0,1,2
1296,1,2,4,2,12,4,2,3,6,12,2,10,11,15,4,0,10,20
1297,7,6,6,9,27,2,13,8,23,37,10,8,29,37,12,0,15,63
1298,3,1,1,3,6,1,2,2,5,7,5,2,7,9,3,0,4,15
1299,0,0,0,0,0,0,0,0,0,0,0,0,0,0,0,0,0,0
1300,1,8,6,0,6,1,5,3,8,13,4,5,12,11,6,1,7,23
1301,1,10,8,0,7,2,9,3,7,18,7,8,18,13,8,1,10,30
1302,34,51,45,34,51,17,30,21,59,134,42,48,119,95,55,14,59,224
1303,74,29,56,101,62,23,11,10,77,180,55,54,154,121,70,21,72,294
1304,24,26,23,38,32,4,5,4,31,83,25,17,65,52,31,8,22,134
1305,52,56,53,81,70,11,14,11,66,169,50,63,146,117,67,18,79,269
1306,19,56,36,26,51,9,25,17,39,112,47,41,103,80,45,11,63,176
1307,5,16,11,4,18,8,11,7,21,39,10,10,34,25,17,4,16,64
1308,0,0,0,0,0,0,0,0,0,0,0,0,0,0,0,0,0,0
1309,15,8,5,5,11,10,5,1,5,40,5,10,28,19,11,2,15,45
1310,19,11,8,13,25,18,9,4,21,50,17,19,45,37,20,5,23,84
1311,7,2,0,0,2,0,0,0,4,5,2,0,6,3,2,0,2,9
1312,0,0,0,0,1,0,0,0,0,1,0,0,1,0,0,0,0,1
1313,4,1,1,0,3,1,1,0,3,3,2,3,4,5,2,0,2,9
1314,1,1,0,0,2,0,0,0,0,4,0,0,1,3,0,0,1,3
1315,9,4,2,2,3,3,2,0,7,12,5,1,10,8,6,1,3,22
1316,0,2,0,0,0,0,0,0,0,0,0,2,2,0,0,0,0,2
1317,2,5,3,6,12,3,2,0,6,19,2,6,10,14,8,1,7,26
1318,2,6,2,4,8,5,1,0,7,18,1,2,10,11,6,1,4,24
1319,0,1,1,0,2,0,1,0,0,4,0,1,1,3,1,0,2,3
1320,4,7,4,7,9,4,2,0,5,25,2,5,10,17,9,1,7,30
1321,0,0,2,1,0,3,0,0,2,2,2,0,2,4,0,0,0,6
1322,5,12,7,12,15,5,4,1,16,25,8,12,19,24,16,2,19,42
1323,3,11,4,8,10,6,3,0,7,31,1,6,13,20,11,1,8,37
1324,8,12,11,16,25,14,20,9,18,59,15,23,32,49,30,4,29,86
1325,5,13,6,11,16,6,5,0,16,25,9,12,17,27,16,2,13,49
1326,6,16,15,20,46,19,40,15,28,82,34,33,50,72,48,7,52,125
1327,0,3,3,1,2,1,1,0,0,10,0,1,4,4,3,0,3,8
1328,2,10,4,12,23,4,6,0,10,29,14,8,16,23,20,2,18,43
1329,9,40,16,31,66,16,24,1,40,103,27,33,63,81,52,7,44,159
1330,8,29,7,18,40,16,21,0,24,63,25,27,52,54,30,3,37,102
1331,22,53,3,13,46,40,43,0,29,119,22,50,96,82,38,4,50,170
1332,7,14,1,3,12,11,11,0,10,28,8,13,26,22,10,1,12,47
1333,2,2,2,5,0,0,0,0,6,1,2,2,5,4,2,0,3,8
1334,5,10,8,15,12,3,3,1,13,32,8,4,22,21,12,2,9,48
1335,5,18,3,8,20,10,12,0,16,32,13,15,30,28,16,2,18,58
1336,2,6,1,1,7,5,6,0,5,14,2,7,13,10,5,0,6,22
1337,6,15,0,2,11,13,10,0,11,28,13,5,24,22,10,1,10,47
1338,6,5,4,5,0,5,3,2,5,11,9,5,14,11,5,0,8,22
1339,6,3,4,7,0,4,2,1,8,15,3,1,13,9,5,0,5,22
1340,28,26,20,29,22,14,13,3,58,74,12,11,67,56,28,4,14,141
1341,5,2,2,3,2,6,2,0,2,8,6,6,10,9,3,0,6,16
1342,3,9,4,15,8,1,3,1,8,19,7,10,17,17,9,1,8,36
1343,0,0,0,0,0,1,0,0,0,0,1,0,0,1,0,0,0,1
1344,1,1,1,8,1,0,0,0,1,8,2,1,4,7,1,0,2,10
1345,60,41,43,49,19,39,21,9,76,124,41,40,122,104,49,6,55,226
1346,81,58,67,85,49,29,16,9,103,179,52,60,173,145,68,8,85,309
134609,201,144,167,210,122,72,41,21,255,446,128,149,428,361,168,21,210,768
1347,29,20,22,23,5,25,15,6,37,67,24,17,64,54,24,3,27,118
1348,0,0,0,1,0,0,0,0,0,1,0,0,1,0,0,0,0,1
1349,2,2,1,2,0,1,1,0,2,4,2,1,3,4,2,0,2,7
1350,14,7,7,3,9,5,2,0,14,21,6,6,19,19,9,0,10,37
1351,2,6,3,3,21,8,5,8,17,25,6,8,24,20,11,1,13,43
1352,10,14,1,6,19,20,6,1,10,37,14,16,34,26,16,1,17,60
1353,8,16,1,5,17,18,7,0,14,36,7,15,34,22,15,1,18,54
1354,3,10,6,4,9,8,6,2,12,21,6,9,18,19,10,1,11,37
1355,3,7,5,8,10,8,4,6,10,25,6,10,23,17,10,1,10,41
1356,12,14,8,12,17,10,6,1,16,44,9,11,25,32,20,3,15,65
2000,42,14,26,32,41,9,15,14,54,102,19,18,83,55,48,7,32,161
2001,0,0,0,1,0,0,0,0,1,0,0,0,1,0,0,0,0,1
2002,12,22,24,31,37,14,18,18,40,64,25,47,74,55,41,6,60,116
200201,2,3,3,4,6,2,3,2,6,9,3,7,10,8,6,1,9,16
2003,2,6,6,7,11,2,3,6,7,21,6,9,17,15,10,1,15,28
2004,3,2,2,2,5,0,0,2,0,14,0,2,9,5,2,0,3,13
2005,0,0,0,0,0,0,0,0,0,0,0,0,0,0,0,0,0,0
2006,9,12,15,9,11,7,4,1,21,25,8,14,32,24,12,0,23,45
2007,54,70,86,58,67,47,17,12,152,135,65,59,194,141,74,2,117,294
2008,33,38,49,31,38,25,9,7,50,87,38,55,110,78,41,1,80,150
2009,48,17,14,12,8,7,1,4,35,46,8,22,49,33,25,4,31,80
2010,43,14,11,8,6,6,0,3,31,33,13,14,39,28,21,3,24,67
2011,12,15,19,13,13,11,3,3,19,35,13,22,42,31,16,0,29,60
2012,2,1,1,0,2,0,0,0,0,4,0,2,1,1,4,0,2,4
2013,13,18,23,14,17,11,4,2,30,33,15,24,48,35,19,0,33,69
2014,155,52,44,34,21,22,0,10,207,91,19,21,148,102,77,11,40,298
2015,17,9,24,18,12,15,12,3,23,48,15,24,49,34,24,3,30,80
2016,9,5,12,10,6,9,6,1,14,24,8,12,25,18,14,1,14,44
2017,10,7,16,16,20,17,9,7,13,55,20,14,45,28,26,3,30,72
2018,2,1,5,3,5,5,3,2,6,13,1,6,12,7,7,0,7,19
2019,18,8,22,20,9,16,12,3,38,41,17,12,48,33,24,3,21,87
2020,11,7,15,11,6,10,8,2,19,24,10,17,30,21,17,2,21,49
2021,13,6,16,13,11,13,9,2,22,22,20,19,37,25,19,2,27,56
2022,11,6,15,13,7,10,7,2,13,27,16,15,32,21,16,2,25,46
2023,40,14,12,8,5,4,0,2,24,20,17,24,38,25,20,2,42,43
2024,118,38,32,26,14,15,0,7,64,79,65,42,110,76,57,7,126,124
2025,35,15,14,27,25,12,4,4,34,56,21,25,60,39,31,6,35,101
2026,23,12,29,25,14,20,15,5,51,57,12,23,63,43,32,5,26,117
2027,29,12,11,21,21,9,3,2,37,34,15,22,47,33,25,3,30,78
2028,10,5,4,8,9,3,1,0,15,14,4,7,18,11,10,1,9,31
2029,21,8,6,15,11,4,2,0,27,19,6,15,31,19,15,2,15,52
2030,22,13,31,30,27,26,18,10,36,89,19,33,78,49,44,6,43,134
2031,18,9,14,18,23,13,5,5,21,53,18,13,47,29,26,3,25,80
2032,9,6,14,14,21,14,7,7,20,43,14,15,41,24,24,3,17,75
2033,3,2,6,6,7,5,2,3,5,16,6,7,15,9,9,1,9,25
2034,43,26,36,56,79,36,17,8,82,86,71,62,130,93,68,10,107,194
2035,1,1,2,3,2,2,1,0,5,3,1,3,5,5,2,0,4,8
2036,52,21,19,38,31,14,6,2,40,51,33,59,82,54,41,6,100,83
2037,15,6,7,13,13,6,2,1,7,28,9,19,28,18,15,2,20,43
2038,29,12,19,32,51,20,13,4,37,77,19,47,78,56,40,6,64,116
2039,10,16,17,24,23,14,3,2,18,48,18,25,47,35,22,5,39,70
2040,17,4,9,15,25,9,6,2,17,27,18,25,39,26,20,2,31,56
2041,17,12,27,23,37,25,12,12,30,61,28,46,73,44,43,5,64,101
2042,7,6,8,6,8,2,2,4,11,15,8,9,22,14,6,1,17,26
2043,3,3,3,3,4,2,0,1,3,8,3,5,11,6,2,0,11,8
2044,0,0,0,0,0,0,0,0,0,0,0,0,0,0,0,0,0,0
2045,3,0,2,0,1,0,0,0,1,4,0,1,4,2,0,0,2,4
2046,59,52,69,39,66,22,16,33,169,91,66,30,192,111,45,8,94,262
2047,19,17,28,14,24,7,5,10,28,54,17,25,67,39,15,3,36,88
2048,0,0,0,0,0,0,0,0,0,0,0,0,0,0,0,0,0,0
2049,15,19,9,6,10,5,0,0,33,17,10,4,23,18,23,0,17,47
2050,0,0,0,0,0,0,0,0,0,0,0,0,0,0,0,0,0,0
2051,27,15,12,21,17,8,3,1,29,47,11,17,46,30,25,3,29,75
2052,3,16,12,5,11,2,3,0,18,16,6,12,25,18,9,0,14,38
2053,3,11,8,3,9,0,1,0,18,13,4,0,17,12,6,0,4,31
2054,27,13,10,20,18,8,4,1,27,30,20,24,44,30,24,3,38,63
2055,5,29,22,13,24,4,6,0,39,28,17,19,48,36,19,0,33,70
2056,13,61,48,24,50,8,14,0,91,51,39,37,102,75,40,1,77,141
2057,1,4,6,8,9,5,0,1,8,8,6,12,15,11,7,1,16,18
2058,1,4,3,1,2,0,1,0,3,6,2,1,5,5,2,0,3,9
2059,50,44,30,31,60,44,10,4,141,83,19,30,117,89,56,11,43,230
2060,7,9,12,7,9,7,3,1,25,16,7,7,26,18,10,1,10,45
2061,43,51,27,23,20,11,0,0,68,48,30,29,63,52,58,2,60,115
2062,23,30,15,12,12,7,0,0,41,27,9,22,35,30,33,1,33,66
2063,2,4,1,1,1,1,0,0,6,4,0,0,4,3,3,0,1,9
2064,0,0,0,0,0,0,0,0,0,0,0,0,0,0,0,0,0,0
2065,0,0,0,0,0,0,0,0,0,0,0,0,0,0,0,0,0,0
2066,0,0,0,0,0,0,0,0,0,0,0,0,0,0,0,0,0,0
2067,1,1,0,0,1,1,0,0,2,1,0,1,2,1,1,0,1,3
2068,13,4,9,4,3,0,0,0,8,11,6,8,12,11,10,0,13,20
2069,0,0,0,0,0,0,0,0,0,0,0,0,0,0,0,0,0,0
2070,0,0,0,0,0,0,0,0,0,0,0,0,0,0,0,0,0,0
2071,4,4,5,2,8,1,2,2,11,9,4,4,15,8,5,0,9,19
2072,55,14,19,7,20,5,2,3,86,21,6,12,67,38,17,3,18,107
2073,143,37,48,20,48,14,4,9,170,73,34,46,174,100,42,7,83,240
2074,4,8,11,2,2,0,5,2,18,8,4,4,18,11,4,1,7,27
2075,8,16,20,2,5,0,7,3,27,19,7,8,32,19,9,1,16,45
2076,0,0,0,0,0,0,0,0,0,0,0,0,0,0,0,0,0,0
2077,2,0,0,0,0,0,0,0,2,0,0,0,2,0,0,0,0,2
2078,1,1,0,1,1,0,0,0,1,3,0,0,1,3,0,0,0,4
2079,0,1,0,0,0,0,0,0,1,0,0,0,1,0,0,0,0,1
2080,44,42,26,20,28,16,16,6,109,43,26,20,94,68,35,1,47,151
2081,43,15,25,17,6,1,2,0,41,31,17,20,38,32,37,2,35,74
2082,9,3,5,4,0,0,1,0,12,1,6,3,8,7,7,0,8,14
2083,26,8,15,10,3,1,1,0,19,17,11,17,23,19,21,1,25,39
2084,25,10,15,9,4,2,1,0,18,21,5,22,23,21,21,1,24,42
2085,16,6,12,6,3,0,0,0,10,17,8,8,15,14,13,1,17,26
2086,64,42,23,39,42,0,0,0,86,69,27,28,61,81,60,8,64,146
2087,2,4,2,2,0,1,2,0,1,5,3,4,5,4,3,1,5,8
2088,2,6,5,2,3,0,0,0,5,7,6,0,8,4,6,0,1,17
2089,21,14,7,13,13,0,0,0,18,23,12,15,19,26,20,3,24,44
2090,0,0,0,0,1,0,0,0,1,0,0,0,0,0,1,0,0,1
2091,0,0,0,0,0,0,0,0,0,0,0,0,0,0,0,0,0,0
2092,0,0,0,0,0,0,0,0,0,0,0,0,0,0,0,0,0,0
2093,0,0,0,1,1,0,0,0,0,2,0,0,2,0,0,0,1,1
2094,12,10,20,20,26,21,10,10,30,69,10,20,56,35,34,4,24,105
2095,3,3,6,6,7,8,3,3,8,17,8,6,18,10,10,1,11,28
2096,3,5,3,5,11,5,4,2,8,16,5,9,16,11,10,1,14,24
2097,4,2,2,4,6,3,2,1,2,13,4,5,11,7,5,1,7,17
209701,10,4,6,13,19,7,5,2,8,34,12,12,30,19,15,2,20,46
2098,6,8,7,10,12,10,7,3,13,32,7,11,29,17,15,2,12,51
2099,17,38,43,53,59,32,5,6,55,109,39,50,109,82,51,11,73,180
209901,1,3,3,5,5,3,0,0,4,9,3,4,9,7,4,0,6,14
2100,33,29,38,21,37,13,10,17,51,87,28,32,108,60,26,4,49,149
2101,38,8,12,5,12,3,1,2,18,37,11,15,45,24,11,1,19,62
2102,34,9,13,4,14,3,1,2,35,22,13,10,45,24,10,1,24,56
2103,0,2,2,0,0,0,0,0,0,1,0,3,2,2,0,0,3,1
2104,9,10,11,6,10,3,3,6,14,25,8,11,30,18,9,1,14,44
2105,16,12,8,16,9,3,0,0,11,25,7,21,36,19,8,1,22,42
2106,26,19,12,25,17,6,0,0,27,45,12,21,57,31,15,2,33,72
2107,36,10,13,5,12,3,1,2,19,30,13,20,45,24,11,2,28,54
2108,30,7,12,5,11,2,0,2,17,28,9,15,39,21,8,1,24,45
2109,20,16,11,21,13,5,0,0,45,18,8,15,46,27,11,2,19,67
2110,23,17,12,23,14,6,0,0,26,30,19,20,51,30,13,1,35,60
2111,3,5,9,3,1,0,3,1,7,2,3,13,14,8,3,0,11,14
2112,1,1,1,1,0,0,0,0,1,1,1,1,2,1,1,0,1,3
2113,1,0,1,1,0,0,1,0,1,3,0,0,1,2,1,0,0,4
2114,0,0,0,0,0,0,0,0,0,0,0,0,0,0,0,0,0,0
2115,2,1,6,6,6,3,3,0,23,4,0,0,10,13,4,0,0,27
2116,0,0,0,0,0,0,0,0,0,0,0,0,0,0,0,0,0,0
2117,14,5,26,29,32,19,15,1,58,41,23,19,41,55,40,5,41,100
2118,0,0,0,0,0,1,0,0,0,1,0,0,0,1,0,0,0,1
2119,0,0,4,3,2,1,1,0,1,4,1,5,3,5,3,0,4,7
2120,1,0,7,4,7,3,2,0,7,10,5,2,6,10,6,2,5,19
2121,13,2,5,6,14,15,3,7,22,22,9,12,18,26,19,2,19,46
2122,28,4,12,18,34,35,8,16,70,74,9,2,44,61,44,6,4,151
2123,3,1,6,7,8,4,3,0,7,17,3,5,8,14,9,1,8,24
2124,10,1,5,6,14,11,2,5,9,22,7,16,16,20,16,2,22,32
2125,4,10,12,1,2,0,5,2,7,13,6,10,20,12,4,0,13,23
2126,4,12,12,1,2,0,5,2,9,11,5,13,23,11,4,0,16,22
2127,7,15,20,3,4,0,8,4,19,19,8,15,32,20,8,1,23,38
2128,1,2,2,1,0,0,0,0,3,2,1,0,2,4,0,0,0,6
2129,5,3,13,13,13,7,8,0,30,23,6,3,19,23,17,3,7,55
2130,0,1,1,0,0,0,0,0,2,0,0,0,1,1,0,0,0,2
2131,1,5,7,2,6,2,3,0,6,9,4,7,7,10,8,1,8,18
2132,0,1,1,0,0,0,0,0,1,0,0,1,1,0,0,1,0,2
2133,1,9,7,4,5,2,3,0,10,13,1,7,9,11,10,1,9,22
2134,3,8,10,1,1,0,3,1,15,5,5,2,16,8,3,0,7,20
2135,2,10,15,6,7,6,6,0,19,13,8,12,15,20,15,2,19,33
2136,6,32,37,16,23,14,17,0,32,50,23,40,41,58,41,5,58,87
2137,1,9,11,4,8,4,4,0,8,18,4,11,13,16,11,1,13,28
2138,3,18,22,11,16,9,10,0,27,39,12,11,25,35,26,3,23,66
2139,8,1,4,6,10,12,2,4,6,21,6,14,13,20,13,1,18,29
2140,10,4,24,26,27,16,15,1,26,49,18,30,35,49,35,4,39,84
2141,31,5,13,19,37,37,8,19,23,77,31,38,48,66,49,6,56,113
2142,3,1,1,2,5,5,1,3,4,8,3,6,8,8,5,0,7,14
2143,11,2,6,7,13,14,3,7,19,23,8,13,19,25,17,2,17,46
2144,47,10,21,27,56,53,15,27,60,99,30,67,75,99,72,10,92,164
2145,11,13,12,9,6,2,6,3,13,30,9,10,17,25,18,2,17,45
2146,24,10,13,14,25,25,8,13,24,60,15,33,38,53,36,5,48,84
2147,48,60,54,40,22,13,30,14,68,106,56,51,84,108,78,11,99,182
2148,25,33,31,23,39,14,9,5,48,59,28,44,63,53,60,3,74,105
2149,17,21,19,14,22,9,6,3,24,32,19,36,40,33,37,1,48,63
2150,19,25,22,15,8,5,12,6,22,49,19,22,27,37,42,6,31,81
2151,0,0,0,0,1,0,0,0,0,1,0,0,0,1,0,0,0,1
2152,11,16,15,12,18,7,4,2,12,38,20,15,30,24,30,1,28,57
2153,45,44,27,22,30,18,17,6,61,61,32,55,99,71,37,2,76,133
2154,46,42,27,22,29,17,17,6,41,76,36,53,98,70,37,1,70,136
2155,41,39,23,20,26,17,16,7,47,81,20,41,89,65,34,1,59,130
2156,34,43,39,31,46,19,12,7,60,74,48,49,82,68,78,3,77,154
2157,43,59,53,39,63,24,15,10,78,85,66,77,110,91,101,4,127,179
2158,96,92,55,46,61,37,36,14,250,176,7,4,207,149,79,2,10,427
2159,23,27,23,18,32,11,7,4,39,81,11,14,50,45,48,2,21,124
2160,31,29,17,26,46,22,11,5,29,57,38,63,89,56,37,5,89,98
2161,29,25,17,19,34,24,5,2,46,68,15,26,66,51,32,6,33,122
2162,90,41,62,86,77,47,49,0,118,160,89,85,192,149,93,18,159,293
2163,19,61,74,89,104,60,5,10,144,126,68,84,178,141,86,17,143,279
2164,35,33,22,23,41,31,7,3,30,85,37,43,82,65,40,8,65,130
2165,12,12,9,9,15,11,2,1,16,30,10,15,31,24,14,2,20,51
2166,121,54,83,118,106,66,68,0,148,194,110,164,262,203,127,24,251,365
2167,85,71,31,107,70,15,37,14,100,148,63,119,182,141,90,17,182,248
2168,18,10,9,20,15,6,8,1,20,40,13,14,37,30,17,3,26,61
2169,36,30,13,46,32,7,16,7,75,72,22,18,79,62,39,7,25,162
2170,17,16,8,23,15,5,7,2,36,42,5,10,40,30,20,3,14,79
2171,12,10,6,18,18,4,8,3,35,24,9,11,34,26,15,4,13,66
217103,21,16,10,32,31,6,15,5,60,42,16,18,58,44,27,7,23,113
2172,7,9,10,13,14,6,9,9,13,34,12,18,32,24,19,2,21,56
2200,9,15,8,3,18,5,11,6,16,34,10,15,26,28,17,4,19,56
2201,50,102,72,108,142,82,40,9,164,241,103,97,177,248,157,23,153,452
2202,13,10,17,5,29,9,4,2,19,39,18,13,30,34,22,3,22,67
2203,60,67,46,102,70,114,30,1,169,212,53,56,205,165,95,25,89,401
2204,23,12,12,6,17,11,4,0,23,41,11,10,35,31,18,1,13,72
2205,23,12,11,11,30,16,5,1,23,59,13,14,43,41,23,2,21,88
2206,5,4,4,7,12,9,3,3,17,17,6,7,20,15,10,2,10,37
220602,2,1,1,2,6,3,1,1,7,6,2,2,7,6,3,1,4,13
2207,7,3,3,2,5,2,2,0,5,13,3,3,10,9,4,1,6,18
2208,8,6,4,3,2,2,2,0,4,17,2,4,12,8,6,1,4,23
2209,18,17,25,10,43,14,7,3,45,65,10,17,47,54,32,4,15,122
2210,176,99,70,72,142,102,66,19,337,215,87,107,314,248,145,39,167,579
2211,18,8,7,4,10,7,3,0,20,28,4,5,23,21,12,1,7,50
2212,16,8,10,3,10,7,2,0,15,26,7,8,25,19,11,1,11,45
2213,27,16,13,12,23,16,6,0,32,55,9,17,46,39,24,4,23,90
2214,72,26,47,58,81,15,30,27,100,179,40,37,153,103,89,11,50,306
2215,10,19,20,26,30,12,15,14,34,70,17,25,62,47,33,4,35,111
2216,10,6,10,10,3,8,7,1,11,27,6,11,25,16,12,2,13,42
2217,11,2,6,8,13,1,3,3,10,20,7,10,20,12,14,1,14,33
2218,18,4,8,10,16,2,5,4,10,38,10,9,30,18,17,2,14,53
2219,17,4,8,9,16,1,4,4,6,41,9,7,28,17,16,2,13,50
2220,5,12,27,41,31,24,7,6,33,58,29,33,66,42,40,5,43,110
2221,12,8,20,19,30,20,11,10,31,58,16,25,58,34,33,5,33,97
2222,3,9,21,29,23,19,6,6,19,58,17,22,52,30,30,4,30,86
2223,8,12,8,15,24,17,13,6,17,45,18,23,46,28,26,3,38,65
2224,2,6,4,7,9,11,5,2,6,19,12,9,19,12,14,1,14,32
2225,15,24,17,29,45,34,24,12,37,95,18,50,88,52,53,7,56,144
2226,38,24,11,31,16,9,11,4,25,65,29,25,62,44,27,11,35,109
2227,24,14,8,22,11,6,7,2,22,28,20,24,41,29,18,6,31,63
2228,9,15,10,18,31,21,16,7,22,62,14,29,56,33,34,4,33,94
2229,7,5,10,11,5,4,4,0,10,19,7,10,22,15,8,1,13,33
2230,11,8,15,15,8,6,7,1,19,32,9,11,32,25,13,1,13,58
2231,23,18,26,24,17,12,12,2,34,49,23,28,63,44,24,3,35,99
2232,9,6,13,12,9,5,5,0,18,26,9,6,27,21,10,1,11,48
2233,2,1,4,3,2,1,3,0,2,9,2,3,7,6,3,0,2,14
2234,7,11,12,26,18,11,8,6,25,40,16,18,45,35,17,2,23,76
2235,6,13,8,30,18,11,7,7,15,62,6,17,46,34,18,2,24,76
2236,4,7,3,3,5,1,1,0,10,8,4,2,12,8,4,0,3,21
2237,1,0,0,0,0,0,0,0,0,1,0,0,1,0,0,0,0,1
2238,11,9,6,9,19,9,4,2,14,35,7,13,33,21,13,2,16,53
2239,2,1,1,2,2,2,0,0,1,5,1,3,5,4,1,0,2,8
2240,4,5,2,3,8,3,1,1,6,13,3,5,12,9,5,1,6,21
2241,7,6,4,5,11,6,2,1,7,19,7,9,21,12,8,1,11,31
2242,11,6,8,10,9,4,5,5,2,35,12,9,26,18,11,3,17,41
2243,20,14,22,18,14,10,11,12,53,57,7,4,52,38,23,8,5,116
2244,16,15,6,23,14,3,7,3,23,31,15,18,39,28,17,3,22,65
2245,6,5,8,8,7,3,5,5,13,20,6,8,21,15,8,3,7,40
2246,13,10,5,18,14,3,6,2,17,27,13,14,30,22,14,5,21,50
2247,15,11,17,17,13,7,10,10,28,40,14,18,44,31,18,7,20,80
2248,14,9,4,11,8,3,4,2,12,24,8,11,23,17,10,5,13,42
2249,17,12,5,18,12,3,6,3,17,36,9,14,32,25,15,4,15,61
2250,33,19,9,24,12,6,9,3,22,51,16,26,50,36,20,9,27,88
2251,19,11,18,41,57,14,27,9,43,86,34,33,85,60,36,15,45,151
2252,11,7,10,22,33,9,14,5,19,48,13,31,48,35,19,9,31,80
2253,2,18,11,0,12,5,11,6,20,29,10,6,28,23,12,2,12,53
2254,6,25,16,10,17,19,12,5,33,51,12,14,39,43,25,3,21,89
2255,6,46,7,20,9,30,15,12,41,56,19,29,45,49,46,5,35,110
2256,7,4,6,1,11,4,1,1,8,15,4,8,13,13,8,1,7,28
2257,7,5,8,2,12,4,3,1,14,20,3,5,15,16,10,1,7,35
2258,12,9,13,4,23,8,4,1,24,37,3,10,26,27,18,3,12,62
2259,8,5,7,2,9,5,2,0,9,20,5,4,15,14,9,0,5,33
2260,35,17,18,8,23,16,5,0,36,55,19,12,49,45,27,1,26,96
2261,33,17,16,10,21,16,6,0,33,54,16,16,49,42,26,2,25,94
2262,0,0,0,1,0,0,0,1,0,2,0,0,2,0,0,0,0,2
2263,0,10,26,37,27,22,5,4,24,53,25,29,57,35,35,4,41,90
2264,3,3,2,3,7,6,3,1,6,9,4,9,15,6,7,0,8,20
2265,16,9,7,13,13,19,7,4,19,38,13,18,38,25,19,6,22,66
2266,6,4,1,4,1,0,5,0,6,9,1,5,8,7,5,1,3,18
2267,8,6,9,7,7,4,6,5,8,28,2,14,24,15,9,4,15,37
2268,33,28,17,23,48,23,11,5,95,79,9,5,89,58,36,5,25,163
2269,9,4,9,7,11,7,2,1,10,28,6,6,24,15,10,1,6,44
2270,11,17,9,9,10,8,1,1,17,28,10,11,31,22,12,1,19,47
2271,10,6,10,8,12,8,3,2,20,19,10,10,25,20,12,2,18,41
2272,7,7,4,11,9,6,2,3,11,20,10,8,22,16,10,1,10,39
2300,3,5,6,8,9,4,4,4,9,20,6,8,18,15,9,1,11,32
2301,9,2,6,6,10,1,3,2,9,22,4,4,17,11,10,1,7,32
2302,2,0,1,2,3,0,0,0,4,4,0,0,3,3,2,0,1,7
2303,15,6,9,10,16,4,6,4,14,34,7,15,31,19,17,3,17,53
2304,9,15,10,12,18,12,3,1,18,36,16,10,33,32,15,0,18,62
2305,4,2,6,8,6,5,3,1,6,16,7,6,17,9,8,1,10,25
2306,8,4,12,17,17,8,4,3,11,33,15,14,33,20,18,2,22,51
2307,20,7,14,17,24,7,7,5,23,47,11,20,45,29,25,2,21,80
2308,10,15,9,12,20,13,4,2,22,45,9,9,35,33,17,0,10,75
2309,8,15,15,20,27,8,13,11,20,64,16,17,51,37,26,3,27,90
2310,0,0,0,0,0,0,0,0,0,0,0,0,0,0,0,0,0,0
2311,0,2,1,3,4,0,0,0,1,5,1,3,4,3,3,0,3,7
2312,0,0,0,0,0,0,0,0,0,0,0,0,0,0,0,0,0,0
2313,3,6,6,10,10,3,5,5,4,22,8,14,20,15,12,1,14,34
2314,0,2,2,1,4,0,1,0,4,2,4,0,6,2,2,0,1,9
2315,1,1,2,5,3,1,5,0,7,9,1,1,8,5,5,0,1,17
2316,0,0,1,1,0,0,0,1,1,1,1,0,3,0,0,0,0,3
2317,9,12,13,21,12,4,14,3,26,41,10,11,39,28,19,2,16,72
2318,7,12,13,19,13,6,15,5,22,52,8,8,40,28,20,2,10,80
2319,22,30,32,51,28,14,36,8,44,125,23,29,94,70,50,7,34,187
2320,18,25,29,45,25,12,31,7,44,98,23,27,82,61,44,5,33,159
2321,3,5,6,8,3,2,5,1,9,18,3,3,13,11,8,1,5,28
2322,11,14,17,27,14,7,19,4,23,65,13,12,47,36,27,3,18,95
2323,5,1,2,5,3,0,2,0,2,12,2,2,8,5,5,0,5,13
2324,0,2,5,9,7,6,1,1,6,15,5,5,13,7,10,1,7,24
2325,3,7,10,17,15,13,2,2,10,31,13,15,30,20,17,2,20,49
2326,10,18,9,14,19,14,3,2,23,50,8,8,36,34,19,0,10,79
2327,1,3,1,2,3,5,2,2,7,8,2,2,9,4,6,0,3,16
2328,10,15,9,13,19,12,3,1,15,45,10,12,35,31,16,0,16,66
2329,17,18,7,18,23,14,5,3,24,49,15,17,49,27,26,3,22,83
2330,5,1,4,3,4,4,1,1,5,11,3,4,11,7,5,0,3,20
2331,14,11,15,13,14,11,5,2,15,34,21,15,33,29,20,3,26,59
2332,10,6,11,12,7,5,5,0,10,29,7,10,26,18,11,1,15,41
2333,12,6,8,8,5,6,4,0,10,23,6,10,22,15,12,0,14,35
2334,12,9,18,15,8,7,8,2,22,41,7,9,36,27,14,2,10,69
2335,26,14,6,19,30,16,2,6,29,57,13,20,55,41,21,2,29,90
2336,9,4,2,7,9,5,1,2,6,20,5,8,18,13,7,1,9,30
2337,22,12,5,16,26,15,3,4,18,57,11,17,48,35,18,2,17,86
2338,31,17,9,21,35,19,3,6,24,74,22,21,65,48,25,3,23,118
2339,16,8,5,14,19,11,3,3,15,34,9,21,36,28,13,2,20,59
2340,2,0,3,9,2,2,3,0,9,7,0,5,12,7,2,0,3,18
2341,21,12,6,15,22,14,2,4,12,49,14,21,44,33,17,2,26,70
2342,3,1,5,6,4,5,6,0,10,16,1,3,13,11,5,1,4,26
2343,3,9,5,22,14,8,4,4,13,37,8,11,31,24,13,1,12,57
2344,3,12,6,26,16,10,5,5,14,53,6,10,38,29,15,1,14,69
2345,25,36,13,42,16,11,1,1,32,80,16,17,66,50,26,3,21,124
2346,9,14,4,13,5,3,0,0,10,27,5,6,23,16,8,1,6,42
2347,4,2,0,0,3,2,0,0,4,5,0,2,7,2,2,0,2,9
2348,8,13,7,6,8,6,1,0,10,26,5,8,24,14,10,1,9,40
2349,25,23,22,19,27,21,4,3,29,76,16,23,69,43,28,4,26,118
2350,2,1,3,3,3,3,0,0,4,6,2,3,8,4,3,0,2,13
2351,7,3,9,6,6,9,2,1,7,23,6,7,21,13,8,1,8,35
2352,14,5,13,11,14,13,3,1,16,32,10,16,35,23,14,2,17,57
2353,11,4,11,9,11,13,2,1,11,35,8,8,29,20,12,1,11,51
2354,5,3,1,3,3,0,1,0,4,7,0,5,8,5,3,0,4,12
2355,23,11,7,15,14,22,5,4,22,50,18,11,43,32,19,7,17,84
2356,10,5,3,9,5,1,2,1,10,17,2,7,17,11,6,2,8,28
2357,9,5,10,21,27,7,13,4,28,39,18,11,42,30,17,7,21,75
2358,38,18,13,26,23,35,9,7,34,84,21,30,74,51,31,13,35,134
2359,8,4,5,6,6,7,2,1,9,18,8,4,18,12,7,2,6,33
2360,6,3,3,7,4,3,4,2,11,13,5,3,14,9,8,1,5,27
2361,10,4,3,6,7,9,2,1,13,20,4,5,19,12,7,4,8,34
2362,6,3,3,8,5,2,4,0,10,11,4,6,13,9,9,0,7,24
2363,13,6,6,11,7,11,4,2,13,30,8,9,28,17,11,4,14,46
2364,4,3,3,4,4,5,1,0,4,14,5,1,12,7,4,1,4,20
2365,22,19,11,17,34,14,8,3,22,75,11,20,61,40,24,3,21,107
2366,20,22,12,15,26,13,4,2,25,58,13,18,54,35,22,3,22,92
2367,16,26,13,13,17,12,1,1,17,60,7,15,46,30,20,3,17,82
2368,24,38,14,48,20,14,3,3,41,76,22,25,74,57,30,3,41,123
2369,10,13,4,15,7,5,0,0,14,22,10,8,25,18,10,1,14,40
2370,19,32,14,14,22,14,2,2,26,56,16,21,57,36,23,3,25,94
2371,10,15,9,8,10,7,1,1,10,33,8,10,29,18,12,2,12,49
2372,15,14,9,11,22,10,5,2,16,49,12,11,42,26,17,3,13,75
2373,8,7,4,6,13,5,3,1,8,27,6,6,23,14,9,1,9,38
2374,8,8,4,6,16,8,3,1,10,32,5,7,25,18,10,1,8,46
2375,17,12,8,11,23,10,7,2,14,55,11,10,43,28,17,2,12,78
2376,7,6,3,6,11,5,2,1,16,16,5,4,19,13,8,1,6,35
2377,13,12,7,9,22,10,6,1,13,44,7,16,37,26,15,2,17,63
2378,6,7,3,4,11,4,3,2,10,17,4,9,18,12,9,1,10,30
2379,21,52,51,0,43,25,0,0,45,103,24,20,85,55,49,3,30,162
2380,7,14,15,2,13,7,1,0,12,29,9,9,25,18,15,1,16,43
2381,9,24,20,0,19,10,0,0,15,48,7,12,37,23,21,1,14,68
2382,2,2,1,3,2,1,1,1,2,7,2,2,7,4,2,0,4,9
2383,10,6,5,10,7,2,5,1,7,27,6,6,21,14,11,0,11,35
2384,59,31,37,72,40,23,34,7,54,169,38,42,133,87,77,6,58,245
2385,27,13,17,33,19,10,16,3,25,67,22,24,60,40,35,3,33,105
2386,26,22,6,19,25,13,2,1,34,48,18,14,57,30,25,2,20,94
2387,40,35,9,29,44,19,2,2,41,87,23,29,92,46,39,3,32,148
2388,4,1,4,2,1,1,1,0,3,6,2,3,6,5,3,0,1,13
2389,7,4,14,18,9,9,12,1,23,34,7,10,31,29,11,3,13,61
2390,3,3,0,1,2,1,0,0,3,4,0,3,3,6,1,0,4,6
2391,11,18,17,24,28,11,15,14,20,59,27,32,58,44,32,4,38,100
2392,4,10,7,24,19,9,6,6,10,58,10,7,40,29,15,1,13,72
2393,4,8,6,20,14,7,6,5,9,30,15,16,31,26,12,1,21,49
